key,slug,printed_name,components,component_keys,shares_component_with
"COMBO:{K1:071P4J77HF,K1:GN5P7K3T8S}",clofezone,CLOFEZONE,Clofexamide + Phenylbutazone,K1:071P4J77HF;K1:GN5P7K3T8S,"COMBO:{K1:GN5P7K3T8S,K1:S2F83W92TK}"
"COMBO:{K1:0HU2UI27HF,K1:TE7660XO1C}",glycine-propionyl-l-carnitine,Glycine Propionyl-L-Carnitine,Propionyl-L-Carnitine + Glycine,K1:0HU2UI27HF;K1:TE7660XO1C,"COMBO:{K1:0I55128JYK,K1:TE7660XO1C};COMBO:{K1:2679MF687A,K1:TE7660XO1C};COMBO:{K1:K848JZ4886,K1:TE7660XO1C}"
"COMBO:{K1:0I55128JYK,K1:TE7660XO1C}",theophylline-sodium-glycinate,THEOPHYLLINE SODIUM GLYCINATE,Theophylline Anhydrous + Glycine,K1:0I55128JYK;K1:TE7660XO1C,"COMBO:{K1:0HU2UI27HF,K1:TE7660XO1C};COMBO:{K1:2679MF687A,K1:TE7660XO1C};COMBO:{K1:K848JZ4886,K1:TE7660XO1C}"
"COMBO:{K1:16CHD79MIX,K1:6HG8UB2MUY}",iothalamate-meglumine,IOTHALAMATE MEGLUMINE,Iotalamic acid + Meglumine,K1:16CHD79MIX;K1:6HG8UB2MUY,"COMBO:{K1:4RII332O0R,K1:6HG8UB2MUY};COMBO:{K1:5UVC90J1LK,K1:6HG8UB2MUY};COMBO:{K1:6315412YVF,K1:6HG8UB2MUY};COMBO:{K1:6HG8UB2MUY,K1:6L8OF9XRDC};COMBO:{K1:6HG8UB2MUY,K1:8FG9H9D31J};COMBO:{K1:6HG8UB2MUY,K1:CM1N99QR1M};COMBO:{K1:6HG8UB2MUY,K1:NS1Y283HW4};COMBO:{K1:6HG8UB2MUY,K1:QE1Q24M65Y};COMBO:{K1:6HG8UB2MUY,K1:S125DW66N8};COMBO:{K1:6HG8UB2MUY,K1:TKQ858A3VW};COMBO:{K1:6HG8UB2MUY,K1:X015V3LF01};COMBO:{K1:6HG8UB2MUY,K1:Z40X7EI2AF}"
"COMBO:{K1:17ERJ0MKGI,K1:80M03YXJ7I}",sacubitril,Sacubitril / Valsartan,Sacubitril + Valsartan,K1:17ERJ0MKGI;K1:80M03YXJ7I,"COMBO:{K1:1J444QC288,K1:80M03YXJ7I}"
"COMBO:{K1:1EQV5MLY3D,K1:8ID597Z82X}",taurine-alpha-ketoglutarate,Taurine Alpha-Ketoglutarate,Taurine + Alpha Ketoglutarate,K1:1EQV5MLY3D;K1:8ID597Z82X,"COMBO:{K1:3THM379K8A,K1:8ID597Z82X};COMBO:{K1:4QD397987E,K1:8ID597Z82X};COMBO:{K1:8ID597Z82X,K1:E524N2IXA3};COMBO:{K1:8ID597Z82X,K1:KV2JZ1BI6Z};COMBO:{K1:8ID597Z82X,K1:MU72812GK0}"
"COMBO:{K1:1J444QC288,K1:80M03YXJ7I}",amlodipine-valsartan,Amlodipine / Valsartan,Amlodipine + Valsartan,K1:1J444QC288;K1:80M03YXJ7I,"COMBO:{K1:17ERJ0MKGI,K1:80M03YXJ7I}"
"COMBO:{K1:1RTM4PAL0V,K1:9G34HU7RV0}",piperazine-edetate-calcium,PIPERAZINE EDETATE CALCIUM,Piperazine + Edetic Acid,K1:1RTM4PAL0V;K1:9G34HU7RV0,"COMBO:{K1:1RTM4PAL0V,K1:M494UE2YEP};COMBO:{K1:1RTM4PAL0V,K1:QTL48N278K}"
"COMBO:{K1:1RTM4PAL0V,K1:M494UE2YEP}",acefylline-piperazine,ACEFYLLINE PIPERAZINE,Piperazine + ACEFYLLINE,K1:1RTM4PAL0V;K1:M494UE2YEP,"COMBO:{K1:1RTM4PAL0V,K1:9G34HU7RV0};COMBO:{K1:1RTM4PAL0V,K1:QTL48N278K};COMBO:{K1:200168S0CL,K1:M494UE2YEP};COMBO:{K1:8GTS82S83M,K1:M494UE2YEP}"
"COMBO:{K1:1RTM4PAL0V,K1:QTL48N278K}",estropipate-2,ESTROPIPATE,Piperazine + Estrone Sulfate,K1:1RTM4PAL0V;K1:QTL48N278K,"COMBO:{K1:1RTM4PAL0V,K1:9G34HU7RV0};COMBO:{K1:1RTM4PAL0V,K1:M494UE2YEP}"
"COMBO:{K1:1ULL0QJ8UC,K1:8I7IO46IVQ}",dapagliflozin-saxagliptin,"Dapagliflozin, Saxagliptin",Dapagliflozin + Saxagliptin Anhydrous,K1:1ULL0QJ8UC;K1:8I7IO46IVQ,"COMBO:{K1:1ULL0QJ8UC,K1:9100L32L2N}"
"COMBO:{K1:1ULL0QJ8UC,K1:9100L32L2N}",dapagliflozin-metformin,"Dapagliflozin, Metformin",Dapagliflozin + Metformin,K1:1ULL0QJ8UC;K1:9100L32L2N,"COMBO:{K1:1ULL0QJ8UC,K1:8I7IO46IVQ};COMBO:{K1:3X29ZEJ4R2,K1:9100L32L2N};COMBO:{K1:9100L32L2N,K1:HDC1R2M35U};COMBO:{K1:9100L32L2N,K1:JHC049LO86};COMBO:{K1:9100L32L2N,K1:QFP0P1DV7Z}"
"COMBO:{K1:200168S0CL,K1:M494UE2YEP}",ambroxol-acefyllinate,AMBROXOL ACEFYLLINATE,Ambroxol + ACEFYLLINE,K1:200168S0CL;K1:M494UE2YEP,"COMBO:{K1:1RTM4PAL0V,K1:M494UE2YEP};COMBO:{K1:8GTS82S83M,K1:M494UE2YEP}"
"COMBO:{K1:25X51I8RD4,K1:PQ6CK8PD0R}",niacinamide-ascorbate,Niacinamide Ascorbate,Nicotinamide + Ascorbic acid,K1:25X51I8RD4;K1:PQ6CK8PD0R,"COMBO:{K1:7A314HQM0I,K1:PQ6CK8PD0R}"
"COMBO:{K1:2679MF687A,K1:TE7660XO1C}",chromium-dinicotinate-glycinate,Chromium Dinicotinate Glycinate,Nicotinic acid + Glycine,K1:2679MF687A;K1:TE7660XO1C,"COMBO:{K1:0HU2UI27HF,K1:TE7660XO1C};COMBO:{K1:0I55128JYK,K1:TE7660XO1C};COMBO:{K1:2679MF687A,K1:TN1B5910V2};COMBO:{K1:K848JZ4886,K1:TE7660XO1C}"
"COMBO:{K1:2679MF687A,K1:TN1B5910V2}",xanthinol-niacinate,XANTHINOL NIACINATE,Nicotinic acid + XANTHINOL,K1:2679MF687A;K1:TN1B5910V2,"COMBO:{K1:2679MF687A,K1:TE7660XO1C}"
"COMBO:{K1:2T8Q726O95,K1:DKO1W9H7M1,K1:WR2TIP26VS}",abacavir-dolutegravir-lamivudine,"Abacavir, Dolutegravir, Lamivudine",Lamivudine + Dolutegravir + Abacavir,K1:2T8Q726O95;K1:DKO1W9H7M1;K1:WR2TIP26VS,"COMBO:{K1:2T8Q726O95,K1:DKO1W9H7M1};COMBO:{K1:DKO1W9H7M1,K1:EL9943AG5J,K2:XQSPYNMVSIKCOC-UHFFFAOYSA-N}"
"COMBO:{K1:2T8Q726O95,K1:DKO1W9H7M1}",dolutegravir-and-lamivudine,Dolutegravir and Lamivudine,Lamivudine + Dolutegravir,K1:2T8Q726O95;K1:DKO1W9H7M1,"COMBO:{K1:2T8Q726O95,K1:DKO1W9H7M1,K1:WR2TIP26VS};COMBO:{K1:DKO1W9H7M1,K1:EL9943AG5J,K2:XQSPYNMVSIKCOC-UHFFFAOYSA-N}"
"COMBO:{K1:3QN8BYN5QF,K1:DIQ16UC154}",fingolimod-lauryl,FINGOLIMOD LAURYL SULFATE,Fingolimod + Lauryl Sulfate,K1:3QN8BYN5QF;K1:DIQ16UC154,"COMBO:{K1:DIQ16UC154,K1:F41401512X};COMBO:{K1:DIQ16UC154,K1:HB75CIT999};COMBO:{K1:DIQ16UC154,K1:X78UG0A0RN}"
"COMBO:{K1:3SCV180C9W,K1:418M5916WG}",chloral-betaine,CHLORAL BETAINE,Betaine + CHLORAL HYDRATE,K1:3SCV180C9W;K1:418M5916WG,"COMBO:{K1:418M5916WG,K1:T3CHA1B51H}"
"COMBO:{K1:3THM379K8A,K1:8ID597Z82X}",pyridoxal-alpha-ketoglutarate,Pyridoxal Alpha-Ketoglutarate,Pyridoxal + Alpha Ketoglutarate,K1:3THM379K8A;K1:8ID597Z82X,"COMBO:{K1:1EQV5MLY3D,K1:8ID597Z82X};COMBO:{K1:4QD397987E,K1:8ID597Z82X};COMBO:{K1:8ID597Z82X,K1:E524N2IXA3};COMBO:{K1:8ID597Z82X,K1:KV2JZ1BI6Z};COMBO:{K1:8ID597Z82X,K1:MU72812GK0}"
"COMBO:{K1:3X29ZEJ4R2,K1:9100L32L2N}",linagliptin-and-metformin,Linagliptin and Metformin,Linagliptin + Metformin,K1:3X29ZEJ4R2;K1:9100L32L2N,"COMBO:{K1:1ULL0QJ8UC,K1:9100L32L2N};COMBO:{K1:9100L32L2N,K1:HDC1R2M35U};COMBO:{K1:9100L32L2N,K1:JHC049LO86};COMBO:{K1:9100L32L2N,K1:QFP0P1DV7Z}"
"COMBO:{K1:418M5916WG,K1:T3CHA1B51H}",dichloralphenazone,DICHLORALPHENAZONE,CHLORAL HYDRATE + Phenazone,K1:418M5916WG;K1:T3CHA1B51H,"COMBO:{K1:3SCV180C9W,K1:418M5916WG}"
"COMBO:{K1:4G9EDB6V73,K1:C3ZUM5A33F}",amxt-1501-dicaprate,AMXT-1501 DICAPRATE,Capric Acid + AMXT-1501,K1:4G9EDB6V73;K1:C3ZUM5A33F,"COMBO:{K1:4G9EDB6V73,K1:R7EZ772VG2}"
"COMBO:{K1:4G9EDB6V73,K1:R7EZ772VG2}",enlicitide-decanoate,ENLICITIDE DECANOATE,Capric Acid + Enlicitide,K1:4G9EDB6V73;K1:R7EZ772VG2,"COMBO:{K1:4G9EDB6V73,K1:C3ZUM5A33F}"
"COMBO:{K1:4QD397987E,K1:8ID597Z82X}",histidine-alpha-ketoglutarate,Histidine Alpha-Ketoglutarate,Histidine + Alpha Ketoglutarate,K1:4QD397987E;K1:8ID597Z82X,"COMBO:{K1:1EQV5MLY3D,K1:8ID597Z82X};COMBO:{K1:3THM379K8A,K1:8ID597Z82X};COMBO:{K1:8ID597Z82X,K1:E524N2IXA3};COMBO:{K1:8ID597Z82X,K1:KV2JZ1BI6Z};COMBO:{K1:8ID597Z82X,K1:MU72812GK0}"
"COMBO:{K1:4RII332O0R,K1:6HG8UB2MUY}",iodamide-meglumine,IODAMIDE MEGLUMINE,Iodamide + Meglumine,K1:4RII332O0R;K1:6HG8UB2MUY,"COMBO:{K1:16CHD79MIX,K1:6HG8UB2MUY};COMBO:{K1:5UVC90J1LK,K1:6HG8UB2MUY};COMBO:{K1:6315412YVF,K1:6HG8UB2MUY};COMBO:{K1:6HG8UB2MUY,K1:6L8OF9XRDC};COMBO:{K1:6HG8UB2MUY,K1:8FG9H9D31J};COMBO:{K1:6HG8UB2MUY,K1:CM1N99QR1M};COMBO:{K1:6HG8UB2MUY,K1:NS1Y283HW4};COMBO:{K1:6HG8UB2MUY,K1:QE1Q24M65Y};COMBO:{K1:6HG8UB2MUY,K1:S125DW66N8};COMBO:{K1:6HG8UB2MUY,K1:TKQ858A3VW};COMBO:{K1:6HG8UB2MUY,K1:X015V3LF01};COMBO:{K1:6HG8UB2MUY,K1:Z40X7EI2AF}"
"COMBO:{K1:5UVC90J1LK,K1:6HG8UB2MUY}",diatrizoate-meglumine,DIATRIZOATE MEGLUMINE,Diatrizoic Acid + Meglumine,K1:5UVC90J1LK;K1:6HG8UB2MUY,"COMBO:{K1:16CHD79MIX,K1:6HG8UB2MUY};COMBO:{K1:4RII332O0R,K1:6HG8UB2MUY};COMBO:{K1:6315412YVF,K1:6HG8UB2MUY};COMBO:{K1:6HG8UB2MUY,K1:6L8OF9XRDC};COMBO:{K1:6HG8UB2MUY,K1:8FG9H9D31J};COMBO:{K1:6HG8UB2MUY,K1:CM1N99QR1M};COMBO:{K1:6HG8UB2MUY,K1:NS1Y283HW4};COMBO:{K1:6HG8UB2MUY,K1:QE1Q24M65Y};COMBO:{K1:6HG8UB2MUY,K1:S125DW66N8};COMBO:{K1:6HG8UB2MUY,K1:TKQ858A3VW};COMBO:{K1:6HG8UB2MUY,K1:X015V3LF01};COMBO:{K1:6HG8UB2MUY,K1:Z40X7EI2AF}"
"COMBO:{K1:61H4T033E5,K1:MU72812GK0}",creatine-orotate,Creatine Orotate,Orotic acid + Creatine,K1:61H4T033E5;K1:MU72812GK0,"COMBO:{K1:8558G7RUTR,K1:MU72812GK0};COMBO:{K1:8ID597Z82X,K1:MU72812GK0}"
"COMBO:{K1:6315412YVF,K1:6HG8UB2MUY}",delafloxacin-meglumine,DELAFLOXACIN MEGLUMINE,Delafloxacin + Meglumine,K1:6315412YVF;K1:6HG8UB2MUY,"COMBO:{K1:16CHD79MIX,K1:6HG8UB2MUY};COMBO:{K1:4RII332O0R,K1:6HG8UB2MUY};COMBO:{K1:5UVC90J1LK,K1:6HG8UB2MUY};COMBO:{K1:6HG8UB2MUY,K1:6L8OF9XRDC};COMBO:{K1:6HG8UB2MUY,K1:8FG9H9D31J};COMBO:{K1:6HG8UB2MUY,K1:CM1N99QR1M};COMBO:{K1:6HG8UB2MUY,K1:NS1Y283HW4};COMBO:{K1:6HG8UB2MUY,K1:QE1Q24M65Y};COMBO:{K1:6HG8UB2MUY,K1:S125DW66N8};COMBO:{K1:6HG8UB2MUY,K1:TKQ858A3VW};COMBO:{K1:6HG8UB2MUY,K1:X015V3LF01};COMBO:{K1:6HG8UB2MUY,K1:Z40X7EI2AF}"
"COMBO:{K1:63937KV33D,K1:65R938S4DV}",erythromycin-lactobionate,ERYTHROMYCIN LACTOBIONATE,Erythromycin + Lactobionic Acid,K1:63937KV33D;K1:65R938S4DV,"COMBO:{K1:63937KV33D,K1:B1F50160Z2}"
"COMBO:{K1:63937KV33D,K1:B1F50160Z2}",erythromycin-gluceptate,ERYTHROMYCIN GLUCEPTATE,Erythromycin + Glucoheptonic Acid,K1:63937KV33D;K1:B1F50160Z2,"COMBO:{K1:63937KV33D,K1:65R938S4DV}"
"COMBO:{K1:6DC9Q167V3,K1:A0JWA85V8F}",atorvastatin-calcium-propylene-glycol-solvate,Atorvastatin Calcium Propylene Glycol Solvate,Propanediol + Atorvastatin,K1:6DC9Q167V3;K1:A0JWA85V8F,"COMBO:{K1:6DC9Q167V3,K1:YO603Y8113}"
"COMBO:{K1:6DC9Q167V3,K1:YO603Y8113}",darunavir-propylene-glycolate,Darunavir Propylene Glycolate,Propanediol + Darunavir,K1:6DC9Q167V3;K1:YO603Y8113,"COMBO:{K1:6DC9Q167V3,K1:A0JWA85V8F};COMBO:{K1:LW2E03M5PG,K1:YO603Y8113};COMBO:{K1:O3J8G9O825,K1:YO603Y8113}"
"COMBO:{K1:6HG8UB2MUY,K1:6L8OF9XRDC}",fosaprepitant-dimeglumine,FOSAPREPITANT DIMEGLUMINE,Meglumine + Fosaprepitant,K1:6HG8UB2MUY;K1:6L8OF9XRDC,"COMBO:{K1:16CHD79MIX,K1:6HG8UB2MUY};COMBO:{K1:4RII332O0R,K1:6HG8UB2MUY};COMBO:{K1:5UVC90J1LK,K1:6HG8UB2MUY};COMBO:{K1:6315412YVF,K1:6HG8UB2MUY};COMBO:{K1:6HG8UB2MUY,K1:8FG9H9D31J};COMBO:{K1:6HG8UB2MUY,K1:CM1N99QR1M};COMBO:{K1:6HG8UB2MUY,K1:NS1Y283HW4};COMBO:{K1:6HG8UB2MUY,K1:QE1Q24M65Y};COMBO:{K1:6HG8UB2MUY,K1:S125DW66N8};COMBO:{K1:6HG8UB2MUY,K1:TKQ858A3VW};COMBO:{K1:6HG8UB2MUY,K1:X015V3LF01};COMBO:{K1:6HG8UB2MUY,K1:Z40X7EI2AF}"
"COMBO:{K1:6HG8UB2MUY,K1:8FG9H9D31J}",tafamidis,TAFAMIDIS MEGLUMINE,Meglumine + Tafamidis,K1:6HG8UB2MUY;K1:8FG9H9D31J,"COMBO:{K1:16CHD79MIX,K1:6HG8UB2MUY};COMBO:{K1:4RII332O0R,K1:6HG8UB2MUY};COMBO:{K1:5UVC90J1LK,K1:6HG8UB2MUY};COMBO:{K1:6315412YVF,K1:6HG8UB2MUY};COMBO:{K1:6HG8UB2MUY,K1:6L8OF9XRDC};COMBO:{K1:6HG8UB2MUY,K1:CM1N99QR1M};COMBO:{K1:6HG8UB2MUY,K1:NS1Y283HW4};COMBO:{K1:6HG8UB2MUY,K1:QE1Q24M65Y};COMBO:{K1:6HG8UB2MUY,K1:S125DW66N8};COMBO:{K1:6HG8UB2MUY,K1:TKQ858A3VW};COMBO:{K1:6HG8UB2MUY,K1:X015V3LF01};COMBO:{K1:6HG8UB2MUY,K1:Z40X7EI2AF}"
"COMBO:{K1:6HG8UB2MUY,K1:CM1N99QR1M}",meglumine-metrizoate-2,MEGLUMINE METRIZOATE,Meglumine + Metrizoic Acid,K1:6HG8UB2MUY;K1:CM1N99QR1M,"COMBO:{K1:16CHD79MIX,K1:6HG8UB2MUY};COMBO:{K1:4RII332O0R,K1:6HG8UB2MUY};COMBO:{K1:5UVC90J1LK,K1:6HG8UB2MUY};COMBO:{K1:6315412YVF,K1:6HG8UB2MUY};COMBO:{K1:6HG8UB2MUY,K1:6L8OF9XRDC};COMBO:{K1:6HG8UB2MUY,K1:8FG9H9D31J};COMBO:{K1:6HG8UB2MUY,K1:NS1Y283HW4};COMBO:{K1:6HG8UB2MUY,K1:QE1Q24M65Y};COMBO:{K1:6HG8UB2MUY,K1:S125DW66N8};COMBO:{K1:6HG8UB2MUY,K1:TKQ858A3VW};COMBO:{K1:6HG8UB2MUY,K1:X015V3LF01};COMBO:{K1:6HG8UB2MUY,K1:Z40X7EI2AF}"
"COMBO:{K1:6HG8UB2MUY,K1:NS1Y283HW4}",iodoxamate,IODOXAMATE MEGLUMINE,Meglumine + Iodoxamic acid,K1:6HG8UB2MUY;K1:NS1Y283HW4,"COMBO:{K1:16CHD79MIX,K1:6HG8UB2MUY};COMBO:{K1:4RII332O0R,K1:6HG8UB2MUY};COMBO:{K1:5UVC90J1LK,K1:6HG8UB2MUY};COMBO:{K1:6315412YVF,K1:6HG8UB2MUY};COMBO:{K1:6HG8UB2MUY,K1:6L8OF9XRDC};COMBO:{K1:6HG8UB2MUY,K1:8FG9H9D31J};COMBO:{K1:6HG8UB2MUY,K1:CM1N99QR1M};COMBO:{K1:6HG8UB2MUY,K1:QE1Q24M65Y};COMBO:{K1:6HG8UB2MUY,K1:S125DW66N8};COMBO:{K1:6HG8UB2MUY,K1:TKQ858A3VW};COMBO:{K1:6HG8UB2MUY,K1:X015V3LF01};COMBO:{K1:6HG8UB2MUY,K1:Z40X7EI2AF}"
"COMBO:{K1:6HG8UB2MUY,K1:QE1Q24M65Y}",aramchol-meglumine,ARAMCHOL MEGLUMINE,Meglumine + Icomidocholic acid,K1:6HG8UB2MUY;K1:QE1Q24M65Y,"COMBO:{K1:16CHD79MIX,K1:6HG8UB2MUY};COMBO:{K1:4RII332O0R,K1:6HG8UB2MUY};COMBO:{K1:5UVC90J1LK,K1:6HG8UB2MUY};COMBO:{K1:6315412YVF,K1:6HG8UB2MUY};COMBO:{K1:6HG8UB2MUY,K1:6L8OF9XRDC};COMBO:{K1:6HG8UB2MUY,K1:8FG9H9D31J};COMBO:{K1:6HG8UB2MUY,K1:CM1N99QR1M};COMBO:{K1:6HG8UB2MUY,K1:NS1Y283HW4};COMBO:{K1:6HG8UB2MUY,K1:S125DW66N8};COMBO:{K1:6HG8UB2MUY,K1:TKQ858A3VW};COMBO:{K1:6HG8UB2MUY,K1:X015V3LF01};COMBO:{K1:6HG8UB2MUY,K1:Z40X7EI2AF}"
"COMBO:{K1:6HG8UB2MUY,K1:S125DW66N8}",bevirimat-dimeglumine,BEVIRIMAT DIMEGLUMINE,Meglumine + Bevirimat,K1:6HG8UB2MUY;K1:S125DW66N8,"COMBO:{K1:16CHD79MIX,K1:6HG8UB2MUY};COMBO:{K1:4RII332O0R,K1:6HG8UB2MUY};COMBO:{K1:5UVC90J1LK,K1:6HG8UB2MUY};COMBO:{K1:6315412YVF,K1:6HG8UB2MUY};COMBO:{K1:6HG8UB2MUY,K1:6L8OF9XRDC};COMBO:{K1:6HG8UB2MUY,K1:8FG9H9D31J};COMBO:{K1:6HG8UB2MUY,K1:CM1N99QR1M};COMBO:{K1:6HG8UB2MUY,K1:NS1Y283HW4};COMBO:{K1:6HG8UB2MUY,K1:QE1Q24M65Y};COMBO:{K1:6HG8UB2MUY,K1:TKQ858A3VW};COMBO:{K1:6HG8UB2MUY,K1:X015V3LF01};COMBO:{K1:6HG8UB2MUY,K1:Z40X7EI2AF}"
"COMBO:{K1:6HG8UB2MUY,K1:TKQ858A3VW}",iodipamide-meglumine,IODIPAMIDE MEGLUMINE,Meglumine + Adipiodone,K1:6HG8UB2MUY;K1:TKQ858A3VW,"COMBO:{K1:16CHD79MIX,K1:6HG8UB2MUY};COMBO:{K1:4RII332O0R,K1:6HG8UB2MUY};COMBO:{K1:5UVC90J1LK,K1:6HG8UB2MUY};COMBO:{K1:6315412YVF,K1:6HG8UB2MUY};COMBO:{K1:6HG8UB2MUY,K1:6L8OF9XRDC};COMBO:{K1:6HG8UB2MUY,K1:8FG9H9D31J};COMBO:{K1:6HG8UB2MUY,K1:CM1N99QR1M};COMBO:{K1:6HG8UB2MUY,K1:NS1Y283HW4};COMBO:{K1:6HG8UB2MUY,K1:QE1Q24M65Y};COMBO:{K1:6HG8UB2MUY,K1:S125DW66N8};COMBO:{K1:6HG8UB2MUY,K1:X015V3LF01};COMBO:{K1:6HG8UB2MUY,K1:Z40X7EI2AF}"
"COMBO:{K1:6HG8UB2MUY,K1:X015V3LF01}",tetrazolast-meglumine,TETRAZOLAST MEGLUMINE,Meglumine + Tetrazolast,K1:6HG8UB2MUY;K1:X015V3LF01,"COMBO:{K1:16CHD79MIX,K1:6HG8UB2MUY};COMBO:{K1:4RII332O0R,K1:6HG8UB2MUY};COMBO:{K1:5UVC90J1LK,K1:6HG8UB2MUY};COMBO:{K1:6315412YVF,K1:6HG8UB2MUY};COMBO:{K1:6HG8UB2MUY,K1:6L8OF9XRDC};COMBO:{K1:6HG8UB2MUY,K1:8FG9H9D31J};COMBO:{K1:6HG8UB2MUY,K1:CM1N99QR1M};COMBO:{K1:6HG8UB2MUY,K1:NS1Y283HW4};COMBO:{K1:6HG8UB2MUY,K1:QE1Q24M65Y};COMBO:{K1:6HG8UB2MUY,K1:S125DW66N8};COMBO:{K1:6HG8UB2MUY,K1:TKQ858A3VW};COMBO:{K1:6HG8UB2MUY,K1:Z40X7EI2AF}"
"COMBO:{K1:6HG8UB2MUY,K1:Z40X7EI2AF}",ioxaglate-meglumine,IOXAGLATE MEGLUMINE,Meglumine + Ioxaglic acid,K1:6HG8UB2MUY;K1:Z40X7EI2AF,"COMBO:{K1:16CHD79MIX,K1:6HG8UB2MUY};COMBO:{K1:4RII332O0R,K1:6HG8UB2MUY};COMBO:{K1:5UVC90J1LK,K1:6HG8UB2MUY};COMBO:{K1:6315412YVF,K1:6HG8UB2MUY};COMBO:{K1:6HG8UB2MUY,K1:6L8OF9XRDC};COMBO:{K1:6HG8UB2MUY,K1:8FG9H9D31J};COMBO:{K1:6HG8UB2MUY,K1:CM1N99QR1M};COMBO:{K1:6HG8UB2MUY,K1:NS1Y283HW4};COMBO:{K1:6HG8UB2MUY,K1:QE1Q24M65Y};COMBO:{K1:6HG8UB2MUY,K1:S125DW66N8};COMBO:{K1:6HG8UB2MUY,K1:TKQ858A3VW};COMBO:{K1:6HG8UB2MUY,K1:X015V3LF01}"
"COMBO:{K1:7A314HQM0I,K1:PQ6CK8PD0R}",technetium-tc-99m-ferpentetate-kit,Technetium Tc-99m Ferpentetate Kit,Pentetic Acid + Ascorbic acid,K1:7A314HQM0I;K1:PQ6CK8PD0R,"COMBO:{K1:25X51I8RD4,K1:PQ6CK8PD0R}"
"COMBO:{K1:8558G7RUTR,K1:MU72812GK0}",creatine-pyruvate,Creatine Pyruvate,Pyruvic Acid + Creatine,K1:8558G7RUTR;K1:MU72812GK0,"COMBO:{K1:61H4T033E5,K1:MU72812GK0};COMBO:{K1:8ID597Z82X,K1:MU72812GK0}"
"COMBO:{K1:8G388563M7,K1:TE0865N2ET}",telotristat-etiprate,TELOTRISTAT ETIPRATE,Telotristat Ethyl + HIPPURIC ACID,K1:8G388563M7;K1:TE0865N2ET,"COMBO:{K1:J50OIX95QV,K1:TE0865N2ET}"
"COMBO:{K1:8GTS82S83M,K1:GE2UA340FM}",dimenhydrinate,DIMENHYDRINATE,Diphenhydramine + 8-CHLOROTHEOPHYLLINE,K1:8GTS82S83M;K1:GE2UA340FM,"COMBO:{K1:8GTS82S83M,K1:M494UE2YEP};COMBO:{K1:FF28EJQ494,K1:GE2UA340FM}"
"COMBO:{K1:8GTS82S83M,K1:M494UE2YEP}",etanautine,ETANAUTINE,Diphenhydramine + ACEFYLLINE,K1:8GTS82S83M;K1:M494UE2YEP,"COMBO:{K1:1RTM4PAL0V,K1:M494UE2YEP};COMBO:{K1:200168S0CL,K1:M494UE2YEP};COMBO:{K1:8GTS82S83M,K1:GE2UA340FM}"
"COMBO:{K1:8ID597Z82X,K1:E524N2IXA3}",ornithine-alpha-ketoglutarate,ORNITHINE OXOGLURATE,Alpha Ketoglutarate + Ornithine,K1:8ID597Z82X;K1:E524N2IXA3,"COMBO:{K1:1EQV5MLY3D,K1:8ID597Z82X};COMBO:{K1:3THM379K8A,K1:8ID597Z82X};COMBO:{K1:4QD397987E,K1:8ID597Z82X};COMBO:{K1:8ID597Z82X,K1:KV2JZ1BI6Z};COMBO:{K1:8ID597Z82X,K1:MU72812GK0}"
"COMBO:{K1:8ID597Z82X,K1:KV2JZ1BI6Z}",pyridoxine-alpha-ketoglutarate,Pyridoxine Alpha-Ketoglutarate,Alpha Ketoglutarate + Pyridoxine,K1:8ID597Z82X;K1:KV2JZ1BI6Z,"COMBO:{K1:1EQV5MLY3D,K1:8ID597Z82X};COMBO:{K1:3THM379K8A,K1:8ID597Z82X};COMBO:{K1:4QD397987E,K1:8ID597Z82X};COMBO:{K1:8ID597Z82X,K1:E524N2IXA3};COMBO:{K1:8ID597Z82X,K1:MU72812GK0}"
"COMBO:{K1:8ID597Z82X,K1:MU72812GK0}",creatine-alpha-ketoglutarate,Creatine Alpha-Ketoglutarate,Alpha Ketoglutarate + Creatine,K1:8ID597Z82X;K1:MU72812GK0,"COMBO:{K1:1EQV5MLY3D,K1:8ID597Z82X};COMBO:{K1:3THM379K8A,K1:8ID597Z82X};COMBO:{K1:4QD397987E,K1:8ID597Z82X};COMBO:{K1:61H4T033E5,K1:MU72812GK0};COMBO:{K1:8558G7RUTR,K1:MU72812GK0};COMBO:{K1:8ID597Z82X,K1:E524N2IXA3};COMBO:{K1:8ID597Z82X,K1:KV2JZ1BI6Z}"
"COMBO:{K1:9100L32L2N,K1:HDC1R2M35U}",empagliflozin-metformin,"Empagliflozin, Metformin",Metformin + Empagliflozin,K1:9100L32L2N;K1:HDC1R2M35U,"COMBO:{K1:1ULL0QJ8UC,K1:9100L32L2N};COMBO:{K1:3X29ZEJ4R2,K1:9100L32L2N};COMBO:{K1:9100L32L2N,K1:JHC049LO86};COMBO:{K1:9100L32L2N,K1:QFP0P1DV7Z}"
"COMBO:{K1:9100L32L2N,K1:JHC049LO86}",alogliptin-and-metformin,Alogliptin and Metformin,Metformin + Alogliptin,K1:9100L32L2N;K1:JHC049LO86,"COMBO:{K1:1ULL0QJ8UC,K1:9100L32L2N};COMBO:{K1:3X29ZEJ4R2,K1:9100L32L2N};COMBO:{K1:9100L32L2N,K1:HDC1R2M35U};COMBO:{K1:9100L32L2N,K1:QFP0P1DV7Z}"
"COMBO:{K1:9100L32L2N,K1:QFP0P1DV7Z}",sitagliptin-metformin,"Metformin Hydrochloride, Sitagliptin",Metformin + Sitagliptin,K1:9100L32L2N;K1:QFP0P1DV7Z,"COMBO:{K1:1ULL0QJ8UC,K1:9100L32L2N};COMBO:{K1:3X29ZEJ4R2,K1:9100L32L2N};COMBO:{K1:9100L32L2N,K1:HDC1R2M35U};COMBO:{K1:9100L32L2N,K1:JHC049LO86}"
"COMBO:{K1:DIQ16UC154,K1:F41401512X}",nilotinib-laurylsulfate,NILOTINIB LAURYLSULFATE,Lauryl Sulfate + Nilotinib,K1:DIQ16UC154;K1:F41401512X,"COMBO:{K1:3QN8BYN5QF,K1:DIQ16UC154};COMBO:{K1:DIQ16UC154,K1:HB75CIT999};COMBO:{K1:DIQ16UC154,K1:X78UG0A0RN}"
"COMBO:{K1:DIQ16UC154,K1:HB75CIT999}",erythromycin-estolate-2,ERYTHROMYCIN ESTOLATE,Lauryl Sulfate + Erythromycin Propionate,K1:DIQ16UC154;K1:HB75CIT999,"COMBO:{K1:3QN8BYN5QF,K1:DIQ16UC154};COMBO:{K1:DIQ16UC154,K1:F41401512X};COMBO:{K1:DIQ16UC154,K1:X78UG0A0RN}"
"COMBO:{K1:DIQ16UC154,K1:X78UG0A0RN}",dasatinib-laurylsulfate,DASATINIB LAURYLSULFATE,Lauryl Sulfate + Dasatinib (anhydrous),K1:DIQ16UC154;K1:X78UG0A0RN,"COMBO:{K1:3QN8BYN5QF,K1:DIQ16UC154};COMBO:{K1:DIQ16UC154,K1:F41401512X};COMBO:{K1:DIQ16UC154,K1:HB75CIT999}"
"COMBO:{K1:DKO1W9H7M1,K1:EL9943AG5J,K2:XQSPYNMVSIKCOC-UHFFFAOYSA-N}",dolutegravir-emtricitabine-and-tenofovir-alafenamide,"Dolutegravir, Emtricitabine and Tenofovir Alafenamide","Dolutegravir + Tenofovir alafenamide + EMTRICITABINE, (+/-)-",K1:DKO1W9H7M1;K1:EL9943AG5J;K2:XQSPYNMVSIKCOC-UHFFFAOYSA-N,"COMBO:{K1:2T8Q726O95,K1:DKO1W9H7M1,K1:WR2TIP26VS};COMBO:{K1:2T8Q726O95,K1:DKO1W9H7M1};COMBO:{K1:EL9943AG5J,K1:JE6H2O27P8,K2:XQSPYNMVSIKCOC-UHFFFAOYSA-N};COMBO:{K1:EL9943AG5J,K2:XQSPYNMVSIKCOC-UHFFFAOYSA-N}"
"COMBO:{K1:EL9943AG5J,K1:JE6H2O27P8,K2:XQSPYNMVSIKCOC-UHFFFAOYSA-N}",efavirenz-emtricitabine-and-tenofovir-alafenamide,"Efavirenz, Emtricitabine and Tenofovir Alafenamide","Tenofovir alafenamide + Efavirenz + EMTRICITABINE, (+/-)-",K1:EL9943AG5J;K1:JE6H2O27P8;K2:XQSPYNMVSIKCOC-UHFFFAOYSA-N,"COMBO:{K1:DKO1W9H7M1,K1:EL9943AG5J,K2:XQSPYNMVSIKCOC-UHFFFAOYSA-N};COMBO:{K1:EL9943AG5J,K2:XQSPYNMVSIKCOC-UHFFFAOYSA-N}"
"COMBO:{K1:EL9943AG5J,K2:XQSPYNMVSIKCOC-UHFFFAOYSA-N}",emtricitabine-tenofovir-alafenamide,"Emtricitabine, Tenofovir Alafenamide","Tenofovir alafenamide + EMTRICITABINE, (+/-)-",K1:EL9943AG5J;K2:XQSPYNMVSIKCOC-UHFFFAOYSA-N,"COMBO:{K1:DKO1W9H7M1,K1:EL9943AG5J,K2:XQSPYNMVSIKCOC-UHFFFAOYSA-N};COMBO:{K1:EL9943AG5J,K1:JE6H2O27P8,K2:XQSPYNMVSIKCOC-UHFFFAOYSA-N}"
"COMBO:{K1:FF28EJQ494,K1:GE2UA340FM}",promethazine-teoclate,PROMETHAZINE TEOCLATE,Promethazine + 8-CHLOROTHEOPHYLLINE,K1:FF28EJQ494;K1:GE2UA340FM,"COMBO:{K1:8GTS82S83M,K1:GE2UA340FM}"
"COMBO:{K1:GN5P7K3T8S,K1:S2F83W92TK}",proxifezone,Proxifezone,Phenylbutazone + Dextropropoxyphene,K1:GN5P7K3T8S;K1:S2F83W92TK,"COMBO:{K1:071P4J77HF,K1:GN5P7K3T8S};COMBO:{K1:O9S4K2S25E,K1:S2F83W92TK}"
"COMBO:{K1:J50OIX95QV,K1:NH496X0UJX}",methenamine-mandelate,Methenamine Mandelate,Methenamine + MANDELIC ACID,K1:J50OIX95QV;K1:NH496X0UJX,"COMBO:{K1:J50OIX95QV,K1:TE0865N2ET}"
"COMBO:{K1:J50OIX95QV,K1:TE0865N2ET}",methenamine-hippurate,METHENAMINE HIPPURATE,Methenamine + HIPPURIC ACID,K1:J50OIX95QV;K1:TE0865N2ET,"COMBO:{K1:8G388563M7,K1:TE0865N2ET};COMBO:{K1:J50OIX95QV,K1:NH496X0UJX}"
"COMBO:{K1:K848JZ4886,K1:TE7660XO1C}",ferrous-cysteine-glycinate,Ferrous Cysteine Glycinate,Cysteine + Glycine,K1:K848JZ4886;K1:TE7660XO1C,"COMBO:{K1:0HU2UI27HF,K1:TE7660XO1C};COMBO:{K1:0I55128JYK,K1:TE7660XO1C};COMBO:{K1:2679MF687A,K1:TE7660XO1C}"
"COMBO:{K1:LW2E03M5PG,K1:YO603Y8113}",darunavir-and-cobicistat,Darunavir and Cobicistat,Cobicistat + Darunavir,K1:LW2E03M5PG;K1:YO603Y8113,"COMBO:{K1:6DC9Q167V3,K1:YO603Y8113};COMBO:{K1:O3J8G9O825,K1:YO603Y8113}"
"COMBO:{K1:O3J8G9O825,K1:YO603Y8113}",darunavir-and-ritonavir,Darunavir and Ritonavir,Ritonavir + Darunavir,K1:O3J8G9O825;K1:YO603Y8113,"COMBO:{K1:6DC9Q167V3,K1:YO603Y8113};COMBO:{K1:LW2E03M5PG,K1:YO603Y8113}"
"COMBO:{K1:O9S4K2S25E,K1:S2F83W92TK}",propoxyphene-napsylate,PROPOXYPHENE NAPSYLATE,2-NAPHTHALENESULFONIC Acid + Dextropropoxyphene,K1:O9S4K2S25E;K1:S2F83W92TK,"COMBO:{K1:GN5P7K3T8S,K1:S2F83W92TK};COMBO:{K1:O9S4K2S25E,K1:U75VZ9PK1J}"
"COMBO:{K1:O9S4K2S25E,K1:U75VZ9PK1J}",levopropoxyphene-napsylate,LEVOPROPOXYPHENE NAPSYLATE,2-NAPHTHALENESULFONIC Acid + Levopropoxyphene,K1:O9S4K2S25E;K1:U75VZ9PK1J,"COMBO:{K1:O9S4K2S25E,K1:S2F83W92TK}"
K1:P188ANX8CK#oysk,trastuzumab-and-hyaluronidase-oysk,Trastuzumab and Hyaluronidase-Oysk,Trastuzumab + Hyaluronidase-Oysk,K1:P188ANX8CK;,K1:P188ANX8CK#zzxf
K1:P188ANX8CK#zzxf,pertuzumab-trastuzumab-and-hyaluronidase-zzxf,"Pertuzumab, Trastuzumab, and Hyaluronidase-Zzxf",Pertuzumab + Trastuzumab + Hyaluronidase-Zzxf,K1:K16AIQ8CTM;K1:P188ANX8CK;,K1:P188ANX8CK#oysk
