key,current_display_name,disambiguated_display_name,disambiguator,disambiguator_source,collides_on,collides_with
K1:EM5OCB9YJ6,Abiraterone Acetate,Abiraterone Acetate (C26H33NO2),C26H33NO2,molecular formula,abiraterone,K1:U6XMS339F5
K1:U6XMS339F5,ABIRATERONE DECANOATE,ABIRATERONE DECANOATE (C34H49NO2),C34H49NO2,molecular formula,abiraterone,K1:EM5OCB9YJ6
K1:T58MSI464G,Acarbose,Acarbose (structure CEMXHAPUFJOOSV),structure CEMXHAPUFJOOSV,InChIKey skeleton,acarbose,K2:XUFXOAAUWZOOIT-UGEKTDRHSA-N
K2:XUFXOAAUWZOOIT-UGEKTDRHSA-N,Acarbose,Acarbose (structure XUFXOAAUWZOOIT),structure XUFXOAAUWZOOIT,InChIKey skeleton,acarbose,K1:T58MSI464G
K1:GZP2782OP0,Aceneuramic acid,Aceneuramic acid (structure KBGAYAKRZNYFFG),structure KBGAYAKRZNYFFG,InChIKey skeleton,aceneuramic acid,K2:SQVRNKJHWKZAKO-USOVHJGOSA-N
K2:SQVRNKJHWKZAKO-USOVHJGOSA-N,Aceneuramic acid,Aceneuramic acid (structure SQVRNKJHWKZAKO),structure SQVRNKJHWKZAKO,InChIKey skeleton,aceneuramic acid,K1:GZP2782OP0
K1:415SHH325A,Adenosine phosphate,Adenosine phosphate (Adrenergic receptor),Adrenergic receptor,Inxight primary target,adenosine,K1:61D2G4IYVH;K1:K72T3FS567
K1:61D2G4IYVH,Adenosine Diphosphate,Adenosine Diphosphate (Purinergic receptor P2Y1),Purinergic receptor P2Y1,Inxight primary target,adenosine,K1:415SHH325A;K1:K72T3FS567
K1:K72T3FS567,ADENOSINE,ADENOSINE (Adenosine receptor),Adenosine receptor,Inxight primary target,adenosine,K1:415SHH325A;K1:61D2G4IYVH
K2:AECDBHGVIIRMOI-UHFFFAOYSA-N,AEW-541,AEW-541 (C27H29N5O),C27H29N5O,molecular formula,aew 541,K2:USVCWSAJUAARAL-MEMLXQNLSA-N
K2:USVCWSAJUAARAL-MEMLXQNLSA-N,AEW-541,AEW-541 (C26H27N5O),C26H27N5O,molecular formula,aew 541,K2:AECDBHGVIIRMOI-UHFFFAOYSA-N
K1:926F8X7TNO,AG-24322,AG-24322 (structure MEKASOQEXYKAKM),structure MEKASOQEXYKAKM,InChIKey skeleton,ag 24322,K2:RBOKLZGCVRXGEP-XTQSDGFTSA-N
K2:RBOKLZGCVRXGEP-XTQSDGFTSA-N,AG-24322,AG-24322 (structure RBOKLZGCVRXGEP),structure RBOKLZGCVRXGEP,InChIKey skeleton,ag 24322,K1:926F8X7TNO
K1:F4216019LN,Albendazole,Albendazole (Tubulin),Tubulin,Inxight primary target,albendazole,K1:J39B52TV34
K1:J39B52TV34,Albendazole oxide,Albendazole oxide (microtubule polymerization),microtubule polymerization,Inxight primary target,albendazole,K1:F4216019LN
K1:7QWA1RIO01,Alpha-Tocopherol,Alpha-Tocopherol (UNII 7QWA1RIO01),UNII 7QWA1RIO01,FDA UNII,alpha tocopherol,K1:A7E6112E4N;K1:LU4B53JYVE;K1:N9PR3490H9;K1:WR1WPI7EW8
K1:A7E6112E4N,".ALPHA.-TOCOPHEROL ACETATE, D-",".ALPHA.-TOCOPHEROL ACETATE, D- (UNII A7E6112E4N)",UNII A7E6112E4N,FDA UNII,alpha tocopherol,K1:7QWA1RIO01;K1:LU4B53JYVE;K1:N9PR3490H9;K1:WR1WPI7EW8
K1:LU4B53JYVE,".ALPHA.-TOCOPHEROL SUCCINATE, D-",".ALPHA.-TOCOPHEROL SUCCINATE, D- (UNII LU4B53JYVE)",UNII LU4B53JYVE,FDA UNII,alpha tocopherol,K1:7QWA1RIO01;K1:A7E6112E4N;K1:N9PR3490H9;K1:WR1WPI7EW8
K1:N9PR3490H9,".ALPHA.-TOCOPHEROL, D-",".ALPHA.-TOCOPHEROL, D- (UNII N9PR3490H9)",UNII N9PR3490H9,FDA UNII,alpha tocopherol,K1:7QWA1RIO01;K1:A7E6112E4N;K1:LU4B53JYVE;K1:WR1WPI7EW8
K1:WR1WPI7EW8,".ALPHA.-TOCOPHEROL ACETATE, DL-",".ALPHA.-TOCOPHEROL ACETATE, DL- (UNII WR1WPI7EW8)",UNII WR1WPI7EW8,FDA UNII,alpha tocopherol,K1:7QWA1RIO01;K1:A7E6112E4N;K1:LU4B53JYVE;K1:N9PR3490H9
K1:34S289N54E,Aluminum Sulfate,Aluminum Sulfate (H2Al2O13S3),H2Al2O13S3,molecular formula,aluminum,K1:I7T908772F
K1:I7T908772F,ALUMINUM SULFATE ANHYDROUS,ALUMINUM SULFATE ANHYDROUS (Al2O12S3),Al2O12S3,molecular formula,aluminum,K1:34S289N54E
K1:01Q9PC255D,Ammonium Chloride,Ammonium Chloride (UNII 01Q9PC255D),UNII 01Q9PC255D,FDA UNII,ammonium,K1:67M901L9NQ;K1:NJ5VT0FKLJ;K1:R0JB3224WS
K1:67M901L9NQ,Ammonium Lactate,Ammonium Lactate (UNII 67M901L9NQ),UNII 67M901L9NQ,FDA UNII,ammonium,K1:01Q9PC255D;K1:NJ5VT0FKLJ;K1:R0JB3224WS
K1:NJ5VT0FKLJ,Ammonium Carbonate,Ammonium Carbonate (UNII NJ5VT0FKLJ),UNII NJ5VT0FKLJ,FDA UNII,ammonium,K1:01Q9PC255D;K1:67M901L9NQ;K1:R0JB3224WS
K1:R0JB3224WS,Ammonium Bromide,Ammonium Bromide (UNII R0JB3224WS),UNII R0JB3224WS,FDA UNII,ammonium,K1:01Q9PC255D;K1:67M901L9NQ;K1:NJ5VT0FKLJ
K2:CUKWUWBLQQDQAC-VEQWQPCFSA-N,ANGIOTENSIN-II,ANGIOTENSIN-II (C44H67N13O12),C44H67N13O12,molecular formula,angiotensin ii,K2:CZGUSIXMZVURDU-JZXHSEFVSA-N
K2:CZGUSIXMZVURDU-JZXHSEFVSA-N,Angiotensin ii,Angiotensin ii (C50H71N13O12),C50H71N13O12,molecular formula,angiotensin ii,K2:CUKWUWBLQQDQAC-VEQWQPCFSA-N
K1:GFW2K84S4L,Apilimod,Apilimod (C23H26N6O2),C23H26N6O2,molecular formula,apilimod,K2:VIUWNARVSJPVFA-UHFFFAOYSA-N
K2:VIUWNARVSJPVFA-UHFFFAOYSA-N,APILIMOD,APILIMOD (C18H18N2O4S),C18H18N2O4S,molecular formula,apilimod,K1:GFW2K84S4L
K1:94ZLA3W45F,Arginine,Arginine (C6H14N4O2),C6H14N4O2,molecular formula,arginine,K1:F7LTH1E20Y;K1:LZB1G2I725;K1:TU1X77K34Q
K1:F7LTH1E20Y,ARGININE HYDROCHLORIDE,ARGININE HYDROCHLORIDE (C6H15ClN4O2),C6H15ClN4O2,molecular formula,arginine,K1:94ZLA3W45F;K1:LZB1G2I725;K1:TU1X77K34Q
K1:LZB1G2I725,Arginine Aspartate,Arginine Aspartate (C10H21N5O6),C10H21N5O6,molecular formula,arginine,K1:94ZLA3W45F;K1:F7LTH1E20Y;K1:TU1X77K34Q
K1:TU1X77K34Q,ARGININE GLUTAMATE,ARGININE GLUTAMATE (C11H23N5O6),C11H23N5O6,molecular formula,arginine,K1:94ZLA3W45F;K1:F7LTH1E20Y;K1:LZB1G2I725
K1:S7V92P67HO,Arsenic Trioxide,Arsenic Trioxide (structure IKWTVSLWAPBBKU),structure IKWTVSLWAPBBKU,InChIKey skeleton,arsenic trioxide,K2:MOQADKPFYVWPSE-UHFFFAOYSA-N
K2:MOQADKPFYVWPSE-UHFFFAOYSA-N,ARSENIC TRIOXIDE,ARSENIC TRIOXIDE (structure MOQADKPFYVWPSE),structure MOQADKPFYVWPSE,InChIKey skeleton,arsenic trioxide,K1:S7V92P67HO
K1:03J5ZE7KA5,Atropine Sulfate,Atropine Sulfate (Muscarinic acetylcholine receptor M1),Muscarinic acetylcholine receptor M1,Inxight primary target,atropine,K1:3Y03IC177D
K1:3Y03IC177D,Atropine oxide,Atropine oxide (Muscarinic acetylcholine receptor),Muscarinic acetylcholine receptor,Inxight primary target,atropine,K1:03J5ZE7KA5
K1:0VK51DA1T2,Barium Chloride,Barium Chloride (BaCl2),BaCl2,molecular formula,barium,K1:24GP945V5T;K1:TI8NM689HW;K1:WKC4T7680A
K1:24GP945V5T,Barium,Barium (Ba),Ba,molecular formula,barium,K1:0VK51DA1T2;K1:TI8NM689HW;K1:WKC4T7680A
K1:TI8NM689HW,Barium Bromide,Barium Bromide (BaBr2),BaBr2,molecular formula,barium,K1:0VK51DA1T2;K1:24GP945V5T;K1:WKC4T7680A
K1:WKC4T7680A,Barium Iodide,Barium Iodide (BaI2),BaI2,molecular formula,barium,K1:0VK51DA1T2;K1:24GP945V5T;K1:TI8NM689HW
K1:X3D0O800AJ,Becampanel,Becampanel (structure ABFMMCZFKUIJGQ),structure ABFMMCZFKUIJGQ,InChIKey skeleton,becampanel,K2:DDOAQMGXVXFNSH-UHFFFAOYSA-N
K2:DDOAQMGXVXFNSH-UHFFFAOYSA-N,Becampanel,Becampanel (structure DDOAQMGXVXFNSH),structure DDOAQMGXVXFNSH,InChIKey skeleton,becampanel,K1:X3D0O800AJ
K1:F5UM2KM3W7,Benzalkonium Chloride,Benzalkonium Chloride (UNII F5UM2KM3W7),UNII F5UM2KM3W7,FDA UNII,benzalkonium,K2:VVZBFOKBSDGVGZ-UHFFFAOYSA-N
K2:VVZBFOKBSDGVGZ-UHFFFAOYSA-N,Benzalkonium chloride,Benzalkonium chloride (UNII 7N6JUD5X6Y),UNII 7N6JUD5X6Y,FDA UNII,benzalkonium,K1:F5UM2KM3W7
K1:9842X06Q6M,Betamethasone,Betamethasone (C22H29FO5),C22H29FO5,molecular formula,betamethasone,K1:YJO1F9W10R
K1:YJO1F9W10R,Betamethasone Phosphate,Betamethasone Phosphate (C22H30FO8P),C22H30FO8P,molecular formula,betamethasone,K1:9842X06Q6M
K1:A6I4E79QF1,Bismuth Oxide,Bismuth Oxide (Bi2O3),Bi2O3,molecular formula,bismuth,K1:U015TT5I8H
K1:U015TT5I8H,Bismuth,Bismuth (Bi),Bi,molecular formula,bismuth,K1:A6I4E79QF1
K1:8631NP8608,BIVALIRUDIN TRIFLUOROACETATE,BIVALIRUDIN TRIFLUOROACETATE (UNII 8631NP8608),UNII 8631NP8608,FDA UNII,bivalirudin,K1:TN9BEX005G
K1:TN9BEX005G,Bivalirudin,Bivalirudin (UNII TN9BEX005G),UNII TN9BEX005G,FDA UNII,bivalirudin,K1:8631NP8608
K1:49SD6G16U5,Bolandiol,Bolandiol (C18H28O2),C18H28O2,molecular formula,bolandiol,K2:JFAXVZXNIGIDDA-ABBKQRNASA-N
K2:JFAXVZXNIGIDDA-ABBKQRNASA-N,Bolandiol,Bolandiol (C24H36O4),C24H36O4,molecular formula,bolandiol,K1:49SD6G16U5
K1:24QAP1VCUX,"Bornyl ACETATE, (-)-","Bornyl ACETATE, (-)- ((-))",(-),stereo descriptor in the recorded name,bornyl,K1:U3GJ0TB404
K1:U3GJ0TB404,"Bornyl CHLORIDE, (+)-","Bornyl CHLORIDE, (+)- ((+))",(+),stereo descriptor in the recorded name,bornyl,K1:24QAP1VCUX
K1:483W67CPF4,Boron Oxide,Boron Oxide (B2O3),B2O3,molecular formula,boron,K1:N9E3X5056Q;K1:S043P4DV22
K1:N9E3X5056Q,Boron,Boron (B),B,molecular formula,boron,K1:483W67CPF4;K1:S043P4DV22
K1:S043P4DV22,Boron Citrate,Boron Citrate (C6H5BO7),C6H5BO7,molecular formula,boron,K1:483W67CPF4;K1:N9E3X5056Q
K1:2M3055079H,Brivudine,Brivudine (C11H13BrN2O5),C11H13BrN2O5,molecular formula,brivudine,K1:O7N0Y11U8K
K1:O7N0Y11U8K,Brivudine Monophosphate,Brivudine Monophosphate (C11H14BrN2O8P),C11H14BrN2O8P,molecular formula,brivudine,K1:2M3055079H
K1:ZP7R667SGD,BUTYL CHLORIDE,BUTYL CHLORIDE (C4H9Cl),C4H9Cl,molecular formula,butyl,K2:WPWHSFAFEBZWBB-UHFFFAOYSA-N
K2:WPWHSFAFEBZWBB-UHFFFAOYSA-N,Butyl,Butyl (C4H9),C4H9,molecular formula,butyl,K1:ZP7R667SGD
K1:00BH33GNGH,Cadmium,Cadmium (Cd),Cd,molecular formula,cadmium,K1:7726AXS0WH;K1:J6K4F9V3BA;K1:M0975E7Z8Z
K1:7726AXS0WH,Cadmium Bromide,Cadmium Bromide (Br2Cd),Br2Cd,molecular formula,cadmium,K1:00BH33GNGH;K1:J6K4F9V3BA;K1:M0975E7Z8Z
K1:J6K4F9V3BA,Cadmium Chloride,Cadmium Chloride (CdCl2),CdCl2,molecular formula,cadmium,K1:00BH33GNGH;K1:7726AXS0WH;K1:M0975E7Z8Z
K1:M0975E7Z8Z,Cadmium Fluoride,Cadmium Fluoride (CdF2),CdF2,molecular formula,cadmium,K1:00BH33GNGH;K1:7726AXS0WH;K1:J6K4F9V3BA
K1:M4I0D6VV5M,Calcium Chloride,Calcium Chloride (UNII M4I0D6VV5M),UNII M4I0D6VV5M,FDA UNII,calcium,K1:O3B55K4YKI;K1:OFM21057LP;K1:PF5DZW74VN;K1:SY7Q814VUP;K1:WAT0DDB505
K1:O3B55K4YKI,Calcium Fluoride,Calcium Fluoride (UNII O3B55K4YKI),UNII O3B55K4YKI,FDA UNII,calcium,K1:M4I0D6VV5M;K1:OFM21057LP;K1:PF5DZW74VN;K1:SY7Q814VUP;K1:WAT0DDB505
K1:OFM21057LP,Calcium Chloride Anhydrous,Calcium Chloride Anhydrous (UNII OFM21057LP),UNII OFM21057LP,FDA UNII,calcium,K1:M4I0D6VV5M;K1:O3B55K4YKI;K1:PF5DZW74VN;K1:SY7Q814VUP;K1:WAT0DDB505
K1:PF5DZW74VN,Calcium Hydroxide,Calcium Hydroxide (UNII PF5DZW74VN),UNII PF5DZW74VN,FDA UNII,calcium,K1:M4I0D6VV5M;K1:O3B55K4YKI;K1:OFM21057LP;K1:SY7Q814VUP;K1:WAT0DDB505
K1:SY7Q814VUP,CALCIUM,CALCIUM (UNII SY7Q814VUP),UNII SY7Q814VUP,FDA UNII,calcium,K1:M4I0D6VV5M;K1:O3B55K4YKI;K1:OFM21057LP;K1:PF5DZW74VN;K1:WAT0DDB505
K1:WAT0DDB505,Calcium Sulfate,Calcium Sulfate (UNII WAT0DDB505),UNII WAT0DDB505,FDA UNII,calcium,K1:M4I0D6VV5M;K1:O3B55K4YKI;K1:OFM21057LP;K1:PF5DZW74VN;K1:SY7Q814VUP
K1:4X4EG5ARZ4,Cefotaxime S-OXIDE,Cefotaxime S-OXIDE (C16H17N5O8S2),C16H17N5O8S2,molecular formula,cefotaxime,K1:N2GI8B1GK7
K1:N2GI8B1GK7,Cefotaxime,Cefotaxime (C16H17N5O7S2),C16H17N5O7S2,molecular formula,cefotaxime,K1:4X4EG5ARZ4
K1:1KSV9V4Y4I,Cesium,Cesium (Cs),Cs,molecular formula,cesium,K1:GNR9HML8BA
K1:GNR9HML8BA,Cesium Chloride,Cesium Chloride (ClCs),ClCs,molecular formula,cesium,K1:1KSV9V4Y4I
K1:5ZA2S6B08X,Cetyl Palmitate,Cetyl Palmitate (C32H64O2),C32H64O2,molecular formula,cetyl,K1:78K2L26L8N;K1:I19DN3Q5ZP
K1:78K2L26L8N,Cetyl Oleate,Cetyl Oleate (C34H66O2),C34H66O2,molecular formula,cetyl,K1:5ZA2S6B08X;K1:I19DN3Q5ZP
K1:I19DN3Q5ZP,Cetyl Laurate,Cetyl Laurate (C28H56O2),C28H56O2,molecular formula,cetyl,K1:5ZA2S6B08X;K1:78K2L26L8N
K1:418M5916WG,CHLORAL HYDRATE,CHLORAL HYDRATE (C2H3Cl3O2),C2H3Cl3O2,molecular formula,chloral,K1:FLI06WS32H
K1:FLI06WS32H,Chloral,Chloral (C2HCl3O),C2HCl3O,molecular formula,chloral,K1:418M5916WG
K1:66974FR9Q1,Chloramphenicol,Chloramphenicol (C11H12Cl2N2O5),C11H12Cl2N2O5,molecular formula,chloramphenicol,K1:ZCX619U9A1
K1:ZCX619U9A1,Chloramphenicol Succinate,Chloramphenicol Succinate (C15H16Cl2N2O8),C15H16Cl2N2O8,molecular formula,chloramphenicol,K1:66974FR9Q1
K1:45I14D8O27,Choline chloride,Choline chloride (C5H14ClNO),C5H14ClNO,molecular formula,choline,K1:7THJ3EG9SY;K1:KD510K1IQW;K1:N91BDP6H0X;K2:QWJSAWXRUVVRLH-UHFFFAOYSA-M
K1:7THJ3EG9SY,Choline Hydroxide,Choline Hydroxide (C5H15NO2),C5H15NO2,molecular formula,choline,K1:45I14D8O27;K1:KD510K1IQW;K1:N91BDP6H0X;K2:QWJSAWXRUVVRLH-UHFFFAOYSA-M
K1:KD510K1IQW,Choline salicylate,Choline salicylate (C12H19NO4),C12H19NO4,molecular formula,choline,K1:45I14D8O27;K1:7THJ3EG9SY;K1:N91BDP6H0X;K2:QWJSAWXRUVVRLH-UHFFFAOYSA-M
K1:N91BDP6H0X,Choline,Choline (C5H14NO+),C5H14NO+,molecular formula,choline,K1:45I14D8O27;K1:7THJ3EG9SY;K1:KD510K1IQW;K2:QWJSAWXRUVVRLH-UHFFFAOYSA-M
K2:QWJSAWXRUVVRLH-UHFFFAOYSA-M,CHOLINE BITARTRATE,CHOLINE BITARTRATE (C9H19NO7),C9H19NO7,molecular formula,choline,K1:45I14D8O27;K1:7THJ3EG9SY;K1:KD510K1IQW;K1:N91BDP6H0X
K1:AQ86ZJ9U98,Chromic Phosphate,Chromic Phosphate (CrO4P),CrO4P,molecular formula,chromic,K1:WZB719DDER;K1:Y0C99N5TMZ
K1:WZB719DDER,Chromic Bromide,Chromic Bromide (Br3Cr),Br3Cr,molecular formula,chromic,K1:AQ86ZJ9U98;K1:Y0C99N5TMZ
K1:Y0C99N5TMZ,Chromic Sulfate,Chromic Sulfate (Cr2O12S3),Cr2O12S3,molecular formula,chromic,K1:AQ86ZJ9U98;K1:WZB719DDER
K1:3U02EL437C,Clindamycin,Clindamycin (C18H33ClN2O5S),C18H33ClN2O5S,molecular formula,clindamycin,K1:EH6D7113I8
K1:EH6D7113I8,Clindamycin Phosphate,Clindamycin Phosphate (C18H34ClN2O8PS),C18H34ClN2O8PS,molecular formula,clindamycin,K1:3U02EL437C
K1:85061HTR8T,Clocortolone Acetate,Clocortolone Acetate (C24H30ClFO5),C24H30ClFO5,molecular formula,clocortolone,K1:QBL8IZH14X
K1:QBL8IZH14X,Clocortolone Pivalate,Clocortolone Pivalate (C27H36ClFO5),C27H36ClFO5,molecular formula,clocortolone,K1:85061HTR8T
K1:0B5M38T47H,Cobaltous Phosphate,Cobaltous Phosphate (Co3O8P2),Co3O8P2,molecular formula,cobaltous,K1:26SK597UWV;K1:2H2166872F;K1:7H73A68FUV;K1:7M7RX75BAL;K1:H7965X29HX;K1:RTJ1W9DF34
K1:26SK597UWV,Cobaltous Gluconate,Cobaltous Gluconate (C12H22CoO14),C12H22CoO14,molecular formula,cobaltous,K1:0B5M38T47H;K1:2H2166872F;K1:7H73A68FUV;K1:7M7RX75BAL;K1:H7965X29HX;K1:RTJ1W9DF34
K1:2H2166872F,Cobaltous Nitrate Hexahydrate,Cobaltous Nitrate Hexahydrate (H12CoN2O12),H12CoN2O12,molecular formula,cobaltous,K1:0B5M38T47H;K1:26SK597UWV;K1:7H73A68FUV;K1:7M7RX75BAL;K1:H7965X29HX;K1:RTJ1W9DF34
K1:7H73A68FUV,Cobaltous Carbonate,Cobaltous Carbonate (CCoO3),CCoO3,molecular formula,cobaltous,K1:0B5M38T47H;K1:26SK597UWV;K1:2H2166872F;K1:7M7RX75BAL;K1:H7965X29HX;K1:RTJ1W9DF34
K1:7M7RX75BAL,Cobaltous Bromide,Cobaltous Bromide (Br2Co),Br2Co,molecular formula,cobaltous,K1:0B5M38T47H;K1:26SK597UWV;K1:2H2166872F;K1:7H73A68FUV;K1:H7965X29HX;K1:RTJ1W9DF34
K1:H7965X29HX,Cobaltous Sulfate,Cobaltous Sulfate (CoO4S),CoO4S,molecular formula,cobaltous,K1:0B5M38T47H;K1:26SK597UWV;K1:2H2166872F;K1:7H73A68FUV;K1:7M7RX75BAL;K1:RTJ1W9DF34
K1:RTJ1W9DF34,Cobaltous Iodide,Cobaltous Iodide (CoI2),CoI2,molecular formula,cobaltous,K1:0B5M38T47H;K1:26SK597UWV;K1:2H2166872F;K1:7H73A68FUV;K1:7M7RX75BAL;K1:H7965X29HX
K2:PSOXOVKYGWBTPB-UHFFFAOYSA-N,COMPOUND 17,COMPOUND 17 (C29H28F3NO5S2),C29H28F3NO5S2,molecular formula,compound 17,K2:SEDFZSHSBUXKAC-NIYFSFCBSA-N
K2:SEDFZSHSBUXKAC-NIYFSFCBSA-N,COMPOUND 17,COMPOUND 17 (C27H26N6O),C27H26N6O,molecular formula,compound 17,K2:PSOXOVKYGWBTPB-UHFFFAOYSA-N
K1:451W47IQ8X,Compound solution of sodium chloride,Compound solution of sodium chloride (Sodium Chloride),Sodium Chloride,FDA substance register name,compound solution of,K1:TU7HW0W0QT
K1:TU7HW0W0QT,Compound solution of sodium lactate,Compound solution of sodium lactate (Sodium lactate),Sodium lactate,FDA substance register name,compound solution of,K1:451W47IQ8X
K2:BXDZOYLPNAIDOC-UHFFFAOYSA-N,CPD 2,CPD 2 (C40H52N8O10S2),C40H52N8O10S2,molecular formula,cpd 2,K2:FYMVGXGSNIVSKY-NRFANRHFSA-N;K2:JGQPZPLJOBHHBK-UFXYQILXSA-N;K2:QUQTXFIMYFMULC-OGOZKGDESA-N
K2:FYMVGXGSNIVSKY-NRFANRHFSA-N,CPD-2,CPD-2 (C23H19N5O),C23H19N5O,molecular formula,cpd 2,K2:BXDZOYLPNAIDOC-UHFFFAOYSA-N;K2:JGQPZPLJOBHHBK-UFXYQILXSA-N;K2:QUQTXFIMYFMULC-OGOZKGDESA-N
K2:JGQPZPLJOBHHBK-UFXYQILXSA-N,CPD 2,CPD 2 (C42H45ClN8O7S),C42H45ClN8O7S,molecular formula,cpd 2,K2:BXDZOYLPNAIDOC-UHFFFAOYSA-N;K2:FYMVGXGSNIVSKY-NRFANRHFSA-N;K2:QUQTXFIMYFMULC-OGOZKGDESA-N
K2:QUQTXFIMYFMULC-OGOZKGDESA-N,CPD 2,CPD 2 (C55H68N8O13S2),C55H68N8O13S2,molecular formula,cpd 2,K2:BXDZOYLPNAIDOC-UHFFFAOYSA-N;K2:FYMVGXGSNIVSKY-NRFANRHFSA-N;K2:JGQPZPLJOBHHBK-UFXYQILXSA-N
K1:0HP2H86BS6,Cupric Nitrate Hexahydrate,Cupric Nitrate Hexahydrate (H12CuN2O12),H12CuN2O12,molecular formula,cupric,K1:1KC430K0ZN;K1:LRX7AJ16DT;K1:N8NP6FR80R;K1:P484053J2Y;K1:S2QG84156O
K1:1KC430K0ZN,Cupric Bromide,Cupric Bromide (Br2Cu),Br2Cu,molecular formula,cupric,K1:0HP2H86BS6;K1:LRX7AJ16DT;K1:N8NP6FR80R;K1:P484053J2Y;K1:S2QG84156O
K1:LRX7AJ16DT,Cupric Sulfate,Cupric Sulfate (H10CuO9S),H10CuO9S,molecular formula,cupric,K1:0HP2H86BS6;K1:1KC430K0ZN;K1:N8NP6FR80R;K1:P484053J2Y;K1:S2QG84156O
K1:N8NP6FR80R,Cupric Phosphate,Cupric Phosphate (Cu3O8P2),Cu3O8P2,molecular formula,cupric,K1:0HP2H86BS6;K1:1KC430K0ZN;K1:LRX7AJ16DT;K1:P484053J2Y;K1:S2QG84156O
K1:P484053J2Y,CUPRIC CHLORIDE ANHYDROUS,CUPRIC CHLORIDE ANHYDROUS (Cl2Cu),Cl2Cu,molecular formula,cupric,K1:0HP2H86BS6;K1:1KC430K0ZN;K1:LRX7AJ16DT;K1:N8NP6FR80R;K1:S2QG84156O
K1:S2QG84156O,Cupric Chloride,Cupric Chloride (H4Cl2CuO2),H4Cl2CuO2,molecular formula,cupric,K1:0HP2H86BS6;K1:1KC430K0ZN;K1:LRX7AJ16DT;K1:N8NP6FR80R;K1:P484053J2Y
K1:KKV299446X,Daglutril,Daglutril (structure XMQODGUTLZXUGZ),structure XMQODGUTLZXUGZ,InChIKey skeleton,daglutril,K2:FVWPYVZWVOLAOP-DQEYMECFSA-N
K2:FVWPYVZWVOLAOP-DQEYMECFSA-N,Daglutril,Daglutril (structure FVWPYVZWVOLAOP),structure FVWPYVZWVOLAOP,InChIKey skeleton,daglutril,K1:KKV299446X
K1:N9J10KFG94,DEOXYURIDINE MONOPHOSPHATE,DEOXYURIDINE MONOPHOSPHATE (C9H13N2O8P),C9H13N2O8P,molecular formula,deoxyuridine,K1:W78I7AY22C
K1:W78I7AY22C,DEOXYURIDINE,DEOXYURIDINE (C9H12N2O5),C9H12N2O5,molecular formula,deoxyuridine,K1:N9J10KFG94
K1:16665T4A2X,Desoxycorticosterone Pivalate,Desoxycorticosterone Pivalate (C26H38O4),C26H38O4,molecular formula,desoxycorticosterone,K1:6E0A168OB8
K1:6E0A168OB8,Desoxycorticosterone Acetate,Desoxycorticosterone Acetate (C23H32O4),C23H32O4,molecular formula,desoxycorticosterone,K1:16665T4A2X
K1:2BP70L44PR,Dexamethasone Phosphate,Dexamethasone Phosphate (C22H30FO8P),C22H30FO8P,molecular formula,dexamethasone,K1:7S5I7G3JQL;K1:K7V8P532WP
K1:7S5I7G3JQL,Dexamethasone,Dexamethasone (C22H29FO5),C22H29FO5,molecular formula,dexamethasone,K1:2BP70L44PR;K1:K7V8P532WP
K1:K7V8P532WP,Dexamethasone Acetate Anhydrous,Dexamethasone Acetate Anhydrous (C24H31FO6),C24H31FO6,molecular formula,dexamethasone,K1:2BP70L44PR;K1:7S5I7G3JQL
K1:9S4S6CIY83,Dextromoramide,Dextromoramide (structure INUNXTSAACVKJS),structure INUNXTSAACVKJS,InChIKey skeleton,dextromoramide,K2:XHKXWINHANRSNT-NRFANRHFSA-N
K2:XHKXWINHANRSNT-NRFANRHFSA-N,Dextromoramide,Dextromoramide (structure XHKXWINHANRSNT),structure XHKXWINHANRSNT,InChIKey skeleton,dextromoramide,K1:9S4S6CIY83
K1:D20D148WPQ,Dienestrol Diacetate,Dienestrol Diacetate (C22H22O4),C22H22O4,molecular formula,dienestrol,K1:RRW32X4U1F
K1:RRW32X4U1F,Dienestrol,Dienestrol (C18H18O2),C18H18O2,molecular formula,dienestrol,K1:D20D148WPQ
K1:O10DDW6JOO,DIHYDROXYACETONE,DIHYDROXYACETONE (C3H6O3),C3H6O3,molecular formula,dihydroxyacetone,K1:T7KF2T6W95
K1:T7KF2T6W95,Dihydroxyacetone Phosphate,Dihydroxyacetone Phosphate (C3H7O6P),C3H7O6P,molecular formula,dihydroxyacetone,K1:O10DDW6JOO
K1:35LT29625A,Estramustine,Estramustine (C23H31Cl2NO3),C23H31Cl2NO3,molecular formula,estramustine,K1:MUZ9585Y7B
K1:MUZ9585Y7B,Estramustine Phosphate,Estramustine Phosphate (C23H32Cl2NO6P),C23H32Cl2NO6P,molecular formula,estramustine,K1:35LT29625A
K1:2DI9HA706A,Estrone,Estrone (C18H22O2),C18H22O2,molecular formula,estrone,K1:QTL48N278K
K1:QTL48N278K,Estrone Sulfate,Estrone Sulfate (C18H22O5S),C18H22O5S,molecular formula,estrone,K1:2DI9HA706A
K1:46U771ERWK,ETHYL CHLORIDE,ETHYL CHLORIDE (C2H5Cl),C2H5Cl,molecular formula,ethyl,K1:555U6TZ2MV;K2:QUPDWYMUPZLYJZ-UHFFFAOYSA-N
K1:555U6TZ2MV,ETHYL SALICYLATE,ETHYL SALICYLATE (C9H10O3),C9H10O3,molecular formula,ethyl,K1:46U771ERWK;K2:QUPDWYMUPZLYJZ-UHFFFAOYSA-N
K2:QUPDWYMUPZLYJZ-UHFFFAOYSA-N,Ethyl,Ethyl (C2H5),C2H5,molecular formula,ethyl,K1:46U771ERWK;K1:555U6TZ2MV
K1:62H10A1236,Ethynodiol Diacetate,Ethynodiol Diacetate (C24H32O4),C24H32O4,molecular formula,ethynodiol,K1:9E01C36A9S
K1:9E01C36A9S,ETHYNODIOL,ETHYNODIOL (C20H28O2),C20H28O2,molecular formula,ethynodiol,K1:62H10A1236
K1:528XYJ8L1N,ETOPOSIDE PHOSPHATE,ETOPOSIDE PHOSPHATE (C29H33O16P),C29H33O16P,molecular formula,etoposide,K1:6PLQ3CP4P3
K1:6PLQ3CP4P3,Etoposide,Etoposide (C29H32O13),C29H32O13,molecular formula,etoposide,K1:528XYJ8L1N
K1:444W947O8O,Europium,Europium (Eu),Eu,molecular formula,europium,K1:44642614WR
K1:44642614WR,Europium Oxide,Europium Oxide (Eu2O3),Eu2O3,molecular formula,europium,K1:444W947O8O
K1:0I2XIN602U,Ferric Chloride Hexahydrate,Ferric Chloride Hexahydrate (H12Cl3FeO6),H12Cl3FeO6,molecular formula,ferric,K1:3HWS7HF5XD;K1:434C3EI07T;K1:63G354M39Z;K1:9RDO128EH7;K1:N6BAA189V1;K1:U38V3ZVV3V;K1:UVP74NG1C5;K1:W108RK810P
K1:3HWS7HF5XD,FERRIC SULFATE,FERRIC SULFATE (H10Fe2O17S3),H10Fe2O17S3,molecular formula,ferric,K1:0I2XIN602U;K1:434C3EI07T;K1:63G354M39Z;K1:9RDO128EH7;K1:N6BAA189V1;K1:U38V3ZVV3V;K1:UVP74NG1C5;K1:W108RK810P
K1:434C3EI07T,FERRIC SODIUM CITRATE,FERRIC SODIUM CITRATE (C6H4FeNaO7),C6H4FeNaO7,molecular formula,ferric,K1:0I2XIN602U;K1:3HWS7HF5XD;K1:63G354M39Z;K1:9RDO128EH7;K1:N6BAA189V1;K1:U38V3ZVV3V;K1:UVP74NG1C5;K1:W108RK810P
K1:63G354M39Z,Ferric Citrate,Ferric Citrate (C6H5FeO7),C6H5FeO7,molecular formula,ferric,K1:0I2XIN602U;K1:3HWS7HF5XD;K1:434C3EI07T;K1:9RDO128EH7;K1:N6BAA189V1;K1:U38V3ZVV3V;K1:UVP74NG1C5;K1:W108RK810P
K1:9RDO128EH7,Ferric Bromide,Ferric Bromide (Br3Fe),Br3Fe,molecular formula,ferric,K1:0I2XIN602U;K1:3HWS7HF5XD;K1:434C3EI07T;K1:63G354M39Z;K1:N6BAA189V1;K1:U38V3ZVV3V;K1:UVP74NG1C5;K1:W108RK810P
K1:N6BAA189V1,Ferric Phosphate,Ferric Phosphate (FeO4P),FeO4P,molecular formula,ferric,K1:0I2XIN602U;K1:3HWS7HF5XD;K1:434C3EI07T;K1:63G354M39Z;K1:9RDO128EH7;K1:U38V3ZVV3V;K1:UVP74NG1C5;K1:W108RK810P
K1:U38V3ZVV3V,Ferric Chloride,Ferric Chloride (Cl3Fe),Cl3Fe,molecular formula,ferric,K1:0I2XIN602U;K1:3HWS7HF5XD;K1:434C3EI07T;K1:63G354M39Z;K1:9RDO128EH7;K1:N6BAA189V1;K1:UVP74NG1C5;K1:W108RK810P
K1:UVP74NG1C5,FERRIC AMMONIUM CITRATE,FERRIC AMMONIUM CITRATE (C6H11FeNO7+3),C6H11FeNO7+3,molecular formula,ferric,K1:0I2XIN602U;K1:3HWS7HF5XD;K1:434C3EI07T;K1:63G354M39Z;K1:9RDO128EH7;K1:N6BAA189V1;K1:U38V3ZVV3V;K1:W108RK810P
K1:W108RK810P,FERRIC GLUCONATE TRIHYDRATE,FERRIC GLUCONATE TRIHYDRATE (C18H39FeO24),C18H39FeO24,molecular formula,ferric,K1:0I2XIN602U;K1:3HWS7HF5XD;K1:434C3EI07T;K1:63G354M39Z;K1:9RDO128EH7;K1:N6BAA189V1;K1:U38V3ZVV3V;K1:UVP74NG1C5
K1:QK8899250F,Ferric Pyrophosphate,Ferric Pyrophosphate (Fe4O21P6),Fe4O21P6,molecular formula,ferric pyrophosphate,K1:UBY79OCO9G
K1:UBY79OCO9G,FERRIC PYROPHOSPHATE CITRATE,FERRIC PYROPHOSPHATE CITRATE (C18H24Fe4O42P6),C18H24Fe4O42P6,molecular formula,ferric pyrophosphate,K1:QK8899250F
K1:129CO35H12,Ferrous Arsenate,Ferrous Arsenate (As2Fe3O8),As2Fe3O8,molecular formula,ferrous,K1:33KM3X4QQW;K1:39R4TAN1VT;K1:781E2AXH0K;K1:818ZYK7N91;K1:D07L04MRWI;K1:DI3477D0PI;K1:F5452U54PN;K1:MZ3Q72U52O;K1:R5L488RY0Q;K1:U1B11I423Z;K1:Z56D82TX8V;K1:ZRW631PTZD
K1:33KM3X4QQW,FERROUS CITRATE,FERROUS CITRATE (C6H6FeO7),C6H6FeO7,molecular formula,ferrous,K1:129CO35H12;K1:39R4TAN1VT;K1:781E2AXH0K;K1:818ZYK7N91;K1:D07L04MRWI;K1:DI3477D0PI;K1:F5452U54PN;K1:MZ3Q72U52O;K1:R5L488RY0Q;K1:U1B11I423Z;K1:Z56D82TX8V;K1:ZRW631PTZD
K1:39R4TAN1VT,Ferrous Sulfate,Ferrous Sulfate (H14FeO11S),H14FeO11S,molecular formula,ferrous,K1:129CO35H12;K1:33KM3X4QQW;K1:781E2AXH0K;K1:818ZYK7N91;K1:D07L04MRWI;K1:DI3477D0PI;K1:F5452U54PN;K1:MZ3Q72U52O;K1:R5L488RY0Q;K1:U1B11I423Z;K1:Z56D82TX8V;K1:ZRW631PTZD
K1:781E2AXH0K,FERROUS GLUCONATE ANHYDROUS,FERROUS GLUCONATE ANHYDROUS (C12H22FeO14),C12H22FeO14,molecular formula,ferrous,K1:129CO35H12;K1:33KM3X4QQW;K1:39R4TAN1VT;K1:818ZYK7N91;K1:D07L04MRWI;K1:DI3477D0PI;K1:F5452U54PN;K1:MZ3Q72U52O;K1:R5L488RY0Q;K1:U1B11I423Z;K1:Z56D82TX8V;K1:ZRW631PTZD
K1:818ZYK7N91,FERROUS SUCCINATE,FERROUS SUCCINATE (C4H4FeO4),C4H4FeO4,molecular formula,ferrous,K1:129CO35H12;K1:33KM3X4QQW;K1:39R4TAN1VT;K1:781E2AXH0K;K1:D07L04MRWI;K1:DI3477D0PI;K1:F5452U54PN;K1:MZ3Q72U52O;K1:R5L488RY0Q;K1:U1B11I423Z;K1:Z56D82TX8V;K1:ZRW631PTZD
K1:D07L04MRWI,Ferrous Phosphate,Ferrous Phosphate (Fe3O8P2),Fe3O8P2,molecular formula,ferrous,K1:129CO35H12;K1:33KM3X4QQW;K1:39R4TAN1VT;K1:781E2AXH0K;K1:818ZYK7N91;K1:DI3477D0PI;K1:F5452U54PN;K1:MZ3Q72U52O;K1:R5L488RY0Q;K1:U1B11I423Z;K1:Z56D82TX8V;K1:ZRW631PTZD
K1:DI3477D0PI,FERROUS ASCORBATE,FERROUS ASCORBATE (C12H14FeO12),C12H14FeO12,molecular formula,ferrous,K1:129CO35H12;K1:33KM3X4QQW;K1:39R4TAN1VT;K1:781E2AXH0K;K1:818ZYK7N91;K1:D07L04MRWI;K1:F5452U54PN;K1:MZ3Q72U52O;K1:R5L488RY0Q;K1:U1B11I423Z;K1:Z56D82TX8V;K1:ZRW631PTZD
K1:F5452U54PN,Ferrous Iodide,Ferrous Iodide (FeI2),FeI2,molecular formula,ferrous,K1:129CO35H12;K1:33KM3X4QQW;K1:39R4TAN1VT;K1:781E2AXH0K;K1:818ZYK7N91;K1:D07L04MRWI;K1:DI3477D0PI;K1:MZ3Q72U52O;K1:R5L488RY0Q;K1:U1B11I423Z;K1:Z56D82TX8V;K1:ZRW631PTZD
K1:MZ3Q72U52O,Ferrous Carbonate,Ferrous Carbonate (CFeO3),CFeO3,molecular formula,ferrous,K1:129CO35H12;K1:33KM3X4QQW;K1:39R4TAN1VT;K1:781E2AXH0K;K1:818ZYK7N91;K1:D07L04MRWI;K1:DI3477D0PI;K1:F5452U54PN;K1:R5L488RY0Q;K1:U1B11I423Z;K1:Z56D82TX8V;K1:ZRW631PTZD
K1:R5L488RY0Q,Ferrous Fumarate,Ferrous Fumarate (C4H2FeO4),C4H2FeO4,molecular formula,ferrous,K1:129CO35H12;K1:33KM3X4QQW;K1:39R4TAN1VT;K1:781E2AXH0K;K1:818ZYK7N91;K1:D07L04MRWI;K1:DI3477D0PI;K1:F5452U54PN;K1:MZ3Q72U52O;K1:U1B11I423Z;K1:Z56D82TX8V;K1:ZRW631PTZD
K1:U1B11I423Z,Ferrous Gluconate,Ferrous Gluconate (C12H26FeO16),C12H26FeO16,molecular formula,ferrous,K1:129CO35H12;K1:33KM3X4QQW;K1:39R4TAN1VT;K1:781E2AXH0K;K1:818ZYK7N91;K1:D07L04MRWI;K1:DI3477D0PI;K1:F5452U54PN;K1:MZ3Q72U52O;K1:R5L488RY0Q;K1:Z56D82TX8V;K1:ZRW631PTZD
K1:Z56D82TX8V,FERROUS ASPARTATE,FERROUS ASPARTATE (C4H5FeNO4),C4H5FeNO4,molecular formula,ferrous,K1:129CO35H12;K1:33KM3X4QQW;K1:39R4TAN1VT;K1:781E2AXH0K;K1:818ZYK7N91;K1:D07L04MRWI;K1:DI3477D0PI;K1:F5452U54PN;K1:MZ3Q72U52O;K1:R5L488RY0Q;K1:U1B11I423Z;K1:ZRW631PTZD
K1:ZRW631PTZD,FERROUS TARTRATE,FERROUS TARTRATE (C4H4FeO6),C4H4FeO6,molecular formula,ferrous,K1:129CO35H12;K1:33KM3X4QQW;K1:39R4TAN1VT;K1:781E2AXH0K;K1:818ZYK7N91;K1:D07L04MRWI;K1:DI3477D0PI;K1:F5452U54PN;K1:MZ3Q72U52O;K1:R5L488RY0Q;K1:U1B11I423Z;K1:Z56D82TX8V
K1:1X9VK9O1SC,FLUDARABINE PHOSPHATE,FLUDARABINE PHOSPHATE (C10H13FN5O7P),C10H13FN5O7P,molecular formula,fludarabine,K1:P2K93U8740
K1:P2K93U8740,Fludarabine,Fludarabine (C10H12FN5O4),C10H12FN5O4,molecular formula,fludarabine,K1:1X9VK9O1SC
K1:ZO2JV75L55,Fludeoxyglucose,Fludeoxyglucose (UNII ZO2JV75L55),UNII ZO2JV75L55,FDA UNII,fludeoxyglucose,K2:ZCXUVYAZINUVJD-IVMDWMLBSA-N
K2:ZCXUVYAZINUVJD-IVMDWMLBSA-N,FLUDEOXYGLUCOSE,FLUDEOXYGLUCOSE (UNII 0Z5B2CJX4D),UNII 0Z5B2CJX4D,FDA UNII,fludeoxyglucose,K1:ZO2JV75L55
K1:93X55PE38X,FLUORESCEIN SODIUM,FLUORESCEIN SODIUM (UNII 93X55PE38X),UNII 93X55PE38X,FDA UNII,fluorescein,K1:TPY09G7XIR
K1:TPY09G7XIR,Fluorescein,Fluorescein (UNII TPY09G7XIR),UNII TPY09G7XIR,FDA UNII,fluorescein,K1:93X55PE38X
K1:JS86977WNV,Fluticasone furoate,Fluticasone furoate (Cytochrome P450 2C8),Cytochrome P450 2C8,Inxight primary target,fluticasone,K1:O2GMZ0LF5W
K1:O2GMZ0LF5W,Fluticasone Propionate,Fluticasone Propionate (Progesterone receptor),Progesterone receptor,Inxight primary target,fluticasone,K1:JS86977WNV
K1:M7522JYX1H,Fosfructose,Fosfructose (structure XPYBSIWDXQFNMH),structure XPYBSIWDXQFNMH,InChIKey skeleton,fosfructose,K2:RNBGYGVWRKECFJ-VRPWFDPXSA-N
K2:RNBGYGVWRKECFJ-VRPWFDPXSA-N,Fosfructose,Fosfructose (structure RNBGYGVWRKECFJ),structure RNBGYGVWRKECFJ,InChIKey skeleton,fosfructose,K1:M7522JYX1H
K1:06O0TC0VSM,Fucoxanthin,Fucoxanthin (C42H58O6),C42H58O6,molecular formula,fucoxanthin,K2:MNUMHDZZMWCBBX-JWAQYZNWSA-N
K2:MNUMHDZZMWCBBX-JWAQYZNWSA-N,FUCOXANTHIN,FUCOXANTHIN (C40H56O6),C40H56O6,molecular formula,fucoxanthin,K1:06O0TC0VSM
K1:E65RW73PHS,Gadofosveset,Gadofosveset (C33H41GdN3O14P),C33H41GdN3O14P,molecular formula,gadofosveset,K1:XM33Q67UVH
K1:XM33Q67UVH,GADOFOSVESET TRISODIUM,GADOFOSVESET TRISODIUM (C33H40GdN3Na3O15P),C33H40GdN3Na3O15P,molecular formula,gadofosveset,K1:E65RW73PHS
K1:5480D0NHLJ,Gadolinium Oxide,Gadolinium Oxide (Gd2O3),Gd2O3,molecular formula,gadolinium,K1:AU0V1LM3JT
K1:AU0V1LM3JT,Gadolinium,Gadolinium (Gd),Gd,molecular formula,gadolinium,K1:5480D0NHLJ
K1:X2RN3Q8DNE,GALACTOSE,GALACTOSE (structure GZCGUPFRVQAUEE),structure GZCGUPFRVQAUEE,InChIKey skeleton,galactose,K2:WQZGKKKJIJFFOK-SVZMEOIVSA-N
K2:WQZGKKKJIJFFOK-SVZMEOIVSA-N,D-GALACTOSE,D-GALACTOSE (structure WQZGKKKJIJFFOK),structure WQZGKKKJIJFFOK,InChIKey skeleton,galactose,K1:X2RN3Q8DNE
K1:39WPC8JHR8,Gallopamil,Gallopamil (C28H40N2O5),C28H40N2O5,molecular formula,gallopamil,K2:IERWCEALNGTKIK-UHFFFAOYSA-N
K2:IERWCEALNGTKIK-UHFFFAOYSA-N,Gallopamil,Gallopamil (C26H36N2O3),C26H36N2O3,molecular formula,gallopamil,K1:39WPC8JHR8
K1:3KX376GY7L,Glutamic acid,Glutamic acid (C5H9NO4),C5H9NO4,molecular formula,glutamic acid,K1:M0C2SP444T
K1:M0C2SP444T,GLUTAMIC ACID HYDROCHLORIDE,GLUTAMIC ACID HYDROCHLORIDE (C5H10ClNO4),C5H10ClNO4,molecular formula,glutamic acid,K1:3KX376GY7L
K1:1NA86SF2H2,Glyceryl 1-ACETATE,Glyceryl 1-ACETATE (Aquaporin-7),Aquaporin-7,Inxight primary target,glyceryl 1,K1:258491E1RZ;K1:370V52HE4B;K1:9NTI6P3O4X;K1:D3AEF6S35P;K1:WR963Y5QYW
K1:258491E1RZ,Glyceryl 1-STEARATE,Glyceryl 1-STEARATE (Cyclooxygenase-2),Cyclooxygenase-2,Inxight primary target,glyceryl 1,K1:1NA86SF2H2;K1:370V52HE4B;K1:9NTI6P3O4X;K1:D3AEF6S35P;K1:WR963Y5QYW
K1:370V52HE4B,"Glyceryl 1-PHOSPHATE, (R)-","Glyceryl 1-PHOSPHATE, (R)- (Glycerol-3-phosphate dehydrogenase [NAD(+)], cytoplasmic)","Glycerol-3-phosphate dehydrogenase [NAD(+)], cytoplasmic",Inxight primary target,glyceryl 1,K1:1NA86SF2H2;K1:258491E1RZ;K1:9NTI6P3O4X;K1:D3AEF6S35P;K1:WR963Y5QYW
K1:9NTI6P3O4X,Glyceryl 1-PHOSPHATE,Glyceryl 1-PHOSPHATE (glycerol-3-phosphate dehydrogenase 1),glycerol-3-phosphate dehydrogenase 1,Inxight primary target,glyceryl 1,K1:1NA86SF2H2;K1:258491E1RZ;K1:370V52HE4B;K1:D3AEF6S35P;K1:WR963Y5QYW
K1:D3AEF6S35P,Glyceryl 1-OLEATE,Glyceryl 1-OLEATE (Phospholipase A2 group IIA),Phospholipase A2 group IIA,Inxight primary target,glyceryl 1,K1:1NA86SF2H2;K1:258491E1RZ;K1:370V52HE4B;K1:9NTI6P3O4X;K1:WR963Y5QYW
K1:WR963Y5QYW,Glyceryl 1-LAURATE,Glyceryl 1-LAURATE (Beta-lactamase),Beta-lactamase,Inxight primary target,glyceryl 1,K1:1NA86SF2H2;K1:258491E1RZ;K1:370V52HE4B;K1:9NTI6P3O4X;K1:D3AEF6S35P
K1:3I1VBB7AXH,Glycol Salicylate,Glycol Salicylate (C9H10O4),C9H10O4,molecular formula,glycol,K1:FC72KVT52F
K1:FC72KVT52F,Glycol,Glycol (C2H6O2),C2H6O2,molecular formula,glycol,K1:3I1VBB7AXH
K1:5IE62321P4,Gramicidin,Gramicidin (mixture),mixture,GSRS substance class,gramicidin,K1:WHM29QA23F
K1:WHM29QA23F,Gramicidin s,Gramicidin s (small molecule),small molecule,GSRS substance class,gramicidin,K1:5IE62321P4
K1:12133JR80S,Guanosine,Guanosine (cell proliferation),cell proliferation,Inxight primary target,guanosine,K1:16597955EP
K1:16597955EP,Guanosine Monophosphate,Guanosine Monophosphate (RNA biosynthetic process),RNA biosynthetic process,Inxight primary target,guanosine,K1:12133JR80S
K1:3C4Z4KG52T,HAFNIUM OXIDE,HAFNIUM OXIDE (HfO2),HfO2,molecular formula,hafnium,K1:X71938L1DO
K1:X71938L1DO,Hafnium,Hafnium (Hf),Hf,molecular formula,hafnium,K1:3C4Z4KG52T
K1:2Y87E22X71,Hydrocortisone Phosphate,Hydrocortisone Phosphate (C21H31O8P),C21H31O8P,molecular formula,hydrocortisone,K1:O6550D6K3A;K1:WI4X0X7BPJ
K1:O6550D6K3A,Hydrocortisone Probutate,Hydrocortisone Probutate (C28H40O7),C28H40O7,molecular formula,hydrocortisone,K1:2Y87E22X71;K1:WI4X0X7BPJ
K1:WI4X0X7BPJ,Hydrocortisone,Hydrocortisone (C21H30O5),C21H30O5,molecular formula,hydrocortisone,K1:2Y87E22X71;K1:O6550D6K3A
K1:46CWK97Z3K,Ixazomib Citrate,Ixazomib Citrate (C20H23BCl2N2O9),C20H23BCl2N2O9,molecular formula,ixazomib,K1:71050168A2
K1:71050168A2,Ixazomib,Ixazomib (C14H19BCl2N2O4),C14H19BCl2N2O4,molecular formula,ixazomib,K1:46CWK97Z3K
K1:2P299V784P,Lead,Lead (Pb),Pb,molecular formula,lead,K1:OTL90F2GLT
K1:OTL90F2GLT,Lead Iodide,Lead Iodide (I2Pb),I2Pb,molecular formula,lead,K1:2P299V784P
K1:3655633623,LITHIUM CITRATE ANHYDROUS,LITHIUM CITRATE ANHYDROUS (C6H5Li3O7),C6H5Li3O7,molecular formula,lithium,K1:5Z6E9K79YV
K1:5Z6E9K79YV,Lithium Citrate,Lithium Citrate (C6H13Li3O11),C6H13Li3O11,molecular formula,lithium,K1:3655633623
K1:6X9OC3H4II,Loperamide,Loperamide (Mu opioid receptor),Mu opioid receptor,Inxight primary target,loperamide,K1:NG66S4H2RL
K1:NG66S4H2RL,Loperamide oxide,Loperamide oxide (oxidation-reduction process),oxidation-reduction process,Inxight primary target,loperamide,K1:6X9OC3H4II
K1:23227F83U0,Lysine Aspartate,Lysine Aspartate (C10H21N3O6),C10H21N3O6,molecular formula,lysine,K1:K3Z4F929H6
K1:K3Z4F929H6,Lysine,Lysine (C6H14N2O2),C6H14N2O2,molecular formula,lysine,K1:23227F83U0
K1:0MFM55849I,MAGALDRATE ANHYDROUS,MAGALDRATE ANHYDROUS (H31Al5Mg10O39S2),H31Al5Mg10O39S2,molecular formula,magaldrate,K1:6V88E24N5T
K1:6V88E24N5T,Magaldrate,Magaldrate (H33Al5Mg10O40S2),H33Al5Mg10O40S2,molecular formula,magaldrate,K1:0MFM55849I
K1:02F3473H9O,Magnesium Chloride,Magnesium Chloride (structure DHRRIBDTHFBPNG),structure DHRRIBDTHFBPNG,InChIKey skeleton,magnesium,K1:3A3U0GI71G;K1:41728CY7UX;K1:4G1MLN2EKF;K1:59XN63C8VM;K1:5N014C7IWU;K1:I38ZP9992A;K1:JQ69D454N1;K1:ML30MJ2U7I;K1:NBZ3QY004S;K1:PE152PYI6M;K1:SK47B8698T;K2:CPLXHLVBOLITMK-UHFFFAOYSA-N
K1:3A3U0GI71G,Magnesium Oxide,Magnesium Oxide (structure AXZKOIWUVFPNLO),structure AXZKOIWUVFPNLO,InChIKey skeleton,magnesium,K1:02F3473H9O;K1:41728CY7UX;K1:4G1MLN2EKF;K1:59XN63C8VM;K1:5N014C7IWU;K1:I38ZP9992A;K1:JQ69D454N1;K1:ML30MJ2U7I;K1:NBZ3QY004S;K1:PE152PYI6M;K1:SK47B8698T;K2:CPLXHLVBOLITMK-UHFFFAOYSA-N
K1:41728CY7UX,Magnesium Salicylate,Magnesium Salicylate (structure NBQBEWAYWAMLJJ),structure NBQBEWAYWAMLJJ,InChIKey skeleton,magnesium,K1:02F3473H9O;K1:3A3U0GI71G;K1:4G1MLN2EKF;K1:59XN63C8VM;K1:5N014C7IWU;K1:I38ZP9992A;K1:JQ69D454N1;K1:ML30MJ2U7I;K1:NBZ3QY004S;K1:PE152PYI6M;K1:SK47B8698T;K2:CPLXHLVBOLITMK-UHFFFAOYSA-N
K1:4G1MLN2EKF,"MAGNESIUM LACTATE DIHYDRATE, L-","MAGNESIUM LACTATE DIHYDRATE, L- (structure KSHMINBVGAHXNS)",structure KSHMINBVGAHXNS,InChIKey skeleton,magnesium,K1:02F3473H9O;K1:3A3U0GI71G;K1:41728CY7UX;K1:59XN63C8VM;K1:5N014C7IWU;K1:I38ZP9992A;K1:JQ69D454N1;K1:ML30MJ2U7I;K1:NBZ3QY004S;K1:PE152PYI6M;K1:SK47B8698T;K2:CPLXHLVBOLITMK-UHFFFAOYSA-N
K1:59XN63C8VM,MAGNESIUM CHLORIDE ANHYDROUS,MAGNESIUM CHLORIDE ANHYDROUS (structure TWRXJAOTZQYOKJ),structure TWRXJAOTZQYOKJ,InChIKey skeleton,magnesium,K1:02F3473H9O;K1:3A3U0GI71G;K1:41728CY7UX;K1:4G1MLN2EKF;K1:5N014C7IWU;K1:I38ZP9992A;K1:JQ69D454N1;K1:ML30MJ2U7I;K1:NBZ3QY004S;K1:PE152PYI6M;K1:SK47B8698T;K2:CPLXHLVBOLITMK-UHFFFAOYSA-N
K1:5N014C7IWU,Magnesium Fluoride,Magnesium Fluoride (structure ORUIBWPALBXDOA),structure ORUIBWPALBXDOA,InChIKey skeleton,magnesium,K1:02F3473H9O;K1:3A3U0GI71G;K1:41728CY7UX;K1:4G1MLN2EKF;K1:59XN63C8VM;K1:I38ZP9992A;K1:JQ69D454N1;K1:ML30MJ2U7I;K1:NBZ3QY004S;K1:PE152PYI6M;K1:SK47B8698T;K2:CPLXHLVBOLITMK-UHFFFAOYSA-N
K1:I38ZP9992A,Magnesium,Magnesium (structure FYYHWMGAXLPEAU),structure FYYHWMGAXLPEAU,InChIKey skeleton,magnesium,K1:02F3473H9O;K1:3A3U0GI71G;K1:41728CY7UX;K1:4G1MLN2EKF;K1:59XN63C8VM;K1:5N014C7IWU;K1:JQ69D454N1;K1:ML30MJ2U7I;K1:NBZ3QY004S;K1:PE152PYI6M;K1:SK47B8698T;K2:CPLXHLVBOLITMK-UHFFFAOYSA-N
K1:JQ69D454N1,Magnesium Salicylate Anhydrous,Magnesium Salicylate Anhydrous (structure MQHWFIOJQSCFNM),structure MQHWFIOJQSCFNM,InChIKey skeleton,magnesium,K1:02F3473H9O;K1:3A3U0GI71G;K1:41728CY7UX;K1:4G1MLN2EKF;K1:59XN63C8VM;K1:5N014C7IWU;K1:I38ZP9992A;K1:ML30MJ2U7I;K1:NBZ3QY004S;K1:PE152PYI6M;K1:SK47B8698T;K2:CPLXHLVBOLITMK-UHFFFAOYSA-N
K1:ML30MJ2U7I,Magnesium Sulfate Anhydrous,Magnesium Sulfate Anhydrous (structure CSNNHWWHGAXBCP),structure CSNNHWWHGAXBCP,InChIKey skeleton,magnesium,K1:02F3473H9O;K1:3A3U0GI71G;K1:41728CY7UX;K1:4G1MLN2EKF;K1:59XN63C8VM;K1:5N014C7IWU;K1:I38ZP9992A;K1:JQ69D454N1;K1:NBZ3QY004S;K1:PE152PYI6M;K1:SK47B8698T;K2:CPLXHLVBOLITMK-UHFFFAOYSA-N
K1:NBZ3QY004S,Magnesium Hydroxide,Magnesium Hydroxide (structure VTHJTEIRLNZDEV),structure VTHJTEIRLNZDEV,InChIKey skeleton,magnesium,K1:02F3473H9O;K1:3A3U0GI71G;K1:41728CY7UX;K1:4G1MLN2EKF;K1:59XN63C8VM;K1:5N014C7IWU;K1:I38ZP9992A;K1:JQ69D454N1;K1:ML30MJ2U7I;K1:PE152PYI6M;K1:SK47B8698T;K2:CPLXHLVBOLITMK-UHFFFAOYSA-N
K1:PE152PYI6M,"MAGNESIUM LACTATE, L-","MAGNESIUM LACTATE, L- (structure OVGXLJDWSLQDRT)",structure OVGXLJDWSLQDRT,InChIKey skeleton,magnesium,K1:02F3473H9O;K1:3A3U0GI71G;K1:41728CY7UX;K1:4G1MLN2EKF;K1:59XN63C8VM;K1:5N014C7IWU;K1:I38ZP9992A;K1:JQ69D454N1;K1:ML30MJ2U7I;K1:NBZ3QY004S;K1:SK47B8698T;K2:CPLXHLVBOLITMK-UHFFFAOYSA-N
K1:SK47B8698T,Magnesium Sulfate Heptahydrate,Magnesium Sulfate Heptahydrate (structure WRUGWIBCXHJTDG),structure WRUGWIBCXHJTDG,InChIKey skeleton,magnesium,K1:02F3473H9O;K1:3A3U0GI71G;K1:41728CY7UX;K1:4G1MLN2EKF;K1:59XN63C8VM;K1:5N014C7IWU;K1:I38ZP9992A;K1:JQ69D454N1;K1:ML30MJ2U7I;K1:NBZ3QY004S;K1:PE152PYI6M;K2:CPLXHLVBOLITMK-UHFFFAOYSA-N
K2:CPLXHLVBOLITMK-UHFFFAOYSA-N,MAGNESIUM OXIDE,MAGNESIUM OXIDE (structure CPLXHLVBOLITMK),structure CPLXHLVBOLITMK,InChIKey skeleton,magnesium,K1:02F3473H9O;K1:3A3U0GI71G;K1:41728CY7UX;K1:4G1MLN2EKF;K1:59XN63C8VM;K1:5N014C7IWU;K1:I38ZP9992A;K1:JQ69D454N1;K1:ML30MJ2U7I;K1:NBZ3QY004S;K1:PE152PYI6M;K1:SK47B8698T
K1:A1Y870209Z,"Magnesium Phosphate, Dibasic","Magnesium Phosphate, Dibasic (HMgO4P)",HMgO4P,molecular formula,magnesium phosphate dibasic,K1:HF539G9L3Q
K1:HF539G9L3Q,"Magnesium PHOSPHATE, Dibasic Trihydrate","Magnesium PHOSPHATE, Dibasic Trihydrate (H7MgO7P)",H7MgO7P,molecular formula,magnesium phosphate dibasic,K1:A1Y870209Z
K1:129FW80TG4,MANGAFODIPIR TRISODIUM,MANGAFODIPIR TRISODIUM (C22H27MnN4Na3O14P2),C22H27MnN4Na3O14P2,molecular formula,mangafodipir,K1:N02W67RKJS
K1:N02W67RKJS,Mangafodipir,Mangafodipir (C22H30MnN4O14P2),C22H30MnN4O14P2,molecular formula,mangafodipir,K1:129FW80TG4
K1:5Q9VVO3QCN,Manganese Iodide,Manganese Iodide (I2Mn),I2Mn,molecular formula,manganese,K1:6PH9331Y9Z;K1:6YB4901Y90;K1:7G09WJ8QIR;K1:9ZV57512ZM;K1:I389H78514;K1:IGA15S9H40;K1:QQE170PANO;K1:U70U4T7N6S;K1:W00LYS4T26
K1:6PH9331Y9Z,Manganese Lactate,Manganese Lactate (C6H10MnO6),C6H10MnO6,molecular formula,manganese,K1:5Q9VVO3QCN;K1:6YB4901Y90;K1:7G09WJ8QIR;K1:9ZV57512ZM;K1:I389H78514;K1:IGA15S9H40;K1:QQE170PANO;K1:U70U4T7N6S;K1:W00LYS4T26
K1:6YB4901Y90,MANGANESE CHLORIDE ANHYDROUS,MANGANESE CHLORIDE ANHYDROUS (Cl2Mn),Cl2Mn,molecular formula,manganese,K1:5Q9VVO3QCN;K1:6PH9331Y9Z;K1:7G09WJ8QIR;K1:9ZV57512ZM;K1:I389H78514;K1:IGA15S9H40;K1:QQE170PANO;K1:U70U4T7N6S;K1:W00LYS4T26
K1:7G09WJ8QIR,Manganese Gluconate Anhydrous,Manganese Gluconate Anhydrous (C12H22MnO14),C12H22MnO14,molecular formula,manganese,K1:5Q9VVO3QCN;K1:6PH9331Y9Z;K1:6YB4901Y90;K1:9ZV57512ZM;K1:I389H78514;K1:IGA15S9H40;K1:QQE170PANO;K1:U70U4T7N6S;K1:W00LYS4T26
K1:9ZV57512ZM,Manganese Carbonate,Manganese Carbonate (CMnO3),CMnO3,molecular formula,manganese,K1:5Q9VVO3QCN;K1:6PH9331Y9Z;K1:6YB4901Y90;K1:7G09WJ8QIR;K1:I389H78514;K1:IGA15S9H40;K1:QQE170PANO;K1:U70U4T7N6S;K1:W00LYS4T26
K1:I389H78514,Manganese Nitrate,Manganese Nitrate (MnN2O6),MnN2O6,molecular formula,manganese,K1:5Q9VVO3QCN;K1:6PH9331Y9Z;K1:6YB4901Y90;K1:7G09WJ8QIR;K1:9ZV57512ZM;K1:IGA15S9H40;K1:QQE170PANO;K1:U70U4T7N6S;K1:W00LYS4T26
K1:IGA15S9H40,MANGANESE SULFATE ANHYDROUS,MANGANESE SULFATE ANHYDROUS (MnO4S),MnO4S,molecular formula,manganese,K1:5Q9VVO3QCN;K1:6PH9331Y9Z;K1:6YB4901Y90;K1:7G09WJ8QIR;K1:9ZV57512ZM;K1:I389H78514;K1:QQE170PANO;K1:U70U4T7N6S;K1:W00LYS4T26
K1:QQE170PANO,Manganese Chloride,Manganese Chloride (H8Cl2MnO4),H8Cl2MnO4,molecular formula,manganese,K1:5Q9VVO3QCN;K1:6PH9331Y9Z;K1:6YB4901Y90;K1:7G09WJ8QIR;K1:9ZV57512ZM;K1:I389H78514;K1:IGA15S9H40;K1:U70U4T7N6S;K1:W00LYS4T26
K1:U70U4T7N6S,Manganese Bromide,Manganese Bromide (Br2Mn),Br2Mn,molecular formula,manganese,K1:5Q9VVO3QCN;K1:6PH9331Y9Z;K1:6YB4901Y90;K1:7G09WJ8QIR;K1:9ZV57512ZM;K1:I389H78514;K1:IGA15S9H40;K1:QQE170PANO;K1:W00LYS4T26
K1:W00LYS4T26,Manganese Sulfate,Manganese Sulfate (H2MnO5S),H2MnO5S,molecular formula,manganese,K1:5Q9VVO3QCN;K1:6PH9331Y9Z;K1:6YB4901Y90;K1:7G09WJ8QIR;K1:9ZV57512ZM;K1:I389H78514;K1:IGA15S9H40;K1:QQE170PANO;K1:U70U4T7N6S
K1:4B135RK2KL,Manitimus,Manitimus (C15H11F3N2O2),C15H11F3N2O2,molecular formula,manitimus,K2:OQUXVPJVBSENGK-QXMHVHEDSA-N
K2:OQUXVPJVBSENGK-QXMHVHEDSA-N,Manitimus,Manitimus (C14H10F3N3O2),C14H10F3N3O2,molecular formula,manitimus,K1:4B135RK2KL
HOLD:existing:menadiol,Menadiol,Menadiol (UNII VQ093653DO),UNII VQ093653DO,FDA UNII,menadiol,K1:4TGB4HYC3M;K1:GRL65FEU3T
K1:4TGB4HYC3M,Menadiol Disulfate,Menadiol Disulfate (UNII 4TGB4HYC3M),UNII 4TGB4HYC3M,FDA UNII,menadiol,HOLD:existing:menadiol;K1:GRL65FEU3T
K1:GRL65FEU3T,Menadiol Diphosphate,Menadiol Diphosphate (UNII GRL65FEU3T),UNII GRL65FEU3T,FDA UNII,menadiol,HOLD:existing:menadiol;K1:4TGB4HYC3M
K1:53GH7MZT1R,Mercuric Chloride,Mercuric Chloride (Cl2Hg),Cl2Hg,molecular formula,mercuric,K1:IY191986AO;K1:R03O05RB0P
K1:IY191986AO,Mercuric Oxide,Mercuric Oxide (HgO),HgO,molecular formula,mercuric,K1:53GH7MZT1R;K1:R03O05RB0P
K1:R03O05RB0P,Mercuric Iodide,Mercuric Iodide (HgI2),HgI2,molecular formula,mercuric,K1:53GH7MZT1R;K1:IY191986AO
K1:HT0935F2JR,Mercurous Iodide,Mercurous Iodide (Hg2I2),Hg2I2,molecular formula,mercurous,K1:JSJ4936A2S
K1:JSJ4936A2S,Mercurous Bromide,Mercurous Bromide (Br2Hg2),Br2Hg2,molecular formula,mercurous,K1:HT0935F2JR
K1:9100L32L2N,Metformin,Metformin (C4H11N5),C4H11N5,molecular formula,metformin,K1:YEI21W005Y
K1:YEI21W005Y,Metformin glycinate,Metformin glycinate (C6H16N6O2),C6H16N6O2,molecular formula,metformin,K1:9100L32L2N
K1:0SPD480WFH,METHENOLONE ENANTHATE,METHENOLONE ENANTHATE (C27H42O3),C27H42O3,molecular formula,methenolone,K1:W75590VPKQ
K1:W75590VPKQ,Methenolone Acetate,Methenolone Acetate (C22H32O3),C22H32O3,molecular formula,methenolone,K1:0SPD480WFH
K1:RHH3W8F1CO,Metrizamide,Metrizamide (structure DTZMSDADRKLCQE),structure DTZMSDADRKLCQE,InChIKey skeleton,metrizamide,K2:BAQCROVBDNBEEB-UBYUBLNFSA-N
K2:BAQCROVBDNBEEB-UBYUBLNFSA-N,Metrizamide,Metrizamide (structure BAQCROVBDNBEEB),structure BAQCROVBDNBEEB,InChIKey skeleton,metrizamide,K1:RHH3W8F1CO
K1:9JH486CZ13,MOLIDUSTAT,MOLIDUSTAT (UNII 9JH486CZ13),UNII 9JH486CZ13,FDA UNII,molidustat,K1:CI0NE7C96T
K1:CI0NE7C96T,MOLIDUSTAT SODIUM,MOLIDUSTAT SODIUM (UNII CI0NE7C96T),UNII CI0NE7C96T,FDA UNII,molidustat,K1:9JH486CZ13
K1:4G8X27X87A,Monlunabant,Monlunabant (structure GYJPQNPVIJXXTA),structure GYJPQNPVIJXXTA,InChIKey skeleton,monlunabant,K2:BWTOCEGDOPMUFY-QHCPKHFHSA-N
K2:BWTOCEGDOPMUFY-QHCPKHFHSA-N,Monlunabant,Monlunabant (structure BWTOCEGDOPMUFY),structure BWTOCEGDOPMUFY,InChIKey skeleton,monlunabant,K1:4G8X27X87A
K1:45IUB1PX8R,Monomethyl fumarate,Monomethyl fumarate (C5H6O4),C5H6O4,molecular formula,monomethyl,K2:BYBMHSADRRMVHY-UHFFFAOYSA-N
K2:BYBMHSADRRMVHY-UHFFFAOYSA-N,Monomethyl,Monomethyl (C7H12O4),C7H12O4,molecular formula,monomethyl,K1:45IUB1PX8R
K1:8B2ZCK305O,MORPHOLINE,MORPHOLINE (C4H9NO),C4H9NO,molecular formula,morpholine,K2:BMOINOKSLLYQQE-UHFFFAOYSA-N
K2:BMOINOKSLLYQQE-UHFFFAOYSA-N,MORPHOLINE SALICYLATE,MORPHOLINE SALICYLATE (C11H13NO4),C11H13NO4,molecular formula,morpholine,K1:8B2ZCK305O
K1:0U46U6E8UK,Nadide,Nadide (C21H27N7O14P2),C21H27N7O14P2,molecular formula,nadide,K1:BY8P107XEP
K1:BY8P107XEP,Nadide Phosphate,Nadide Phosphate (C21H28N7O17P3),C21H28N7O17P3,molecular formula,nadide,K1:0U46U6E8UK
K1:6PG9VR430D,Nandrolone,Nandrolone (C18H26O2),C18H26O2,molecular formula,nandrolone,K2:REACBNMPQDINOF-YBBIQVIJSA-N
K2:REACBNMPQDINOF-YBBIQVIJSA-N,Nandrolone,Nandrolone (C28H38O3),C28H38O3,molecular formula,nandrolone,K1:6PG9VR430D
K1:2I87U3734A,Neodymium,Neodymium (Nd),Nd,molecular formula,neodymium,K1:AYT3H319PN
K1:AYT3H319PN,Neodymium Oxide,Neodymium Oxide (Nd2O3),Nd2O3,molecular formula,neodymium,K1:2I87U3734A
K1:41SGH8A2S6,Nickel Bromide,Nickel Bromide (Br2Ni),Br2Ni,molecular formula,nickel,K1:4FLT4T3WUN;K1:696BNE976J;K1:69NBB20493;K1:7OV03QG267;K1:JC9WZ4FK68
K1:4FLT4T3WUN,Nickel Sulfate,Nickel Sulfate (NiO4S),NiO4S,molecular formula,nickel,K1:41SGH8A2S6;K1:696BNE976J;K1:69NBB20493;K1:7OV03QG267;K1:JC9WZ4FK68
K1:696BNE976J,Nickel Chloride,Nickel Chloride (Cl2Ni),Cl2Ni,molecular formula,nickel,K1:41SGH8A2S6;K1:4FLT4T3WUN;K1:69NBB20493;K1:7OV03QG267;K1:JC9WZ4FK68
K1:69NBB20493,Nickel Fluoride,Nickel Fluoride (F2Ni),F2Ni,molecular formula,nickel,K1:41SGH8A2S6;K1:4FLT4T3WUN;K1:696BNE976J;K1:7OV03QG267;K1:JC9WZ4FK68
K1:7OV03QG267,Nickel,Nickel (Ni),Ni,molecular formula,nickel,K1:41SGH8A2S6;K1:4FLT4T3WUN;K1:696BNE976J;K1:69NBB20493;K1:JC9WZ4FK68
K1:JC9WZ4FK68,Nickel Sulfate Hexahydrate,Nickel Sulfate Hexahydrate (H12NiO10S),H12NiO10S,molecular formula,nickel,K1:41SGH8A2S6;K1:4FLT4T3WUN;K1:696BNE976J;K1:69NBB20493;K1:7OV03QG267
K1:9S44LIC7OJ,NORETHINDRONE ACETATE,NORETHINDRONE ACETATE (C22H28O3),C22H28O3,molecular formula,norethindrone,K1:HY3S2K0J0F
K1:HY3S2K0J0F,Norethindrone Enanthate,Norethindrone Enanthate (C27H38O3),C27H38O3,molecular formula,norethindrone,K1:9S44LIC7OJ
K1:XO23PGZ0SM,PF 00477736,PF 00477736 (structure NDEXUOWTGYUVGA),structure NDEXUOWTGYUVGA,InChIKey skeleton,pf 00477736,K2:YFNWWNRZJGMDBR-UHFFFAOYSA-N
K2:YFNWWNRZJGMDBR-UHFFFAOYSA-N,PF-00477736,PF-00477736 (structure YFNWWNRZJGMDBR),structure YFNWWNRZJGMDBR,InChIKey skeleton,pf 00477736,K1:XO23PGZ0SM
K1:MZQ4XE15TP,"PHYTOL, (E)-","PHYTOL, (E)- (C20H40O)",C20H40O,molecular formula,phytol,K2:VNYGDSNUPVEJKI-IWBCJCCCSA-N
K2:VNYGDSNUPVEJKI-IWBCJCCCSA-N,PHYTOL,PHYTOL (C19H38O),C19H38O,molecular formula,phytol,K1:MZQ4XE15TP
K2:KKMZWHRTQLNOCF-UHFFFAOYSA-N,PI5P4K¦Á-IN-1,PI5P4K¦Á-IN-1 (C20H17N3O2S),C20H17N3O2S,molecular formula,pi5p4k in 1,K2:VGFHPNRWHOQLEB-UHFFFAOYSA-N
K2:VGFHPNRWHOQLEB-UHFFFAOYSA-N,PI5P4K¦Ã-IN-1,PI5P4K¦Ã-IN-1 (C20H20N4O),C20H20N4O,molecular formula,pi5p4k in 1,K2:KKMZWHRTQLNOCF-UHFFFAOYSA-N
K1:NIJ123W41V,Plicamycin,Plicamycin (structure CFCUWKMKBJTWLW),structure CFCUWKMKBJTWLW,InChIKey skeleton,plicamycin,K2:XDKMHMINQXATOR-RCFLUEAHSA-N
K2:XDKMHMINQXATOR-RCFLUEAHSA-N,Plicamycin,Plicamycin (structure XDKMHMINQXATOR),structure XDKMHMINQXATOR,InChIKey skeleton,plicamycin,K1:NIJ123W41V
K1:459AG36T1B,Prasterone,Prasterone (C19H28O2),C19H28O2,molecular formula,prasterone,K1:57B09Q7FJR
K1:57B09Q7FJR,Prasterone Sulfate,Prasterone Sulfate (C19H28O5S),C19H28O5S,molecular formula,prasterone,K1:459AG36T1B
K1:1V7A1U282K,Prednisolone Tebutate,Prednisolone Tebutate (C27H38O6),C27H38O6,molecular formula,prednisolone,K1:9PHQ9Y1OLM
K1:9PHQ9Y1OLM,Prednisolone,Prednisolone (C21H28O5),C21H28O5,molecular formula,prednisolone,K1:1V7A1U282K
K1:6LN4W6JJK6,Pregnenolone Succinate,Pregnenolone Succinate (GABA-A receptor; benzodiazepine site),GABA-A receptor; benzodiazepine site,Inxight primary target,pregnenolone,K1:73R90F7MQ8
K1:73R90F7MQ8,PREGNENOLONE,PREGNENOLONE (Cannabinoid CB1 receptor),Cannabinoid CB1 receptor,Inxight primary target,pregnenolone,K1:6LN4W6JJK6
K1:3THM379K8A,Pyridoxal,Pyridoxal (Steroid 5-alpha-reductase),Steroid 5-alpha-reductase,Inxight primary target,pyridoxal,K1:F06SGE49M6
K1:F06SGE49M6,Pyridoxal Phosphate Anhydrous,Pyridoxal Phosphate Anhydrous (P2X purinoceptor 1),P2X purinoceptor 1,Inxight primary target,pyridoxal,K1:3THM379K8A
K1:6466NM3W93,PYRIDOXAMINE,PYRIDOXAMINE (C8H12N2O2),C8H12N2O2,molecular formula,pyridoxamine,K1:Q05R77UO7P
K1:Q05R77UO7P,PYRIDOXAMINE PHOSPHATE ANHYDROUS,PYRIDOXAMINE PHOSPHATE ANHYDROUS (C8H13N2O5P),C8H13N2O5P,molecular formula,pyridoxamine,K1:6466NM3W93
K1:KKO873WR2Z,Radium Chloride,Radium Chloride (Cl2Ra),Cl2Ra,molecular formula,radium,K1:R74O7T8569;K1:W90AYD6R3Q
K1:R74O7T8569,Radium Bromide,Radium Bromide (Br2Ra),Br2Ra,molecular formula,radium,K1:KKO873WR2Z;K1:W90AYD6R3Q
K1:W90AYD6R3Q,RADIUM,RADIUM (Ra),Ra,molecular formula,radium,K1:KKO873WR2Z;K1:R74O7T8569
K1:8BR2SOL3L1,RADIUM RA-223,RADIUM RA-223 (Ra),Ra,molecular formula,radium ra 223,K1:RJ00KV3VTG
K1:RJ00KV3VTG,Radium Ra-223 Dichloride,Radium Ra-223 Dichloride (Cl2Ra),Cl2Ra,molecular formula,radium ra 223,K1:8BR2SOL3L1
K1:B3FUD0528F,Rebaudioside A,Rebaudioside A (structure HELXLJCILKEWJH),structure HELXLJCILKEWJH,InChIKey skeleton,rebaudioside a,K2:GIPHUOWOTCAJSR-NCGAPWICSA-N
K2:GIPHUOWOTCAJSR-NCGAPWICSA-N,REBAUDIOSIDE A,REBAUDIOSIDE A (structure GIPHUOWOTCAJSR),structure GIPHUOWOTCAJSR,InChIKey skeleton,rebaudioside a,K1:B3FUD0528F
K1:YL6O37RD1S,RESORCINOL MONOACETATE,RESORCINOL MONOACETATE (C8H8O3),C8H8O3,molecular formula,resorcinol,K1:YUL4LO94HK
K1:YUL4LO94HK,Resorcinol,Resorcinol (C6H6O2),C6H6O2,molecular formula,resorcinol,K1:YL6O37RD1S
K1:49717AWG6K,Ribavirin,Ribavirin (C8H12N4O5),C8H12N4O5,molecular formula,ribavirin,K1:O9FVV27P11
K1:O9FVV27P11,RIBAVIRIN MONOPHOSPHATE,RIBAVIRIN MONOPHOSPHATE (C8H13N4O8P),C8H13N4O8P,molecular formula,ribavirin,K1:49717AWG6K
K1:7UP781YBR6,Salcolex Anhydrous,Salcolex Anhydrous (C24H38MgN2O12S),C24H38MgN2O12S,molecular formula,salcolex,K1:TW371I5GLO
K1:TW371I5GLO,Salcolex,Salcolex (C24H46MgN2O16S),C24H46MgN2O16S,molecular formula,salcolex,K1:7UP781YBR6
K1:C1GQ844199,Salvianolic Acid B,Salvianolic Acid B (C36H30O16),C36H30O16,molecular formula,salvianolic acid b,K2:YLSNESYAOIRZEA-AVPWDRFWSA-N
K2:YLSNESYAOIRZEA-AVPWDRFWSA-N,SALVIANOLIC ACID B,SALVIANOLIC ACID B (C36H32O16),C36H32O16,molecular formula,salvianolic acid b,K1:C1GQ844199
K1:42OD65L39F,Samarium,Samarium (Sm),Sm,molecular formula,samarium,K1:91N8739X2N
K1:91N8739X2N,Samarium Oxide,Samarium Oxide (O3Sm2),O3Sm2,molecular formula,samarium,K1:42OD65L39F
K1:AJS8S3P31H,Satavaptan,Satavaptan (C33H45N3O8S),C33H45N3O8S,molecular formula,satavaptan,K2:CDSBFDCCJJDFCV-CKZSCMLPSA-N
K2:CDSBFDCCJJDFCV-CKZSCMLPSA-N,Satavaptan,Satavaptan (C33H45N3O7S),C33H45N3O7S,molecular formula,satavaptan,K1:AJS8S3P31H
K1:53PH22NTYW,Scandium Chloride,Scandium Chloride (Cl3Sc),Cl3Sc,molecular formula,scandium,K1:T0G94L07ZD;K1:YUJ4U1EW7R
K1:T0G94L07ZD,Scandium Oxide,Scandium Oxide (O3Sc2),O3Sc2,molecular formula,scandium,K1:53PH22NTYW;K1:YUJ4U1EW7R
K1:YUJ4U1EW7R,Scandium,Scandium (Sc),Sc,molecular formula,scandium,K1:53PH22NTYW;K1:T0G94L07ZD
K1:81M6Z3D1XE,Silver Iodide,Silver Iodide (AgI),AgI,molecular formula,silver,K1:95IT3W8JZE;K1:ZL6T4Y1XP8
K1:95IT3W8JZE,Silver Nitrate,Silver Nitrate (AgNO3),AgNO3,molecular formula,silver,K1:81M6Z3D1XE;K1:ZL6T4Y1XP8
K1:ZL6T4Y1XP8,Silver Phosphate,Silver Phosphate (Ag3O4P),Ag3O4P,molecular formula,silver,K1:81M6Z3D1XE;K1:95IT3W8JZE
K1:0YPR65R21J,SODIUM SULFATE,SODIUM SULFATE (H20Na2O14S),H20Na2O14S,molecular formula,sodium,K1:36KCS0R750;K1:45P3261C7T;K1:8M4L3H2ZVZ;K1:8MDF5V39QO;K1:F5WR8N145C;K1:LC1V549NOM;K1:NVG71ZZ7P0;K1:P2Y1C6M9PS;K1:WIQ1H85SYP
K1:36KCS0R750,SODIUM SULFATE ANHYDROUS,SODIUM SULFATE ANHYDROUS (Na2O4S),Na2O4S,molecular formula,sodium,K1:0YPR65R21J;K1:45P3261C7T;K1:8M4L3H2ZVZ;K1:8MDF5V39QO;K1:F5WR8N145C;K1:LC1V549NOM;K1:NVG71ZZ7P0;K1:P2Y1C6M9PS;K1:WIQ1H85SYP
K1:45P3261C7T,Sodium Carbonate,Sodium Carbonate (CNa2O3),CNa2O3,molecular formula,sodium,K1:0YPR65R21J;K1:36KCS0R750;K1:8M4L3H2ZVZ;K1:8MDF5V39QO;K1:F5WR8N145C;K1:LC1V549NOM;K1:NVG71ZZ7P0;K1:P2Y1C6M9PS;K1:WIQ1H85SYP
K1:8M4L3H2ZVZ,SODIUM NITRATE,SODIUM NITRATE (NNaO3),NNaO3,molecular formula,sodium,K1:0YPR65R21J;K1:36KCS0R750;K1:45P3261C7T;K1:8MDF5V39QO;K1:F5WR8N145C;K1:LC1V549NOM;K1:NVG71ZZ7P0;K1:P2Y1C6M9PS;K1:WIQ1H85SYP
K1:8MDF5V39QO,Sodium Bicarbonate,Sodium Bicarbonate (CHNaO3),CHNaO3,molecular formula,sodium,K1:0YPR65R21J;K1:36KCS0R750;K1:45P3261C7T;K1:8M4L3H2ZVZ;K1:F5WR8N145C;K1:LC1V549NOM;K1:NVG71ZZ7P0;K1:P2Y1C6M9PS;K1:WIQ1H85SYP
K1:F5WR8N145C,Sodium Iodide,Sodium Iodide (INa),INa,molecular formula,sodium,K1:0YPR65R21J;K1:36KCS0R750;K1:45P3261C7T;K1:8M4L3H2ZVZ;K1:8MDF5V39QO;K1:LC1V549NOM;K1:NVG71ZZ7P0;K1:P2Y1C6M9PS;K1:WIQ1H85SYP
K1:LC1V549NOM,Sodium Bromide,Sodium Bromide (BrNa),BrNa,molecular formula,sodium,K1:0YPR65R21J;K1:36KCS0R750;K1:45P3261C7T;K1:8M4L3H2ZVZ;K1:8MDF5V39QO;K1:F5WR8N145C;K1:NVG71ZZ7P0;K1:P2Y1C6M9PS;K1:WIQ1H85SYP
K1:NVG71ZZ7P0,Sodium Acetate Anhydrous,Sodium Acetate Anhydrous (C2H3NaO2),C2H3NaO2,molecular formula,sodium,K1:0YPR65R21J;K1:36KCS0R750;K1:45P3261C7T;K1:8M4L3H2ZVZ;K1:8MDF5V39QO;K1:F5WR8N145C;K1:LC1V549NOM;K1:P2Y1C6M9PS;K1:WIQ1H85SYP
K1:P2Y1C6M9PS,"Sodium LACTATE, L-","Sodium LACTATE, L- (C3H5NaO3)",C3H5NaO3,molecular formula,sodium,K1:0YPR65R21J;K1:36KCS0R750;K1:45P3261C7T;K1:8M4L3H2ZVZ;K1:8MDF5V39QO;K1:F5WR8N145C;K1:LC1V549NOM;K1:NVG71ZZ7P0;K1:WIQ1H85SYP
K1:WIQ1H85SYP,Sodium Salicylate,Sodium Salicylate (C7H5NaO3),C7H5NaO3,molecular formula,sodium,K1:0YPR65R21J;K1:36KCS0R750;K1:45P3261C7T;K1:8M4L3H2ZVZ;K1:8MDF5V39QO;K1:F5WR8N145C;K1:LC1V549NOM;K1:NVG71ZZ7P0;K1:P2Y1C6M9PS
K1:C857R7G2U6,SODIUM PENTABORATE PENTAHYDRATE,SODIUM PENTABORATE PENTAHYDRATE (H14B5NaO15),H14B5NaO15,molecular formula,sodium pentaborate,K1:XQG9Q75WDN
K1:XQG9Q75WDN,SODIUM PENTABORATE,SODIUM PENTABORATE (B5NaO8),B5NaO8,molecular formula,sodium pentaborate,K1:C857R7G2U6
K1:Y52BK1W96C,Sodium Perborate,Sodium Perborate (BNaO3),BNaO3,molecular formula,sodium perborate,K2:JBUKJLNBQDQXLI-UHFFFAOYSA-N
K2:JBUKJLNBQDQXLI-UHFFFAOYSA-N,SODIUM PERBORATE,SODIUM PERBORATE (H4B2Na2O8),H4B2Na2O8,molecular formula,sodium perborate,K1:Y52BK1W96C
K1:22ADO53M6F,"Sodium Phosphate, Dibasic","Sodium Phosphate, Dibasic (HNa2O4P)",HNa2O4P,molecular formula,sodium phosphate dibasic,K1:94255I6E2T
K1:94255I6E2T,"Sodium PHOSPHATE, DIBASIC, Dihydrate","Sodium PHOSPHATE, DIBASIC, Dihydrate (H5Na2O6P)",H5Na2O6P,molecular formula,sodium phosphate dibasic,K1:22ADO53M6F
K1:06XEA2VD56,Sorbitan oleate,Sorbitan oleate (SORBITAN MONOOLEATE),SORBITAN MONOOLEATE,FDA substance register name,sorbitan,K1:6W9PS8B71J;K1:77K6Z421KU
K1:6W9PS8B71J,Sorbitan laurate,Sorbitan laurate (SORBITAN MONOLAURATE),SORBITAN MONOLAURATE,FDA substance register name,sorbitan,K1:06XEA2VD56;K1:77K6Z421KU
K1:77K6Z421KU,Sorbitan palmitate,Sorbitan palmitate (SORBITAN MONOPALMITATE),SORBITAN MONOPALMITATE,FDA substance register name,sorbitan,K1:06XEA2VD56;K1:6W9PS8B71J
K1:9CL6353KHO,Sovleplenib,Sovleplenib (structure NJIAKNWTIVDSDA),structure NJIAKNWTIVDSDA,InChIKey skeleton,sovleplenib,K2:BRCHZKBUGSKTND-FQEVSTJZSA-N
K2:BRCHZKBUGSKTND-FQEVSTJZSA-N,Sovleplenib,Sovleplenib (structure BRCHZKBUGSKTND),structure BRCHZKBUGSKTND,InChIKey skeleton,sovleplenib,K1:9CL6353KHO
K1:1BQV3749L5,STANNOUS CHLORIDE,STANNOUS CHLORIDE (H4Cl2O2Sn),H4Cl2O2Sn,molecular formula,stannous,K1:3FTR44B32Q
K1:3FTR44B32Q,Stannous Fluoride,Stannous Fluoride (F2Sn),F2Sn,molecular formula,stannous,K1:1BQV3749L5
K1:BO9LE4QFZF,Stavudine,Stavudine (C10H12N2O4),C10H12N2O4,molecular formula,stavudine,K1:Q77PE87U4K
K1:Q77PE87U4K,Stavudine Monophosphate,Stavudine Monophosphate (C10H13N2O7P),C10H13N2O7P,molecular formula,stavudine,K1:BO9LE4QFZF
K1:1NG558X5VJ,Strontium Bromide,Strontium Bromide (Br2Sr),Br2Sr,molecular formula,strontium,K1:64RA22280P;K1:EFY8GJS81Z;K1:EKE8PS9J6Z;K1:O09USB7Z44;K1:YZS2RPE8LE
K1:64RA22280P,Strontium Oxide,Strontium Oxide (OSr),OSr,molecular formula,strontium,K1:1NG558X5VJ;K1:EFY8GJS81Z;K1:EKE8PS9J6Z;K1:O09USB7Z44;K1:YZS2RPE8LE
K1:EFY8GJS81Z,Strontium Fluoride,Strontium Fluoride (F2Sr),F2Sr,molecular formula,strontium,K1:1NG558X5VJ;K1:64RA22280P;K1:EKE8PS9J6Z;K1:O09USB7Z44;K1:YZS2RPE8LE
K1:EKE8PS9J6Z,STRONTIUM CHLORIDE,STRONTIUM CHLORIDE (Cl2Sr),Cl2Sr,molecular formula,strontium,K1:1NG558X5VJ;K1:64RA22280P;K1:EFY8GJS81Z;K1:O09USB7Z44;K1:YZS2RPE8LE
K1:O09USB7Z44,Strontium Chloride Hexahydrate,Strontium Chloride Hexahydrate (H12Cl2O6Sr),H12Cl2O6Sr,molecular formula,strontium,K1:1NG558X5VJ;K1:64RA22280P;K1:EFY8GJS81Z;K1:EKE8PS9J6Z;K1:YZS2RPE8LE
K1:YZS2RPE8LE,STRONTIUM,STRONTIUM (Sr),Sr,molecular formula,strontium,K1:1NG558X5VJ;K1:64RA22280P;K1:EFY8GJS81Z;K1:EKE8PS9J6Z;K1:O09USB7Z44
K1:XQ43H3V6M1,Subasumstat,Subasumstat (structure LXRZVMYMQHNYJB),structure LXRZVMYMQHNYJB,InChIKey skeleton,subasumstat,K2:IAKPXYFFBURVCV-JWDANJKUSA-N
K2:IAKPXYFFBURVCV-JWDANJKUSA-N,Subasumstat,Subasumstat (structure IAKPXYFFBURVCV),structure IAKPXYFFBURVCV,InChIKey skeleton,subasumstat,K1:XQ43H3V6M1
K2:FPAFDBFIGPHWGO-UHFFFAOYSA-N,TALC,TALC (H2Mg3O12Si4),H2Mg3O12Si4,molecular formula,talc,K2:XBPUDTAATCFDRE-UHFFFAOYSA-N
K2:XBPUDTAATCFDRE-UHFFFAOYSA-N,TALC ANHYDROUS,TALC ANHYDROUS (Mg3O11Si4),Mg3O11Si4,molecular formula,talc,K2:FPAFDBFIGPHWGO-UHFFFAOYSA-N
K1:97HLQ82NGL,Tedizolid,Tedizolid (C17H15FN6O3),C17H15FN6O3,molecular formula,tedizolid,K1:O7DRJ6R4DW
K1:O7DRJ6R4DW,TEDIZOLID PHOSPHATE,TEDIZOLID PHOSPHATE (C17H16FN6O6P),C17H16FN6O6P,molecular formula,tedizolid,K1:97HLQ82NGL
K1:549BT7IE1Q,TETRACHLORODECAOXIDE,TETRACHLORODECAOXIDE (H2Cl4Na4O11),H2Cl4Na4O11,molecular formula,tetrachlorodecaoxide,K2:WYYHVSBTBUAWJC-UHFFFAOYSA-N
K2:WYYHVSBTBUAWJC-UHFFFAOYSA-N,TETRACHLORODECAOXIDE ANHYDROUS,TETRACHLORODECAOXIDE ANHYDROUS (H4Cl4O10),H4Cl4O10,molecular formula,tetrachlorodecaoxide,K1:549BT7IE1Q
K1:43W3021X6C,Thymidine 5'-MONOPHOSPHATE,Thymidine 5'-MONOPHOSPHATE (C10H15N2O8P),C10H15N2O8P,molecular formula,thymidine 5,K1:QQ3K1P45DF
K1:QQ3K1P45DF,Thymidine 5'-DIPHOSPHATE,Thymidine 5'-DIPHOSPHATE (C10H16N2O11P2),C10H16N2O11P2,molecular formula,thymidine 5,K1:43W3021X6C
K1:BK26WI342Q,Titanium Dichloride,Titanium Dichloride (Cl2Ti),Cl2Ti,molecular formula,titanium,K1:D1JT611TNE
K1:D1JT611TNE,Titanium,Titanium (Ti),Ti,molecular formula,titanium,K1:BK26WI342Q
K1:99S2PY5BN2,TREPROSTINIL PHOSPHATE,TREPROSTINIL PHOSPHATE (C23H36O11P2),C23H36O11P2,molecular formula,treprostinil,K1:RUM6K67ESG
K1:RUM6K67ESG,Treprostinil,Treprostinil (C23H34O5),C23H34O5,molecular formula,treprostinil,K1:99S2PY5BN2
K1:1ZK20VI6TY,Triamcinolone,Triamcinolone (C21H27FO6),C21H27FO6,molecular formula,triamcinolone,K1:A73MM2Q32P
K1:A73MM2Q32P,TRIAMCINOLONE DIACETATE,TRIAMCINOLONE DIACETATE (C25H31FO8),C25H31FO8,molecular formula,triamcinolone,K1:1ZK20VI6TY
K1:2421HMY9N6,TRICIRIBINE,TRICIRIBINE (C13H16N6O4),C13H16N6O4,molecular formula,triciribine,K1:5L5GE3DV88
K1:5L5GE3DV88,Triciribine Phosphate,Triciribine Phosphate (C13H17N6O7P),C13H17N6O7P,molecular formula,triciribine,K1:2421HMY9N6
K1:8Z96QXD6UM,TRIETHYL CITRATE,TRIETHYL CITRATE (C12H20O7),C12H20O7,molecular formula,triethyl,K1:QIH4K96K7J
K1:QIH4K96K7J,TRIETHYL PHOSPHATE,TRIETHYL PHOSPHATE (C6H15O4P),C6H15O4P,molecular formula,triethyl,K1:8Z96QXD6UM
K1:2WP61F175M,Uridine triacetate,Uridine triacetate (C15H18N2O9),C15H18N2O9,molecular formula,uridine,K1:E2OU15WN0N;K1:WHI7HQ7H85
K1:E2OU15WN0N,Uridine Monophosphate,Uridine Monophosphate (C9H13N2O9P),C9H13N2O9P,molecular formula,uridine,K1:2WP61F175M;K1:WHI7HQ7H85
K1:WHI7HQ7H85,Uridine,Uridine (C9H12N2O6),C9H12N2O6,molecular formula,uridine,K1:2WP61F175M;K1:E2OU15WN0N
K1:506LI1B3A3,VALOMACICLOVIR STEARATE,VALOMACICLOVIR STEARATE (C33H58N6O5),C33H58N6O5,molecular formula,valomaciclovir,K1:F094Y61748
K1:F094Y61748,Valomaciclovir,Valomaciclovir (C15H24N6O4),C15H24N6O4,molecular formula,valomaciclovir,K1:506LI1B3A3
K1:ET7948FWOY,Vanadyl Dichloride,Vanadyl Dichloride (H2Cl2OV+2),H2Cl2OV+2,molecular formula,vanadyl,K2:MHHDXUNFNAZUGB-UHFFFAOYSA-N
K2:MHHDXUNFNAZUGB-UHFFFAOYSA-N,Vanadyl,Vanadyl (OV+2),OV+2,molecular formula,vanadyl,K1:ET7948FWOY
K1:4R069M4O1P,Vasopressin Tannate,Vasopressin Tannate (small molecule),small molecule,GSRS substance class,vasopressin,K1:Y4907O6MFD
K1:Y4907O6MFD,Vasopressin,Vasopressin (protein),protein,GSRS substance class,vasopressin,K1:4R069M4O1P
K1:1D1K0N0VVC,VITAMIN A PALMITATE,VITAMIN A PALMITATE (C36H60O2),C36H60O2,molecular formula,vitamin a,K1:3LE3D9D6OY
K1:3LE3D9D6OY,Vitamin A Acetate,Vitamin A Acetate (C22H32O2),C22H32O2,molecular formula,vitamin a,K1:1D1K0N0VVC
K1:0570F37359,Voxilaprevir,Voxilaprevir (C40H52F4N6O9S),C40H52F4N6O9S,molecular formula,voxilaprevir,K2:MKDALIOACIEUJM-XCFCBFDASA-N
K2:MKDALIOACIEUJM-XCFCBFDASA-N,Voxilaprevir,Voxilaprevir (C42H58F2N6O9S),C42H58F2N6O9S,molecular formula,voxilaprevir,K1:0570F37359
K1:DE79L822UY,XERUBORBACTAM,XERUBORBACTAM (C10H8BFO4),C10H8BFO4,molecular formula,xeruborbactam,K1:YE20AG583K
K1:YE20AG583K,Xeruborbactam Hydroxide,Xeruborbactam Hydroxide (C10H9BFO5-),C10H9BFO5-,molecular formula,xeruborbactam,K1:DE79L822UY
K1:MNQ4O4WSI1,Ytterbium,Ytterbium (Yb),Yb,molecular formula,ytterbium,K1:T66CZ53RP4
K1:T66CZ53RP4,Ytterbium Oxide,Ytterbium Oxide (O3Yb2),O3Yb2,molecular formula,ytterbium,K1:MNQ4O4WSI1
K1:D60QT594ZJ,Yttrium Bromide,Yttrium Bromide (Br3Y),Br3Y,molecular formula,yttrium,K1:V8QS7WES60;K1:X8071685XT
K1:V8QS7WES60,Yttrium Fluoride,Yttrium Fluoride (F3Y),F3Y,molecular formula,yttrium,K1:D60QT594ZJ;K1:X8071685XT
K1:X8071685XT,Yttrium Oxide,Yttrium Oxide (O3Y2),O3Y2,molecular formula,yttrium,K1:D60QT594ZJ;K1:V8QS7WES60
K1:0J6Z13X3WO,Zinc Sulfate Anhydrous,Zinc Sulfate Anhydrous (UNII 0J6Z13X3WO),UNII 0J6Z13X3WO,FDA UNII,zinc,K1:86Q357L16B;K1:89DS0H96TB;K1:J41CSQ7QDS;K1:N57JI2K7WP;K1:SOI2LOH54Z
K1:86Q357L16B,Zinc Chloride,Zinc Chloride (UNII 86Q357L16B),UNII 86Q357L16B,FDA UNII,zinc,K1:0J6Z13X3WO;K1:89DS0H96TB;K1:J41CSQ7QDS;K1:N57JI2K7WP;K1:SOI2LOH54Z
K1:89DS0H96TB,Zinc Sulfate,Zinc Sulfate (UNII 89DS0H96TB),UNII 89DS0H96TB,FDA UNII,zinc,K1:0J6Z13X3WO;K1:86Q357L16B;K1:J41CSQ7QDS;K1:N57JI2K7WP;K1:SOI2LOH54Z
K1:J41CSQ7QDS,Zinc,Zinc (UNII J41CSQ7QDS),UNII J41CSQ7QDS,FDA UNII,zinc,K1:0J6Z13X3WO;K1:86Q357L16B;K1:89DS0H96TB;K1:N57JI2K7WP;K1:SOI2LOH54Z
K1:N57JI2K7WP,Zinc Sulfate Heptahydrate,Zinc Sulfate Heptahydrate (UNII N57JI2K7WP),UNII N57JI2K7WP,FDA UNII,zinc,K1:0J6Z13X3WO;K1:86Q357L16B;K1:89DS0H96TB;K1:J41CSQ7QDS;K1:SOI2LOH54Z
K1:SOI2LOH54Z,Zinc Oxide,Zinc Oxide (UNII SOI2LOH54Z),UNII SOI2LOH54Z,FDA UNII,zinc,K1:0J6Z13X3WO;K1:86Q357L16B;K1:89DS0H96TB;K1:J41CSQ7QDS;K1:N57JI2K7WP
K1:1XHF39056H,Zirconium Fluoride,Zirconium Fluoride (F4Zr),F4Zr,molecular formula,zirconium,K1:C6V6S92N3C;K1:S38N85C5G0;K1:Z88176T871
K1:C6V6S92N3C,Zirconium,Zirconium (Zr),Zr,molecular formula,zirconium,K1:1XHF39056H;K1:S38N85C5G0;K1:Z88176T871
K1:S38N85C5G0,Zirconium Oxide,Zirconium Oxide (O2Zr),O2Zr,molecular formula,zirconium,K1:1XHF39056H;K1:C6V6S92N3C;K1:Z88176T871
K1:Z88176T871,Zirconium Chloride,Zirconium Chloride (Cl4Zr),Cl4Zr,molecular formula,zirconium,K1:1XHF39056H;K1:C6V6S92N3C;K1:S38N85C5G0
