old_slug,target_drug_id,reason
1-3-dmaa,dimethylamylamine,MERGED
1-androsterone,1-androstenolone,MERGED
3-7-keto-dhea,7-keto-dehydroepiandrosterone,MERGED
3-alpha-hydroxyetioallocholan-17-one,androsterone,MERGED
3beta-hydroxy-5alpha-androst-1-en-17-one,1-androstenolone,MERGED
4-terpineol,terpinen-4-ol,MERGED
5-alpha-hydroxy-laxogenin,laxosterone,MERGED
5-androsten-3beta-ol-17-one,prasterone,MERGED
5-methyltetrahydrofolate-glucosamine,levomefolate,MERGED
7-keto-dhea,7-keto-dehydroepiandrosterone,MERGED
abobotulinumtoxina,botulinum-toxin-type-a,MERGED
acacia,gum-arabic,MERGED
acer-saccharum-sap,maple-syrup,MERGED
acetic-acid-glacial,acetic-acid,MERGED
acetylcysteine-lysine,acetylcysteine,MERGED
acetyl-hexapeptide-8-amide,acetyl-hexapeptide-8,MERGED
acetyl-l-carnitine,acetylcarnitine,MERGED
acetyl-l-carnitine-arginate,acetylcarnitine,MERGED
achillea-millefolium-whole,achillea-millefolium,MERGED
aconite,aconitum-napellus,MERGED
aconitum-lycoctonum,aconitum-lycoctonum-whole,MERGED
aconitum-napellus-whole,aconitum-napellus,MERGED
acremonium-strictum,sarocladium-strictum,MERGED
actaea-spicata-root,actaea-spicata,MERGED
ademetionine,sam-e,MERGED
adenosine-monophosphate,adenosine-phosphate,MERGED
adeps-bovis,tallow,MERGED
adeps-suillus,lard,MERGED
adonis-vernalis-whole,adonis-vernalis,MERGED
ado-trastuzumab-emtansine,trastuzumab-emtansine,MERGED
aescin,escin,MERGED
aesculus-x-carnea-flower,aesculus-carnea-flower,MERGED
aethusa-cynapium-whole,aethusa-cynapium,MERGED
agrimonia-eupatoria-whole,agrimonia-eupatoria,MERGED
air,medical-air,MERGED
albumen,egg-white,MERGED
albumin,albumin-human,MERGED
albumin-iodinated-i-131-serum,human-serum-albumin-i-131,MERGED
aloe-barbadensis-leaf,aloe-vera,MERGED
aloe-barbadensis-leaf-powder,aloe-vera,MERGED
aloe-vera-leaf,aloe-vera,MERGED
alpha-galactosidase,agalsidase-beta,MERGED
alpha-hydroxyisocaproic-acid,leucic-acid,MERGED
alpha-ketoglutarate,calcium-alpha-ketoglutarate,MERGED
alpha-ketoglutaric-acid,calcium-alpha-ketoglutarate,MERGED
alpha-tocopherol-acetate-dl,alpha-tocopherol,MERGED
alpha-tocopherol-dl,alpha-tocopherol,MERGED
alpha-tocopherol-succinate-d,alpha-tocopherol-acetate-d,MERGED
alseroxylon,rauwolfia-serpentina,MERGED
alumina,aluminum-oxide,MERGED
aluminum-zirconium-octachlorohydrex-gly,glycine,MERGED
aluminum-zirconium-pentachlorohydrex-gly,glycine,MERGED
aluminum-zirconium-tetrachlorohydrex-gly,glycine,MERGED
aluminum-zirconium-trichlorohydrate,aluminum-zirconium-octachlorohydrate,MERGED
aluminum-zirconium-trichlorohydrex-gly,glycine,MERGED
ambrosia-artemisiifolia-whole,ambrosia-artemisiifolia,MERGED
aminobutyric-acid,gamma-aminobutyric-acid,MERGED
aminophylline,theophylline,MERGED
aminosalicylate,aminosalicylic-acid,MERGED
ammonium,ammonia,MERGED
ammonium-cation,ammonia,MERGED
ammonium-glycyrrhizinate,glycyrrhizin,MERGED
ampelopsin,dihydromyricetin,MERGED
amphetamine-adipate,amphetamine-dl-aspartate,MERGED
amphetamine-aspartate-dextroamphetamine,amphetamine-dl-aspartate,MERGED
ampicillin-ampicillin,ampicillin,MERGED
anagallis-arvensis-extract,anagallis-arvensis,MERGED
anagallis-arvensis-whole,anagallis-arvensis,MERGED
anemone-pratensis,pulsatilla-pratensis,MERGED
angelica-sinensis-root,dong-quai,MERGED
anisum,anise,MERGED
anthocyanidins,anthocyanin,MERGED
anthocyanins,anthocyanin,MERGED
anthoxanthum-odoratum-whole,anthoxanthum-odoratum,MERGED
aqua,sterile-water-for-irrigation,MERGED
arachidic-acid,icosanoic-acid,MERGED
arctium-lappa-root,burdock,MERGED
arginine-alpha-ketoglutarate,calcium-alpha-ketoglutarate,MERGED
arginine-alpha-ketoisocaproate,calcium-alpha-ketoisocaproate,MERGED
arginine-pidolate,arginine-pyroglutamate,MERGED
arnica,arnica-montana,MERGED
arnica-montana-whole,arnica-montana,MERGED
arsenic-acid,calcium-arsenate,MERGED
artemisia-cina-pre-flowering-top,artemisia-cina-flower,MERGED
asafetida,asafoetida,MERGED
asarum-europaeum-whole,asarum-europaeum,MERGED
asian-ginseng,ginseng,MERGED
aspen,populus-tremula-flowering-top,MERGED
aspergillus-niger-var-niger,aspergillus-niger,MERGED
astemizole,kelp,MERGED
astragalus-mongholicus-root,astragalus-propinquus-root,MERGED
atropa-belladonna,belladonna,MERGED
azilsartan-kamedoxomil,azilsartan-medoxomil,MERGED
bakers-yeast,saccharomyces-cerevisiae,MERGED
balsam-pear,bitter-melon,MERGED
balsam-peru,balsam-of-peru,MERGED
baptisia-tinctoria-whole,baptisia-tinctoria,MERGED
barium-acetate,barium,MERGED
barium-citrate,barium,MERGED
bee-propolis,propolis,MERGED
bellis-perennis-whole,bellis-perennis,MERGED
benzophenone-3,oxybenzone,MERGED
bepotastine-besilate,bepotastine,MERGED
berberis-aquifolium-root-bark,mahonia-aquifolium-root-bark,MERGED
bergamot-oil,bergamot,MERGED
beta-galactosidase,lactase,MERGED
beta-vulgaris,beta-vulgaris-whole,MERGED
bethroot,trillium-erectum-root,MERGED
betula-alba-leaf,betula-pubescens-leaf,MERGED
bicarbonate-ion,bicarbonate,MERGED
bictegravir-emtricitabine-and-tenofovir-alafenamide,tenofovir-alafenamide,MERGED
bifidobacteria,bifidobacterium,MERGED
bifidobacterium-animalis-lactis,lactobacillus,MERGED
bindweed,convolvulus-arvensis-whole,MERGED
bioflavonoid,rutin,MERGED
bis-ethylhexyloxyphenol-methoxyphenyl-triazine,bemotrizinol,MERGED
bismuth-citrate,bismuth,MERGED
bismuth-phosphate,bismuth,MERGED
bismuth-subgallate,gallic-acid,MERGED
bisoctrizole,methylene-bis-benzotriazolyl-tetramethylbutylphenol,MERGED
black-hellebore,helleborus-niger-root,MERGED
black-mustard,black-mustard-seed,MERGED
black-seed,black-seed-oil,MERGED
bladderwrack,fucus-vesiculosus,MERGED
blonde-psyllium,blond-psyllium,MERGED
blue-cohosh,caulophyllum-thalictroides-root,MERGED
boneset,eupatorium-perfoliatum-whole,MERGED
bos-taurus-bile,ox-bile,MERGED
bos-taurus-pituitary-gland,bos-taurus-pituitary-gland-posterior,MERGED
brassica-rapa-subsp-oleifera-pollen,brassica-rapa-pollen,MERGED
brewers-yeast,saccharomyces-cerevisiae,MERGED
bromelains,bromelain,MERGED
broom,bromine,MERGED
bryonia,bryonia-alba-root,MERGED
bryonia-cretica-subsp-dioica-root,bryonia-dioica-root,MERGED
button-mushroom,cultivated-mushroom,MERGED
butyl-methoxydibenzoylmethane,avobenzone,MERGED
butyric-acid,sodium-butyrate,MERGED
butyrospermum-parkii-butter,shea-butter,MERGED
cabozantinib-s-malate,cabozantinib,MERGED
cacao,cocoa,MERGED
cajeput,cajuput-oil,MERGED
calamus,acorus-calamus-root,MERGED
calcipotriene-hydrate,calcipotriene,MERGED
calcitonin-salmon-recombinant,calcitonin-salmon,MERGED
calcium-arginine-alpha-ketoisocaproate,calcium-alpha-ketoisocaproate,MERGED
calcium-ascorbate,sodium-ascorbate,MERGED
calcium-beta-hydroxybutyrate,beta-hydroxybutyrate,MERGED
calcium-bicarbonate,bicarbonate,MERGED
calcium-magnesium-phytate,calcium-phytate,MERGED
calcium-phosphate,calcium-phosphate-dibasic,MERGED
calcium-picrate,picric-acid,MERGED
calcium-sulfate,calcium-sulfate-unspecified-form,MERGED
california-poppy,eschscholzia-californica,MERGED
caltha-palustris,caltha-palustris-whole,MERGED
camellia-sinensis-leaf,green-tea,MERGED
camu-camu-extract,camu-camu,MERGED
candelilla-wax,candelilla,MERGED
capsaisin,capsaicin,MERGED
capsella-bursa-pastoris-whole,capsella-bursa-pastoris,MERGED
caraway-seed,caraway,MERGED
carbidopa-hydrate,carbidopa,MERGED
carbon,activated-charcoal,MERGED
carbonate,bicarbonate,MERGED
carbonate-ion,bicarbonate,MERGED
carbon-dioxide-usp,carbon-dioxide,MERGED
carboxymethylcellulose-sodium-unspecified-form,carboxymethylcellulose-sodium-unspecified,MERGED
carotenoid,carotenoids,MERGED
carya-tomentosa-pollen,carya-alba-pollen,MERGED
castor,castor-oil,MERGED
cayenne,capsicum,MERGED
cefadroxil-cefadroxil,cefadroxil,MERGED
centaury,centaurium-erythraea,MERGED
centella-asiatica-leaf,gotu-kola,MERGED
centella-asiatica-whole,centella-asiatica,MERGED
cervus-elaphus-velvet,deer-velvet,MERGED
cetostearyl-alcohol,cetearyl-alcohol,MERGED
cetraria-islandica-whole,cetraria-islandica-subsp-islandica,MERGED
ceylon-cinnamon,cinnamon,MERGED
chaparral,larrea-tridentata-leaf,MERGED
charcoal-powder,charcoal,MERGED
chard,swiss-chard,MERGED
chelidonium-majus-whole,chelidonium-majus,MERGED
chelone-glabra,chelone-glabra-whole,MERGED
chenopodium,chenopodium-ambrosioides,MERGED
cherry,menthol-unspecified-form,MERGED
chickweed,stellaria-media,MERGED
chicory,chicory-root,MERGED
chimaphila-umbellata-whole,chimaphila-umbellata,MERGED
chinese-rhubarb-root,rheum-officinale-root,MERGED
chlorhexidine-digluconate,chlorhexidine,MERGED
chloride-ion,hydrochloric-acid,MERGED
chocolate,cocoa,MERGED
choline-fenofibrate,fenofibric-acid,MERGED
chromium-ascorbate,sodium-ascorbate,MERGED
chromium-dinicotinate,niacin,MERGED
chromium-nicotinate,niacin,MERGED
cimicifuga-racemosa-root,black-cohosh,MERGED
cinchona,cinchona-officinalis-bark,MERGED
cinnamomum,cinnamon,MERGED
cinnamon-bark,cinnamon,MERGED
citicholine,citicoline,MERGED
citronella-oil,lavender-oil,MERGED
citrulline-malate,l-citrulline,MERGED
citrulline-nitrate,l-citrulline,MERGED
clavulanic-acid,clavulanate,MERGED
clematis-vitalba-pre-flowering-top,clematis-vitalba-top,MERGED
clitoria-ternatea-flower,butterfly-pea,MERGED
clopidogrel-bisulfate,clopidogrel,MERGED
clostridioides-difficile,clostridium-difficile,MERGED
cloves,clove,MERGED
codeine-polistirex,codeine,MERGED
coenzyme-q-10,coenzyme-q10,MERGED
coffee-bean,coffee,MERGED
cola,cocaine,MERGED
cola-nut,cola-nitida-seed,MERGED
collagenase,collagenase-clostridium-histolyticum,MERGED
colloidal-silver,silver,MERGED
colocynth,citrullus-colocynthis-fruit-pulp,MERGED
copper-cu-64-dotatate,lutetium-oxodotreotide-lu-177,MERGED
copper-oxodotreotide-cu-64,lutetium-oxodotreotide-lu-177,MERGED
coral,oyster-shell-calcium-carbonate-crude,MERGED
cordycepic-acid,mannitol,MERGED
corticotropin,repository-corticotropin,MERGED
cotton-fiber,cotton,MERGED
coumaric-acid,hydroxycinnamic-acid,MERGED
cow-milk,milk,MERGED
cowslip,caltha-palustris-whole,MERGED
cramp-bark,viburnum-opulus-bark,MERGED
cream,cow-milk-fat,MERGED
crocanthemum-canadense,helianthemum-canadense,MERGED
crocus-sativus-flower,saffron-extract,MERGED
cubeb,piper-cubeba-fruit,MERGED
cupressus-sempervirens-leaf-oil,cypress,MERGED
curcuma,curcumin,MERGED
cyanocobalamin-co-57,vitamin-b12,MERGED
cyanocobalamin-co-58,vitamin-b,MERGED
cyclamic-acid,sodium-cyclamate,MERGED
cymbopogon-citratus-leaf,lemongrass,MERGED
cynodon-dactylon-whole,bermuda-grass,MERGED
daikon,raphanus-sativus,MERGED
dandelion,taraxacum-officinale,MERGED
dapagliflozin-2-3-butanediol,dapagliflozin-propanediol,MERGED
darunavir-ethanolate,darunavir,MERGED
darunavir-hydrate,darunavir,MERGED
d-aspartic-acid,aspartic-acid,MERGED
demannose,mannose-d,MERGED
desirudin-recombinant,desirudin,MERGED
devils-claw,harpagophytum-procumbens-root,MERGED
dextroamphetamine,amphetamine,MERGED
dextroamphetamine-adipate,amphetamine,MERGED
dextromethorphan-polistirex,dextromethorphan,MERGED
dextrose,anhydrous-dextrose,MERGED
dextrose-unspecified-form,anhydrous-dextrose,MERGED
dha,docosahexaenoic-acid,MERGED
dhea,prasterone,MERGED
diastase,amylase,MERGED
diazoxide,diazoxide-choline,MERGED
dibasic,anhydrous-dibasic,MERGED
dicentra-canadensis-root,corydalis,MERGED
dieffenbachia-seguine,dieffenbachia-seguine-whole,MERGED
diindolylmethane,3-3-diindolylmethane,MERGED
diltiazem-hcl,diltiazem,MERGED
dimethazine,dymethazine,MERGED
dimethicone-unspecified,simethicone,MERGED
dimethylglycine,n-n-dimethylglycine,MERGED
dimethylphenethylamine,phentermine,MERGED
dimethyl-sulfone,methylsulfonylmethane,MERGED
diornithine-oxoglurate,ornithine-alpha-ketoglutarate,MERGED
dioscorea-villosa-root,dioscorea-villosa-tuber,MERGED
diphenhydramine-hcl,diphenhydramine,MERGED
dipotassium-glycyrrhizate,glycyrrhizin,MERGED
divalproex,valproic-acid,MERGED
dmg,n-n-dimethylglycine,MERGED
doconexent,docosahexaenoic-acid,MERGED
docosanoic-acid,behenic-acid,MERGED
drosera-rotundifolia-whole,drosera-rotundifolia,MERGED
dwarf-bilberry,bilberry,MERGED
dysphania-ambrosioides,chenopodium-ambrosioides,MERGED
dysphania-ambrosioides-pollen,chenopodium-ambrosioides-pollen,MERGED
dysphania-ambrosioides-whole,chenopodium-ambrosioides,MERGED
echinacea-angustifolia-whole,echinacea-angustifolia,MERGED
echinacea-purpurea-whole,echinacea-purpurea,MERGED
edetic-acid,edetate,MERGED
edta,edetate,MERGED
egcg,epigallocatechin-gallate,MERGED
eicosapentaenoic-acid,icosapent,MERGED
elagolix-estradiol-and-norethindrone-acetate-and-elagolix,norethindrone,MERGED
elder-flower,sambucus-nigra-flower,MERGED
elecampane,inula-helenium-root,MERGED
eleuthero-root,eleuthero,MERGED
eltrombopag-choline,eltrombopag,MERGED
elvitegravir-cobicistat-emtricitabine-and-tenofovir-alafenamide,tenofovir-alafenamide,MERGED
ensulizole,phenylbenzimidazole-sulfonic-acid,MERGED
epa,icosapent,MERGED
epoetin,epoetin-alfa,MERGED
equisetum-hyemale-whole,equisetum-hyemale,MERGED
erigeron-canadensis-whole,erigeron-canadensis,MERGED
ertugliflozin-pidolate,ertugliflozin,MERGED
erythranthe-guttata-flowering-top,mimulus-guttatus-flowering-top,MERGED
eschscholzia-californica-whole,eschscholzia-californica,MERGED
esomeprazole-strontium,esomeprazole,MERGED
ethacrynate,ethacrynic-acid,MERGED
ethylhexyl-methoxycinnamate,octinoxate,MERGED
etidronic-acid,etidronate,MERGED
eucalyptus-globulus-leaf-oil,eucalyptus-oil,MERGED
eucalyptus-gum,eucalyptus,MERGED
euphrasia-stricta,eyebright,MERGED
european-mistletoe,viscum-album-fruiting-top,MERGED
fagopyrum-esculentum-whole,fagopyrum-esculentum,MERGED
false-unicorn-root,chamaelirium-luteum-root,MERGED
fam-trastuzumab-deruxtecan-nxki,trastuzumab-deruxtecan,MERGED
fatty-acid-esters,calcium-formate,MERGED
fenugreek-seed,fenugreek,MERGED
ferric-ferrocyanide,sodium-nitroprusside,MERGED
ferric-hexacyanoferrate,sodium-nitroprusside,MERGED
ferric-picrate,picric-acid,MERGED
ferrosoferric,ferrum-phosphoricum,MERGED
ferrosoferric-oxide,ferumoxytol-non-stoichiometric-magnetite,MERGED
ferrous-asparto-glycinate,glycine,MERGED
ferrous-bisglycinate,glycine,MERGED
ferrous-cation,ferrous,MERGED
ferula-assa-foetida-resin,asafoetida,MERGED
ferumoxides,ferumoxytol-non-stoichiometric-magnetite,MERGED
flavin-mononucleotide,riboflavin-5-phosphate,MERGED
flotufolastat-f-18,flotufolastat-f-18-gallium,MERGED
fluoride-ion,fluoride,MERGED
folate,vitamin-b9,MERGED
fomitopsis-pinicola-fruiting-body,fomitopsis-pinicola,MERGED
formaldehyde-solution,formaldehyde,MERGED
formoterol,arformoterol,MERGED
fragaria-vesca-fruit,alpine-strawberry,MERGED
frangula-alnus-bark,frangula,MERGED
frangula-purshiana-bark,cascara-sagrada,MERGED
fructo-oligosaccharides,fructooligosaccharides,MERGED
gaba,gamma-aminobutyric-acid,MERGED
gabapentin-encarbil,gabapentin-enacarbil,MERGED
galium-aparine,galium-aparine-whole,MERGED
gallium-chloride,gallium-chloride-ga-67,MERGED
gallium-citrate-ga-67,gallium-chloride-ga-67,MERGED
gallium-dotatate-ga-68,lutetium-oxodotreotide-lu-177,MERGED
gallium-ga-68-edotreotide,edotreotide-gallium-ga-68,MERGED
garbanzo-bean,chickpea,MERGED
gardenia-jasminoides-fruit,gardenia,MERGED
gentian,gentian-root,MERGED
gentiana-lutea-root,gentian-root,MERGED
geranium-robertianum-whole,geranium-robertianum,MERGED
german-chamomile,chamomile,MERGED
gerovital-h3,procaine,MERGED
ghb,calcium-oxybate,MERGED
ginkgo-biloba-leaf,ginkgo,MERGED
ginseng-american,american-ginseng,MERGED
ginseng-oriental,ginseng,MERGED
ginseng-panax,ginseng,MERGED
ginseng-siberian,ginseng,MERGED
ginsenoside,ginsenosides,MERGED
glucanase,beta-glucanase,MERGED
gluconic-acid,calcium-gluconate,MERGED
glucono-delta-lactone,gluconolactone,MERGED
gluten,wheat-gluten,MERGED
glycamil,glycyrrhizin,MERGED
glyceryl,nitroglycerin,MERGED
glycopyrronium,glycopyrrolate,MERGED
glycyrrhiza-glabra-root-powder,glycyrrhiza-glabra,MERGED
glycyrrhizic-acid,glycyrrhizin,MERGED
gonadotropin-chorionic,chorionic-gonadotropin,MERGED
gozetotide,gallium-ga-68-gozetotide,MERGED
gratiola-officinalis-whole,gratiola-officinalis,MERGED
gravel-root,eutrochium-purpureum-root,MERGED
green-tea-leaf,green-tea,MERGED
grindelia,grindelia-hirsutula-flowering-top,MERGED
griseofulvin-microcrystalline,griseofulvin,MERGED
griseofulvin-microsize,griseofulvin,MERGED
griseofulvin-ultramicrocrystalline,griseofulvin,MERGED
griseofulvin-ultramicrosize,griseofulvin,MERGED
ground-ivy,glechoma-hederacea,MERGED
hard-fat,tallow,MERGED
hazelnut-unspecified,hazelnut,MERGED
heather,norethindrone,MERGED
helianthus-annuus-seed-oil,sunflower-oil,MERGED
helminthosporium-carbonum-toxin-i,peptide,MERGED
hemlock,pseudotsuga-menziesii-resin,MERGED
henbane,hyoscyamus-niger,MERGED
herring-sperm-dna,dna,MERGED
hesperocyparis-arizonica-pollen,cupressus-arizonica-pollen,MERGED
holarrhena-antidysenterica,holarrhena-pubescens-bark,MERGED
holy-basil-leaf,holy-basil,MERGED
homalolepis-cedron-seed,simaba-cedron-seed,MERGED
honey-bee,apis-mellifera,MERGED
human-chorionic-gonadotropin,chorionic-gonadotropin,MERGED
human-growth-hormone,somatropin,MERGED
hyacinthoides-non-scripta,hyacinthoides-non-scripta-whole,MERGED
hyaluronic-acid,hyaluronate,MERGED
hyaluronidase-recombinant-human,hyaluronidase,MERGED
hydrangea-arborescens-root,hydrangea,MERGED
hydrocodone-polistirex,hydrocodone,MERGED
hydrocotyle-asiatica-extract,centella-asiatica,MERGED
hydrofluoric-acid,fluoride,MERGED
hydrogen-cyanide,sodium-nitroprusside,MERGED
hydroxide-ion,sterile-water-for-irrigation,MERGED
hydroxyethylcellulose,hydroxyethyl-cellulose,MERGED
hydroxymethylbutyrate,calcium-hydroxymethylbutyrate,MERGED
hypericum-perforatum-whole,hypericum-perforatum,MERGED
hypothalamus,bos-taurus-hypothalamus,MERGED
hypromellose-unspecified,hypromelloses,MERGED
hyssopus-officinalis-flowering-top,hyssop,MERGED
ibuprofen-lysine,ibuprofen,MERGED
iceland-moss,cetraria-islandica-subsp-islandica,MERGED
incobotulinumtoxina,botulinum-toxin-type-a,MERGED
indian-frankincense,boswellia-serrata,MERGED
indian-ipecac,tylophora-indica-root,MERGED
indian-long-pepper,long-pepper,MERGED
indian-redwood,biancaea-sappan-wood,MERGED
indium-in-111,indium,MERGED
influenza-a-virus-whole,influenza-a-virus,MERGED
influenza-b-virus-whole,influenza-b-virus,MERGED
insulin,insulin-glargine,MERGED
insulin-aspart-protamine-recombinant,insulin-aspart-recombinant,MERGED
insulin-glargine-recombinant,insulin-glargine,MERGED
insulin-glulisine-recombinant,insulin-glulisine,MERGED
insulin-lispro-protamine-recombinant,insulin-lispro,MERGED
insulin-lispro-recombinant,insulin-lispro,MERGED
insulin-recombinant-human,insulin-human,MERGED
ip-6,calcium-phytate,MERGED
iris-germanica-root,iris-x-germanica-root,MERGED
irish-moss,chondrus-crispus,MERGED
iris-tenax-whole,iris-tenax,MERGED
iris-x-germanica-nothovar-florentina-root,iris-germanica-var-florentina-root,MERGED
iron,iron-powder,MERGED
iron-ascorbate,sodium-ascorbate,MERGED
isoflavones,isoflavone,MERGED
isopropanol,isopropyl-alcohol,MERGED
isopropyl,isopropyl-alcohol,MERGED
jacobaea-maritima-whole,jacobaea-maritima,MERGED
jasmine,jasminum-officinale-flower,MERGED
java-tea,clerodendranthus-spicatus-leaf,MERGED
jujube,jujube-fruit,MERGED
karaya-gum,sterculia,MERGED
ketamine,esketamine,MERGED
kola-nut,cola-nitida-seed,MERGED
konjac,glucomannan,MERGED
lachnanthes-caroliniana-whole,lachnanthes-caroliniana,MERGED
lactic-acid-l,lactic-acid,MERGED
lactobacillus-delbrueckii-bulgaricus,lactobacillus-bulgaricus,MERGED
lactobacillus-plantarum,lactiplantibacillus-plantarum,MERGED
lactuca-virosa-whole,lactuca-virosa,MERGED
lamivudine-nevirapine-and-stavudine,nevirapine,MERGED
larch-arabinogalactan,arabinogalactan,MERGED
larrea-tridentata-top,larrea-tridentata-leaf,MERGED
lavandula-angustifolia-flower,lavandula-angustifolia-subsp-angustifolia-flower,MERGED
lavandula-angustifolia-oil,lavender-oil,MERGED
l-carnitine,levocarnitine,MERGED
l-dopa,levodopa,MERGED
lemna-minor-whole,lemna-minor,MERGED
leonurus-cardiaca-whole,leonurus-cardiaca,MERGED
lespedeza-capitata,lespedeza-capitata-flowering-top,MERGED
lesser-galangal-root,lesser-galangal,MERGED
levoketoconazole,ketoconazole,MERGED
levoleucovorin,leucovorin,MERGED
levomefolate-glucosamine,levomefolate,MERGED
levomefolic-acid,levomefolate,MERGED
levomenol,bisabolol,MERGED
l-gluthathione,gluthathione,MERGED
lichen-oil,lichen,MERGED
lidocaine-hcl,lidocaine,MERGED
ligusticum-sinense-subsp-chuanxiong-root,cnidium,MERGED
ligustrum-fruit,ligustrum-lucidum-fruit,MERGED
lily-of-the-valley,convallaria-majalis,MERGED
limosilactobacillus-reuteri,lactobacillus-reuteri,MERGED
linolenic-acid,alpha-linolenic-acid,MERGED
liotrix,levothyroxine,MERGED
lipoic-acid,thioctic-acid,MERGED
lithium-citrate,lithium,MERGED
l-leucine,leucine,MERGED
lobelia-inflata-whole,lobelia-inflata,MERGED
lolium-perenne-top,perennial-ryegrass,MERGED
lolium-pratense-pollen,festuca-pratensis-pollen,MERGED
lomatium,lomatium-dissectum-root,MERGED
l-tryptophan,tryptophan,MERGED
l-tyrosine,tyrosine,MERGED
luffa-acutangula-fruit,luffa,MERGED
lungwort,lobaria-pulmonaria,MERGED
lutein-zeaxanthin,lutein,MERGED
lutetium-lu-177-dotatate,lutetium-oxodotreotide-lu-177,MERGED
lycopodium-clavatum-spore,lycopodium,MERGED
lycopus-virginicus,lycopus-virginicus-whole,MERGED
lysimachia-arvensis-whole,anagallis-arvensis,MERGED
macadamia-ternifolia-seed-oil,macadamia-nut-oil,MERGED
macropiper-methysticum-root,piper-methysticum-root,MERGED
magnesium-alpha-ketoglutarate,calcium-alpha-ketoglutarate,MERGED
magnesium-ascorbate,sodium-ascorbate,MERGED
magnesium-creatine,creatine-monohydrate,MERGED
magnesium-glycinate,glycine,MERGED
magnesium-orotate,orotic-acid,MERGED
magnesium-oxybate,calcium-oxybate,MERGED
mahonia-aquifolium-whole,berberis-aquifolium-whole,MERGED
ma-huang,ephedra,MERGED
maize,corn,MERGED
malus-pumila-flower,malus-domestica-flower,MERGED
malus-pumila-whole,malus-domestica-whole,MERGED
mandarin-orange,tangerine,MERGED
manganese-ascorbate,sodium-ascorbate,MERGED
maral-root,leuzea-carthamoides-root,MERGED
marijuana,cannabis,MERGED
maritime-pine,pycnogenol,MERGED
marrubium-vulgare-whole,marrubium-vulgare,MERGED
matricaria-chamomilla,matricaria-recutita,MERGED
matricaria-chamomilla-whole,matricaria-recutita,MERGED
matricaria-recutita-flowering-top,matricaria-chamomilla-flowering-top,MERGED
mcpa,sodium-acetate,MERGED
mebrofenin,technetium-tc-99m-mebrofenin-kit,MERGED
mecasermin-recombinant,mecasermin,MERGED
medicago-sativa-whole,alfalfa,MERGED
medronic-acid,technetium-tc-99m-medronate,MERGED
meglumine-metrizoate,calcium-metrizoate,MERGED
melaleuca-alternifolia-leaf,tea-tree,MERGED
melaleuca-alternifolia-leaf-oil,tea-tree-oil,MERGED
melilotus-indicus-seed,melilotus,MERGED
melissa-officinalis-whole,melissa-officinalis,MERGED
menotropins,follitropin,MERGED
menyanthes-trifoliata-whole,menyanthes-trifoliata,MERGED
mercurialis-perennis,mercurialis-perennis-whole,MERGED
mercuric-cyanide,sodium-nitroprusside,MERGED
metformin-hydrochloride-sitagliptin,sitagliptin-metformin,MERGED
methylepitiostanol,epistane,MERGED
metrizoate,calcium-metrizoate,MERGED
metrizoic-acid,calcium-metrizoate,MERGED
milk-basic-protein,whey-protein,MERGED
mineral,mineral-oil,MERGED
molybdenum-ascorbate,sodium-ascorbate,MERGED
momordica-charantia-fruit,bitter-melon,MERGED
moranoline,1-deoxynojirimycin,MERGED
msm,methylsulfonylmethane,MERGED
mucuna-pruriens-seed,cowhage,MERGED
mushroom,cultivated-mushroom,MERGED
mycophenolate,mycophenolic-acid,MERGED
myosotis-arvensis-whole,myosotis-arvensis,MERGED
myrica-cerifera-pollen,morella-cerifera-pollen,MERGED
myrica-cerifera-root-bark,morella-cerifera-root-bark,MERGED
n-acetyl-cysteine,acetylcysteine,MERGED
n-acetyl-leucine,levacetylleucine,MERGED
n-acetyl-tyrosine,acetyl-l-tyrosine,MERGED
nadide,nicotinamide-adenine-dinucleotide,MERGED
naphazoline,naphazoline-hcl,MERGED
nicotine-polacrilex,nicotine,MERGED
nigella-seed,nigella-sativa-seed,MERGED
nilotinib-d-tartrate,nilotinib,MERGED
nintedanib-esylate,nintedanib,MERGED
nitric-acid,nitrate,MERGED
nitrofurantoin-macrocrystalline,nitrofurantoin,MERGED
nitrogen-nf,nitrogen,MERGED
norgestrel,levonorgestrel,MERGED
n-phenylacetyl-l-prolylglycine-ethyl-ester,noopept,MERGED
nuphar-luteum-root,nuphar-lutea-root,MERGED
oat,oats,MERGED
oil-palm,palm-oil,MERGED
olea-europaea-leaf-powder,olea-europaea-leaf,MERGED
olibanum,frankincense,MERGED
olive,green-olive,MERGED
omega-3acid-ethyl-esters,omega-3-acid-ethyl-esters,MERGED
omega-3-epa-dha,docosahexaenoic-acid,MERGED
onabotulinumtoxina,botulinum-toxin-type-a,MERGED
ononis-campestris,ononis-spinosa-whole,MERGED
onosmodium-virginianum-whole,onosmodium-virginianum,MERGED
orchic,bos-taurus-testicle,MERGED
orchid,dehydrated-alcohol,MERGED
ornithine,l-ornithine-l-aspartate,MERGED
ornithine-ketoglutarate,ornithine-alpha-ketoglutarate,MERGED
ornithine-oxoglurate,ornithine-alpha-ketoglutarate,MERGED
ornithogalum-umbellatum,ornithogalum-umbellatum-whole,MERGED
orris,iris-germanica-var-florentina-root,MERGED
ospemifene,toremifene,MERGED
oxalic-acid,calcium-oxalate,MERGED
oxiglutatione,glutathione-disulfide,MERGED
oxogluric-acid,calcium-alpha-ketoglutarate,MERGED
oxtriphylline,theophylline,MERGED
oxycodone-terephthalate,oxycodone,MERGED
oxyquinoline,indium-in-111-oxyquinoline,MERGED
paba,aminobenzoic-acid,MERGED
packera-aurea,packera-aurea-whole,MERGED
paeonia-moutan,paeoniflorin,MERGED
palm,chloroxylenol,MERGED
panax-ginseng-root,ginseng,MERGED
panax-ginseng-root-water,panax-ginseng-root-oil,MERGED
pancrelipase-amylase,pancrelipase,MERGED
pancrelipase-lipase,lipase,MERGED
pantothenic-acid,calcium-pantothenate,MERGED
paritaprevir,ombitasvir-paritaprevir-ritonavir,MERGED
pasireotide,pasireotide-diaspartate,MERGED
passiflora-incarnata-flower,passionflower,MERGED
passiflora-incarnata-top,passiflora-incarnata-flowering-top,MERGED
pemetrexed-ditromethamine,pemetrexed-disodium-hemipentahydrate,MERGED
penicillin-g-benzathine,penicillin-g,MERGED
pentamidine-diisethionate,pentamidine,MERGED
pentetate-calcium-trisodium,pentetic-acid,MERGED
pentetate-calcium-trisodium-yb-169,pentetic-acid,MERGED
pentetate-zinc-trisodium,pentetic-acid,MERGED
pepper,black-pepper,MERGED
peppermint-leaf,mentha-piperita-leaf,MERGED
peppermint-oil,peppermint,MERGED
perindopril-arginine,perindopril-erbumine,MERGED
periwinkle,common-periwinkle,MERGED
persea-gratissima-oil,avocado-oil,MERGED
pervinca-minor-whole,vinca-minor,MERGED
petroselinum-crispum-whole,petroselinum-crispum,MERGED
peumus-boldus-leaf,boldo,MERGED
phentermine-resin-complex,phentermine,MERGED
phenylethylamine,phenethylamine,MERGED
phyllanthus-emblica-fruit,emblica-officinalis-fruit,MERGED
pilocarpus-jaborandii-leaf,pilocarpus-jaborandi-leaf,MERGED
pine-pollen,pinus-tabuliformis-pollen,MERGED
pinitol,d-pinitol,MERGED
piperin,piperine,MERGED
piperoylpiperidine,piperine,MERGED
placenta,human-placental-tissue,MERGED
plantago-major-whole,plantago-major,MERGED
plantago-seed,psyllium,MERGED
plectranthus-barbatus-root,coleus-barbatus-root,MERGED
plectranthus-barbatus-root-oil,coleus-forskohlii-root-oil,MERGED
podophyllum-peltatum-root,podophyllum,MERGED
polydatin,piceid,MERGED
polyvinyl-alcohol-unspecified,polyvinyl-alcohol,MERGED
populus-deltoides-subsp-deltoides-pollen,populus-deltoides-pollen,MERGED
populus-tristis-pollen,populus-trichocarpa-pollen,MERGED
porcine-secretin,secretin,MERGED
pork-collagen,sus-scrofa-collagen,MERGED
potassium-alpha-ketoglutarate,calcium-alpha-ketoglutarate,MERGED
potassium-alpha-ketoisocaproate,calcium-alpha-ketoisocaproate,MERGED
potassium-aminosalicylate,aminosalicylic-acid,MERGED
potassium-ascorbate,sodium-ascorbate,MERGED
potassium-beta-hydroxybutyrate,beta-hydroxybutyrate,MERGED
potassium-chloride,chloride,MERGED
potassium-cyanide,sodium-nitroprusside,MERGED
potassium-d-glucarate,calcium-d-glucarate,MERGED
potassium-ferrocyanide,sodium-nitroprusside,MERGED
potassium-glucarate,calcium-d-glucarate,MERGED
potassium-gluconate,calcium-gluconate,MERGED
potassium-hydroxide,sterile-water-for-irrigation,MERGED
potassium-nitrite,calcium-nitrite,MERGED
potassium-oxalate,calcium-oxalate,MERGED
potassium-oxybate,calcium-oxybate,MERGED
potassium-phosphate,potassium-phosphate-dibasic,MERGED
potentilla-anserina-flowering-top,argentina-anserina-flowering-top,MERGED
pramoxine,pramoxine-hcl,MERGED
prezatide,copper-tripeptide-1,MERGED
prezatide-copper,copper-tripeptide-1,MERGED
procyanidin,proanthocyanidins,MERGED
propanediol,propylene-glycol,MERGED
propionibacterium-shermanii,propionibacterium-freudenreichii-shermanii,MERGED
propolis-wax,propolis,MERGED
protein,ecallantide,MERGED
pseudoephedrine-polistirex,pseudoephedrine,MERGED
pseudognaphalium-obtusifolium,gnaphalium,MERGED
pseudognaphalium-obtusifolium-whole,gnaphalium,MERGED
pulex-irritans-whole,pulex-irritans,MERGED
pulsatilla-patens-whole,anemone-patens-whole,MERGED
pulsatilla-pratensis-whole,pulsatilla-pratensis,MERGED
pulsatilla-vulgaris,anemone-pulsatilla,MERGED
pulsatilla-vulgaris-whole,anemone-pulsatilla,MERGED
pyrethrins,pyrethrum-extract,MERGED
pyridoxal-phosphate,pyridoxal,MERGED
pyridoxine-hcl,pyridoxine,MERGED
pyruvate,calcium-pyruvate,MERGED
quahog-unspecified,clam,MERGED
quassia,quassia-amara-wood,MERGED
queens-delight,stillingia-sylvatica-root,MERGED
quercus-alba-bark,oak,MERGED
quillaja-saponaria-bark,quillaja,MERGED
quinine-arsenate,quinine-sulphate,MERGED
quinine-arsenite,quinine-sulphate,MERGED
racemethionine,dl-methionine,MERGED
ranitidine-bismuth,ranitidine,MERGED
ranunculus-bulbosus-whole,ranunculus-bulbosus,MERGED
rauwolfia-serpentina-root,rauwolfia-serpentina,MERGED
rebaudioside-a,stevia,MERGED
red-raspberry,raspberry,MERGED
red-root,bloodroot,MERGED
red-yeast,monascus-purpureus,MERGED
reishi-mushroom,reishi,MERGED
resin,balsam,MERGED
reynoutria-japonica-root,polygonum-cuspidatum-root,MERGED
reynoutria-multiflora-root,fallopia-multiflora-root,MERGED
rhamnus-cathartica-fruit,buckthorn,MERGED
rheum-tanguticum-whole,chinese-rhubarb,MERGED
rhizopus-arrhizus,rhizopus-oryzae,MERGED
rhododendron-chrysanthum,rhododendron-aureum-leaf,MERGED
rhododendron-tomentosum-leafy-twig,ledum-palustre-twig,MERGED
rh-oligopeptide-1,human-epidermal-growth-factor,MERGED
rhus-glabra,rhus-glabra-top,MERGED
rice,white-rice,MERGED
rice-bean,adzuki-bean,MERGED
rice-flour,brown-rice,MERGED
ricinus-communis-seed-oil,castor-oil,MERGED
rimabotulinumtoxinb,botulinum-toxin-type-b,MERGED
risedronate-sodium-hemi-pentahydrate,risedronate,MERGED
risedronate-sodium-hemipentahydrate,risedronate,MERGED
ropeginterferon-alfa-2b-njft,ropeginterferon-alfa-2b,MERGED
rosa-damascena-flowering-top,rosa-x-damascena-flowering-top,MERGED
rosavins,rosavin,MERGED
rosmarinus-officinalis-leaf-oil,rosemary-oil,MERGED
rosuvastatin-zinc,rosuvastatin,MERGED
saccharomyces-boulardii,saccharomyces-cerevisiae,MERGED
salmonella-enterica-enterica-serovar-enteritidis,salmonella-enterica-subsp-enterica-serovar-enteritidis,MERGED
salmonella-enterica-enterica-serovar-typhi,salmonella-enterica-subsp-enterica-serovar-typhi,MERGED
salt,sodium-chloride,MERGED
salvia-miltiorrhiza-root,danshen,MERGED
salvia-rosmarinus-flower,rosmarinus-officinalis-flower,MERGED
salvia-rosmarinus-flowering-top,rosmarinus-officinalis-flowering-top,MERGED
sambucus-nigra-flowering-top,sambucus-nigra,MERGED
sanguinaria-canadensis-root,bloodroot,MERGED
sarsaparilla,smilax-ornata-root,MERGED
sassafras-albidum-root-bark,sassafras,MERGED
scleranthus-annus,scleranthus-annuus-flowering-top,MERGED
scrophularia-nodosa-whole,scrophularia-nodosa,MERGED
scutellaria-lateriflora-whole,scutellaria-lateriflora,MERGED
seaweed,nori,MERGED
secretin-synthetic-human,secretin-human,MERGED
secretin-synthetic-porcine,secretin,MERGED
sedum-acre,sedum-acre-whole,MERGED
selenious-acid,selenium,MERGED
semecarpus-anacardium,semecarpus-anacardium-juice,MERGED
serrapeptase,serratiopeptidase,MERGED
servicetree,sorbus-domestica-whole,MERGED
shepherds-purse,capsella-bursa-pastoris,MERGED
shrimp-unspecified,shrimp,MERGED
silphium-laciniatum,silphium-laciniatum-whole,MERGED
silybum-marianum-seed,milk-thistle,MERGED
simmondsia-chinensis-seed-oil,jojoba-oil,MERGED
sitagliptin-and-metformin,sitagliptin-metformin,MERGED
sitagliptin-phosphate-anhydrous-metformin,sitagliptin-metformin,MERGED
slippery-elm,elm,MERGED
sodium-gluconate,calcium-gluconate,MERGED
sodium-nitrate,nitrate,MERGED
sodium-oxybate,calcium-oxybate,MERGED
sodium-phosphate-dibasic-unspecified-form,sodium-phosphate-dibasic,MERGED
sodium-phosphate-monobasic-unspecified-form,sodium-phosphate-monobasic,MERGED
sodium-phosphate-p-32,phosphorus-p-32,MERGED
sodium-pyrophosphate,pyrophosphate,MERGED
sodium-pyruvate,calcium-pyruvate,MERGED
solanum-lycopersicum-whole,solanum-lycopersicum,MERGED
solanum-tuberosum-whole,solanum-tuberosum,MERGED
somatropin-recombinant,somatropin,MERGED
sorbic-acid,potassium-sorbate,MERGED
soybean-lecithin,lecithin-soybean,MERGED
spice,citrus,MERGED
spigelia-anthelmia-whole,spigelia-anthelmia,MERGED
spigelia-marilandica-root,spigelia,MERGED
spleen,bos-taurus-spleen,MERGED
staphisagria-macrosperma-seed,delphinium-staphisagria-seed,MERGED
star-of-bethlehem,ornithogalum-umbellatum-whole,MERGED
sterile-water-for-injection,sterile-water-for-irrigation,MERGED
stillingia,stillingia-sylvatica-root,MERGED
stomach,bismuth-subsalicylate,MERGED
strychnos-nux-vomica-seed,nux-vomica,MERGED
sulfadiazine,silver-sulfadiazine,MERGED
sulfisoxazole-diolamine,sulfisoxazole,MERGED
sulfur-hexafluoride-lipid-type-a-microspheres,sulfur-hexafluoride,MERGED
sundew,drosera-rotundifolia-flowering-top,MERGED
sunflower,sunflower-oil,MERGED
sus-scrofa-eye,eye,MERGED
sus-scrofa-thyroid,thyroid,MERGED
sus-scrofa-vagus-nerve,sus-scrofa-parasympathetic-nerve,MERGED
sweet-woodruff,galium-odoratum,MERGED
tabebuia-impetiginosa-bark,handroanthus-impetiginosus-bark,MERGED
tantalum-carbide,charcoal,MERGED
taraxacum-palustre-root,taraxacum,MERGED
tarragon,french-tarragon,MERGED
taurursodiol,tauroursodeoxycholic-acid,MERGED
tbo-filgrastim,filgrastim,MERGED
tea,black-tea,MERGED
tea-leaf,black-tea,MERGED
tea-salicylate,trolamine,MERGED
technetium-tc-99m-albumin-colloid-kit,technetium-tc-99m-albumin-aggregated-kit,MERGED
technetium-tc-99m-etidronate-kit,etidronate,MERGED
technetium-tc-99m-exametazime-kit,technetium-tc-99m-exametazime,MERGED
technetium-tc-99m-gluceptate-kit,calcium-gluceptate,MERGED
technetium-tc-99m-oxidronate-kit,oxidronate,MERGED
technetium-tc-99m-pentetate-kit,pentetic-acid,MERGED
technetium-tc-99m-pyrophosphate-kit,technetium-tc-99m-pyrophosphate,MERGED
technetium-tc-99m-sestamibi-kit,technetium-tc-99m-sestamibi,MERGED
technetium-tc-99m-succimer,succimer,MERGED
technetium-tc-99m-succimer-kit,succimer,MERGED
technetium-tc-99m-sulfur-colloid-kit,technetium-tc-99m-sulfur-colloid,MERGED
tert-butyl-methyl-ether,ether,MERGED
tetracycline-phosphate-complex,tetracycline,MERGED
tetradecyl-hydrogen,sodium-sulfate,MERGED
tetrahydrocannabinol,dronabinol,MERGED
tetrakis-copper-tetrafluoroborate,technetium-tc-99m-sestamibi,MERGED
tetrofosmin,technetium-tc-99m-tetrofosmin-kit,MERGED
teucrium-marum-whole,teucrium-marum,MERGED
tezacaftor,ivacaftor-tezacaftor,MERGED
theacrine,teacrine,MERGED
theanine,l-theanine,MERGED
thiamin,thiamine,MERGED
thiamine-hcl,thiamine,MERGED
thiamine-mononitrate,thiamine,MERGED
thuja,thuja-occidentalis-leafy-twig,MERGED
thymus,sus-scrofa-thymus,MERGED
thymus-serpyllum-whole,thymus-serpyllum,MERGED
thyroid-porcine,thyroid,MERGED
titanium-carbide,charcoal,MERGED
trametinib-dimethyl-sulfoxide,trametinib,MERGED
transglucosidase,alglucosidase-alfa,MERGED
triacetyluridine,uridine-triacetate,MERGED
triacontanol,myricyl-alcohol,MERGED
tribulus-terrestris,creatine-monohydrate,MERGED
tribulus-terrestris-whole,tribulus,MERGED
trientine,trientine-tetrahydrochloride,MERGED
turnera-diffusa-leafy-twig,damiana,MERGED
tussilago-farfara,coltsfoot,MERGED
ubiquinone,coenzyme-q10,MERGED
ulmus-minor-flowering-twig,ulmus-procera-flowering-twig,MERGED
ulva-lactuca-extract,sea-lettuce,MERGED
unsaturated-fatty-acid,calcium-formate,MERGED
urtica-dioica-whole,urtica-dioica,MERGED
urtica-urens-whole,urtica-urens,MERGED
usnea,usnea-barbata,MERGED
uva-ursi,arctostaphylos-uva-ursi-leaf,MERGED
valerian-root,valerian,MERGED
valproate,valproic-acid,MERGED
vanadium-picolinate,chromium-picolinate,MERGED
vanilla-bean,vanilla,MERGED
vegetable,vegetable-juice,MERGED
verbascum-thapsus-whole,verbascum-thapsus,MERGED
verbena-officinalis-whole,verbena-officinalis,MERGED
veronica-beccabunga-whole,veronica-beccabunga,MERGED
vinca-minor-whole,vinca-minor,MERGED
vincetoxicum-hirundinaria-root,cynanchum-vincetoxicum-root,MERGED
vincetoxicum-indicum-leaf,tylophora-indica-leaf,MERGED
vincetoxicum-indicum-root,tylophora-indica-root,MERGED
viola-odorata-whole,viola-odorata,MERGED
viola-tricolor-whole,viola-tricolor,MERGED
visnaga-daucoides-fruit,ammi-visnaga-fruit,MERGED
vitamin-b1,thiamine,MERGED
vitamin-b3,niacin,MERGED
vitamin-b5,calcium-pantothenate,MERGED
vitamin-b6,pyridoxine,MERGED
vitamin-b7,biotin,MERGED
vitamin-c,sodium-ascorbate,MERGED
vitamin-d,vitamin-d2,MERGED
vitis-vinifera-seed-oil,grape-seed-oil,MERGED
walnut,english-walnut,MERGED
whey,whey-protein,MERGED
white-kidney-bean,kidney-bean,MERGED
white-mulberry,mulberry,MERGED
white-mustard,white-mustard-seed,MERGED
white-pine,pinus-strobus-cone,MERGED
white-sandalwood,sandalwood,MERGED
wild-cherry,prunus-serotina-bark,MERGED
wild-indigo,baptisia-tinctoria,MERGED
wild-yam,chinese-yam,MERGED
withania-somnifera-root,ashwagandha,MERGED
xenon-xe-129,xenon-xe-129-hyperpolarized,MERGED
xerophyllum-asphodeloides-whole,xerophyllum-asphodeloides,MERGED
yeast-unspecified,yeast,MERGED
yerba-mate,mate,MERGED
yerba-santa,eriodictyon-californicum-leaf,MERGED
yucca-filamentosa-whole,yucca-filamentosa,MERGED
zinc-ascorbate,sodium-ascorbate,MERGED
zinc-carnosine,carnosine,MERGED
zinc-glycinate,glycine,MERGED
zinc-l-carnosine,carnosine,MERGED
zinc-pca,arginine-pyroglutamate,MERGED
zinc-picolinate,chromium-picolinate,MERGED
zinc-picrate,picric-acid,MERGED
zinc-picrate-nonahydrate,picric-acid,MERGED
zinc-pyrithione,pyrithione-zinc,MERGED
zinc-undecylenate,undecylenic-acid,MERGED
zingiber-officinale-root-oil,ginger-oil,MERGED
ziv-aflibercept,aflibercept,MERGED
