old_slug,new_slug,reason
abarelix-2,abarelix,MERGED: K2:AIWRTTMUVOZGPW-HSPKUQOVSA-N adopted the unnumbered slug of a page it absorbed
anhydrous-citric-acid-2,anhydrous-citric-acid,MERGED: K1:XF417D3PSL adopted the unnumbered slug of a page it absorbed
benzhydrocodone-2,benzhydrocodone,MERGED into HOLD:existing:benzhydrocodone by identity pass 3.2
benzonatate-2,benzonatate,MERGED into K1:5P4DHS6ENR by identity pass 3.2
benzquinamide-2,benzquinamide,MERGED into HOLD:existing:benzquinamide by identity pass 3.2
calcitonin-human-2,calcitonin-human,MERGED into K1:I0IO929019 by identity pass 3.2
calcitonin-salmon-2,calcitonin-salmon,MERGED into K1:7SFC6U2VI5 by identity pass 3.2
cefprozil-2,cefprozil,MERGED into K1:4W0459ZA4V by identity pass 3.2
ceftobiprole-medocaril-2,ceftobiprole-medocaril,MERGED: K2:HFTSMHTWUFCYMJ-FDNJTQOMSA-N adopted the unnumbered slug of a page it absorbed
chembl1159651,lactose-unspecified-form,MERGED into K1:J2B2A4N98G by identity pass 3.2
chembl1200647,candicidin,MERGED into K1:48N2IYJ202 by identity pass 3.2
chembl1231723,polidocanol,MERGED into K1:0AWH8BFG9A by identity pass 3.2
chembl3183440,crotamiton,MERGED into K1:D6S4O4XD0H by identity pass 3.2
chembl4073796,pentosan-polysulfate,MERGED into K1:F59P8B75R4 by identity pass 3.2
chembl4090674,nona-arginine,MERGED into K1:PK7O6W0U44 by identity pass 3.2
chembl438402,tridecactide,MERGED into K1:T7PQK27HTI by identity pass 3.2
choline-chloride-c-11,choline-c-11,MERGED into K1:M4AS4XGD4Q by identity pass 3.2
choline-gluconate,calcium-gluconate,MERGED into K1:R4R8J0Q44B by identity pass 3.2
dextrose-2,anhydrous-dextrose,MERGED into K1:IY9XDZ35W2 by identity pass 3.2
enzacamene,4-methylbenzylidene-camphor,MERGED into HOLD:existing:4-methylbenzylidene-camphor by identity pass 3.2
etimupepimut,etimumotide,MERGED into K1:49CUA4ZSL9 by identity pass 3.2
exenatide-synthetic,exenatide,MERGED into K1:9P1872D4OL by identity pass 3.2
gadoteric-acid,gadoterate-meglumine,MERGED into K1:L0ND3981AG by identity pass 3.2
glucuronolactone,glucurolactone,MERGED into K2:OGLCQHRZUSEXNB-UAPNVWQMSA-N by identity pass 3.2
glycolipids,sphingomyelin,MERGED into K1:25WE4JC35O by identity pass 3.2
imsapepimut,imsamotide,MERGED into K1:V74I849BP9 by identity pass 3.2
insulin-detemir-recombinant,insulin-detemir,MERGED into K1:4FT78T86XV by identity pass 3.2
iobenguane-sulfate-i-131,iobenguane-i-131,MERGED into HOLD:existing:iobenguane-i-131 by identity pass 3.2
lefamulin-2,lefamulin,MERGED: K2:KPVIXBKIJXZQJX-FCEONZPQSA-N adopted the unnumbered slug of a page it absorbed
linaclotide-2,linaclotide,MERGED into K1:N0TXR0XR5X by identity pass 3.2
liraglutide-2,liraglutide,MERGED into K1:839I73S42A by identity pass 3.2
magnesium-carbonate,magnesite,MERGED into K1:0IHC698356 by identity pass 3.2
magnesium-stearate,stearic-acid,MERGED into K1:4ELV7Z65AP by identity pass 3.2
methylphenidate-2,methylphenidate,MERGED into HOLD:existing:methylphenidate by identity pass 3.2
methylsynephrine,oxilofrine,MERGED into K2:OXFGTKPPFSCSMA-UHFFFAOYSA-N by identity pass 3.2
nafarelin-2,nafarelin,MERGED into HOLD:existing:nafarelin by identity pass 3.2
neuropeptide-y-2,neuropeptide-y,MERGED into K1:BY7U39XXK0 by identity pass 3.2
nonoxinol-9,nonoxynol-9,MERGED into K1:48Q180SH9T by identity pass 3.2
oxytocin-2,oxytocin,MERGED into K1:1JQS135EYN by identity pass 3.2
permethrin-2,permethrin,MERGED into K1:509F88P9SZ by identity pass 3.2
phenmetrazine-2,phenmetrazine,MERGED into HOLD:existing:phenmetrazine by identity pass 3.2
phosphatidylcholine,egg-phospholipids,MERGED into K1:1Z74184RGV by identity pass 3.2
plecanatide-2,plecanatide,MERGED into K1:7IK8Z952OK by identity pass 3.2
plicamycin-3,plicamycin,MERGED: K2:XDKMHMINQXATOR-RCFLUEAHSA-N adopted the unnumbered slug of a page it absorbed
potassium-aspartate-2,potassium-aspartate,MERGED into K1:30KYC7MIAI by identity pass 3.2
potassium-citrate,potassium-citrate-anhydrous,MERGED into K1:86R1NVR0HW by the adjudicated identity decisions (3.4)
potassium-lactate,lactic-acid-dl,MERGED into K1:3B8D35Y7S4 by identity pass 3.2
potassium-tartrate,tartaric-acid-2,MERGED into K1:W4888I119H by identity pass 3.2
rhamphospermum-arvense-flowering-fruiting-top,sinapis-arvensis-flowering-fruiting-top,MERGED into COMBO:NAME:sinapis arvensis flowering fruiting top by identity pass 3.2
sennoside-a-b,sennoside,MERGED into K1:9VK7V8762D by identity pass 3.2
silibinin,silybin,MERGED into K1:4RKY41TBTF by identity pass 3.2
sodium-citrate,anhydrous-citric-acid,MERGED into K1:XF417D3PSL by the adjudicated identity decisions (3.4)
sodium-heparin,heparin-sodium,MERGED into K1:ZZ45AB24CA by identity pass 3.2
sodium-hyaluronate,hyaluronate,MERGED into K1:S270N0TRQY by identity pass 3.2
sodium-phenylacetate-2,phenylacetic-acid,MERGED into K1:ER5I1W795A by identity pass 3.2
sodium-succinate,monosodium-succinate,MERGED into K1:P699N4QOWE by the adjudicated identity decisions (3.4)
sodium-tartrate,tartaric-acid-2,MERGED into K1:W4888I119H by identity pass 3.2
tannic-acid-2,tannic-acid,MERGED into K1:2711I21VE5 by identity pass 3.2
teduglutide-2,teduglutide,MERGED into K1:7M19191IKG by identity pass 3.2
terlipressin-2,terlipressin,MERGED into K1:7Z5X49W53P by identity pass 3.2
tetracosactide,cosyntropin,MERGED into K1:72YY86EA29 by identity pass 3.2
troglitazone-2,troglitazone,MERGED into K1:I66ZZ0ZN0E by identity pass 3.2
vasopressin-injection,vasopressin,MERGED into K1:Y4907O6MFD by identity pass 3.2
voxilaprevir-3,voxilaprevir,MERGED: K2:MKDALIOACIEUJM-XCFCBFDASA-N adopted the unnumbered slug of a page it absorbed
ziconotide-2,ziconotide,MERGED into K1:7I64C51O16 by identity pass 3.2
