key,tier,page,licenceNumber,productName,componentAsPublished,candidateName,normalisedName
K1:R533ESO2EC,2,Coal Tar,SIN03248P,PREPARED COAL TAR 5% ET SALICYLIC ACID 2% OINTMENT,COAL TAR PREPARED,COAL TAR PREPARED,coal tar prepared
K1:59XE10C19C,2,Fusidic acid,SIN08922P,BALAD OINTMENT 20 mg/g,SODIUM FUSIDATE,SODIUM FUSIDATE,sodium fusidate
K1:9L75099X6R,2,Sodium Fluoride F-18,SIN14436P,SODIUM FLUORIDE F18 INJECTION 10-200 mCi/ml,sodium fluoride F18,sodium fluoride F18,sodium fluoride f18
K1:D9GM7FH652,1,Pyroglutamylaprotinin,SIN07805P,"TRASYLOL INJECTION 500,000 kiu/50 ml",APROTININ,APROTININ,aprotinin
K1:743QUY4VD8,2,Hyaluronidase (HUMAN RECOMBINANT),SIN10302P,HYALASE POWDER FOR INJECTION 1500 iu/ampoule,HYALURONIDASE (OVINE),HYALURONIDASE,hyaluronidase
K1:4ZUXHGUFHH,2,Tantalum Carbide,SIN05853P,ULTRACARBON TABLET 250 mg,MEDICINAL CHARCOAL,MEDICINAL CHARCOAL,medicinal charcoal
K3:CHEMBL2108741,3,Simeticone,SIN16773P,ALVERSIME SOFT CAPSULES,Simeticone,Simeticone,simeticone
K1:54Z8M50D6Q,2,Carbamoylcholine,SIN04572P,MIOSTAT INTRAOCULAR SOLUTION 0.01%,CARBACHOL,CARBACHOL,carbachol
K1:59XE10C19C,2,Fusidic acid,SIN10706P,FORSUDERM OINTMENT 20 mg/g,SODIUM FUSIDATE,SODIUM FUSIDATE,sodium fusidate
K1:59XE10C19C,2,Fusidic acid,SIN14054P,DISUF OINTMENT 2% W/W,Sodium Fusidate micronized,Sodium Fusidate,sodium fusidate
K1:59XE10C19C,2,Fusidic acid,SIN11689P,FOBANCORT OINTMENT,SODIUM FUSIDATE,SODIUM FUSIDATE,sodium fusidate
K1:4ABT0J945J,2,Thiamine Ion,SIN05447P,IBERET-FOLIC-500 TABLET,(Vitamin Layer) Thiamine Mononitrate,Thiamine Mononitrate,thiamine mononitrate
K1:19F5HK2737,2,Pantothenic Acid,SIN05447P,IBERET-FOLIC-500 TABLET,(Vitamin layer) Calcium Pantothenate,Calcium Pantothenate,calcium pantothenate
K1:R4KO0DY52L,1,Chlorhexidine,SIN13278P,PerioChip,Chlorhexidine digluconate,Chlorhexidine digluconate,chlorhexidine digluconate
K1:59XE10C19C,2,Fusidic acid,SIN11805P,FOBAN OINTMENT 2% w/w,SODIUM FUSIDATE,SODIUM FUSIDATE,sodium fusidate
K1:4ABT0J945J,2,Thiamine Ion,SIN10260P,NUTRIHEALTH NEUROVIT FORTE TABLET,THIAMINE MONONITRATE,THIAMINE MONONITRATE,thiamine mononitrate
K4:pancreas,2,Pancreas,SIN13945P,"Creon 10000 Capsule, coated pellets 150mg",PANCREAS POWDER,PANCREAS,pancreas
K1:D9GM7FH652,1,Pyroglutamylaprotinin,SIN14707P,TISSEEL FIBRIN SEALANT VH S/D (FROZEN),Aprotinin (synthetic) (for sealer protein solution),Aprotinin,aprotinin
K1:6K15ABL77G,2,Human Thrombin,SIN14707P,TISSEEL FIBRIN SEALANT VH S/D (FROZEN),Thrombin (for thrombin solution),Thrombin,thrombin
K1:3982TWQ96G,2,Neostigmine,SIN10993P,SETISIN INJECTION 2.5 mg/ml,NEOSTIGMINE METHYLSULPHATE,NEOSTIGMINE METHYLSULPHATE,neostigmine methylsulphate
K1:IU5QR144QX,1,"Estrogens, Conjugated",SIN03229P,PREMARIN VAGINAL CREAM,OESTROGENS (CONJUGATED),OESTROGENS (CONJUGATED),oestrogens conjugated
K1:E524N2IXA3,3,Ornithine,SIN15578P,HEPA-MERZ INFUSION CONCENTRATE 5G/10 ML,L-Ornithine-L-Aspartate,L-Ornithine-L-Aspartate,ornithine l
K1:59XE10C19C,2,Fusidic acid,SIN00722P,FUCIDIN OINTMENT 2%,SODIUM FUSIDATE,SODIUM FUSIDATE,sodium fusidate
K3:CHEMBL2108741,3,Simeticone,SIN17214P,ALMET CAPSULES,Simeticone,Simeticone,simeticone
K1:ND3X3A4J22,3,Coleus Amboinicus Hydrophobic Extract,SIN16683P,FESPIXON CREAM,Plectranthus amboinicus extract (PA-F4),Plectranthus amboinicus extract,plectranthus amboinicus extract
K1:4ABT0J945J,2,Thiamine Ion,SIN05209P,SOLUVIT N FOR INFUSION,Thiamine mononitrate (eqv to 2.1 mg of Vitamin B1),Thiamine mononitrate,thiamine mononitrate
K1:95D580798S,2,Picosulfuric Acid,SIN17163P,PICO-SWIFT POWDER FOR ORAL SOLUTION,Sodium Picosulfate,Sodium Picosulfate,sodium picosulfate
K2:NZVYCXVTEHPMHE-ZSUJOUNUSA-N,3,Thymalfasin,SIN07483P,ZADAXIN INJECTION,THYMOSIN ALPHA 1,THYMOSIN ALPHA 1,thymosin alpha 1
K1:23521W1S24,2,Clavulanic acid,SIN13390P,CURAM 1000MG+200MG POWDER FOR INTRAVENOUS SOLUTION,Potassium Clavulanate eqv. 200mg of clavulanic acid,Potassium Clavulanate,potassium clavulanate
K1:D9GM7FH652,1,Pyroglutamylaprotinin,SIN14719P,"ARTISS SOLUTIONS FOR SEALANT, DEEP FROZEN",Aprotinin (synthetic) (for sealer protein solution),Aprotinin,aprotinin
K1:0A6JH35GMQ,1,PRABOTULINUMTOXIN A,SIN08205P,BOTOX POWDER FOR SOLUTION FOR INJECTION 100 Units/Vial,CLOSTRIDIUM BOTULINUM TOXIN TYPE A,CLOSTRIDIUM BOTULINUM TOXIN TYPE A,clostridium botulinum toxin type a
K1:0A6JH35GMQ,1,PRABOTULINUMTOXIN A,SIN14202P,Botox® Powder for Solution for Injection 50 Units/Vial,Clostridium Botulinum toxin type A,Clostridium Botulinum toxin type A,clostridium botulinum toxin type a
K4:pancreas,2,Pancreas,SIN17515P,"Creon 25000 capsule, coated pellets 300mg",PANCREAS POWDER,PANCREAS,pancreas
K1:0A6JH35GMQ,1,PRABOTULINUMTOXIN A,SIN16680P,NABOTA POWDER FOR SOLUTION FOR INJECTION 100 UNITS/VIAL,Clostridium Botulinum Toxin Type A,Clostridium Botulinum Toxin Type A,clostridium botulinum toxin type a
K1:95D580798S,2,Picosulfuric Acid,SIN14303P,PICOPREP Powder for Oral Solution,Sodium picosulfate,Sodium picosulfate,sodium picosulfate
K1:2K3X4G63S7,2,2-METHOXYISOBUTYL Isonitrile,SIN14129P,Stamicis Kit for Radiopharmaceutical Preparation 1mg,Tetrakis (2-methoxyisobutyl isonitrile) copper (I) tetrafluoroborate,Tetrakis copper tetrafluoroborate,tetrakis copper tetrafluoroborate
K1:FA0UYH6QUO,2,"FLUPENTIXOL, (Z)-",SIN00913P,DEANXIT TABLET,Flupentixol Dihydrochloride eqv Flupentixol,Flupentixol,flupentixol
K1:C4V974V932,2,Indocyanine Green Acid Form,SIN17525P,VERDYE POWDER FOR SOLUTION FOR INJECTION 25 MG/VIAL,Indocyanine Green,Indocyanine Green,indocyanine green
K1:R4KO0DY52L,1,Chlorhexidine,SIN10131P,SILVIN CREAM,CHLORHEXIDINE DIGLUCONATE,CHLORHEXIDINE DIGLUCONATE,chlorhexidine digluconate
K1:0N7609K889,2,Sulfadiazine,SIN10131P,SILVIN CREAM,SILVER SULPHADIAZINE,SILVER SULPHADIAZINE,silver sulphadiazine
K1:UM2XKY25DH,2,"NORELGESTROMIN, (E)-",SIN12423P,EVRA TRANSDERMAL PATCH (6 mg/600 mcg),NORELGESTROMIN,NORELGESTROMIN,norelgestromin
