licenceNumber,productName,activeIngredients,forensicClassification,reason
SIN07177P,FUCON CAPSULE 10 mg,HYOSCINE N-BUTYLBROMIDE,Pharmacy Only,"no component of this product resolved to a UNII held by a corpus page, to an InChIKey or skeleton held by a page, or to a single page by normalised name"
SIN08347P,U O CREAM 10%,CARBONYLDIAMIDE (UREA),General Sale List,"no component of this product resolved to a UNII held by a corpus page, to an InChIKey or skeleton held by a page, or to a single page by normalised name"
SIN11621P,SIMCONE CHEWABLE TABLET 80 mg,SIMETHICONE,General Sale List,"no component of this product resolved to a UNII held by a corpus page, to an InChIKey or skeleton held by a page, or to a single page by normalised name"
SIN02382P,MYLOM DROPS 40 mg/0.6 ml,SIMETHICONE,General Sale List,"no component of this product resolved to a UNII held by a corpus page, to an InChIKey or skeleton held by a page, or to a single page by normalised name"
SIN13967P,BioThrax (Anthrax Vaccine Adsorbed) Supension for Injection 50μg/dose (nominal),Anthrax Antigen Protein,Prescription Only,"no component of this product resolved to a UNII held by a corpus page, to an InChIKey or skeleton held by a page, or to a single page by normalised name"
SIN05199P,EGODERM CREAM,TUMENOL AMMONIUM,General Sale List,"no component of this product resolved to a UNII held by a corpus page, to an InChIKey or skeleton held by a page, or to a single page by normalised name"
SIN07433P,HYOSUN SYRUP 5mg/5 ml,HYOSCINE N-BUTYLBROMIDE,Pharmacy Only,"no component of this product resolved to a UNII held by a corpus page, to an InChIKey or skeleton held by a page, or to a single page by normalised name"
SIN03486P,SANKAIJO TABLET,POWDERED ALOE&&POWDERED RHUBARB&&POWDERED SENNA LEAF,General Sale List,"no component of this product resolved to a UNII held by a corpus page, to an InChIKey or skeleton held by a page, or to a single page by normalised name"
SIN07796P,FUCON INJECTION 20 mg/ml,HYOSCINE N-BUTYLBROMIDE,Prescription Only,"no component of this product resolved to a UNII held by a corpus page, to an InChIKey or skeleton held by a page, or to a single page by normalised name"
SIN04390P,DESOMEDINE EYE DROPS 1 mg/ml,HEXAMIDINE DI-ISETHIONATE,General Sale List,"no component of this product resolved to a UNII held by a corpus page, to an InChIKey or skeleton held by a page, or to a single page by normalised name"
SIN14339P,Hirudoid ® Forte Cream 445 mg/ 100g,Mucopolysaccharide Polysulphate,General Sale List,"no component of this product resolved to a UNII held by a corpus page, to an InChIKey or skeleton held by a page, or to a single page by normalised name"
SIN04236P,HIRUDOID GEL 300 mg/100 g,MUCOPOLYSACCHARIDE POLYSULPHATE,General Sale List,"no component of this product resolved to a UNII held by a corpus page, to an InChIKey or skeleton held by a page, or to a single page by normalised name"
SIN04421P,HIRUDOID CREAM 0.3 g/100 g,MUCOPOLYSACCHARIDE POLYSULPHATE,General Sale List,"no component of this product resolved to a UNII held by a corpus page, to an InChIKey or skeleton held by a page, or to a single page by normalised name"
SIN04022P,PINETARSOL SOLUTION 2.3% w/w,TAR,General Sale List,"no component of this product resolved to a UNII held by a corpus page, to an InChIKey or skeleton held by a page, or to a single page by normalised name"
SIN16108P,GENTECH MOLYBDENUM (99Mo) / TECHNETIUM (99mTc) STERILE GENERATOR,Sodium pertechnetate (99mTc),Prescription Only,"no component of this product resolved to a UNII held by a corpus page, to an InChIKey or skeleton held by a page, or to a single page by normalised name"
SIN12598P,FLUDEOXYGLUCOSE F-18 INJECTION 5 - 20 mCi/ml,FLUORO-2-DEOXY-D-GLUCOSE,Prescription Only,"no component of this product resolved to a UNII held by a corpus page, to an InChIKey or skeleton held by a page, or to a single page by normalised name"
SIN03619P,AFRICAN SEA-COCONUT COUGH MIXTURE,GLYCYRRHIZA LIQUID EXTRACT&&IPECACUANHA TINCTURE&&SQUILL LIQUID PRO SYRUP&&TOLU SYRUP,General Sale List,"no component of this product resolved to a UNII held by a corpus page, to an InChIKey or skeleton held by a page, or to a single page by normalised name"
SIN12512P,Octanate 250IU Powder and Solvent for Solution for Injection,COAGULATION FACTOR VIII (HUMAN),Prescription Only,"no component of this product resolved to a UNII held by a corpus page, to an InChIKey or skeleton held by a page, or to a single page by normalised name"
SIN12513P,Octanate 500IU Powder and Solvent for Solution for Injection,COAGULATION FACTOR VIII (HUMAN),Prescription Only,"no component of this product resolved to a UNII held by a corpus page, to an InChIKey or skeleton held by a page, or to a single page by normalised name"
SIN13378P,Pinetarsol Gel 1.6% w/w,Tar,General Sale List,"no component of this product resolved to a UNII held by a corpus page, to an InChIKey or skeleton held by a page, or to a single page by normalised name"
SIN15096P,"DENGVAXIA, POWDER AND SOLVENT FOR SUSPENSION FOR INJECTION",CYD Dengue Virus Serotype 1&&CYD Dengue Virus Serotype 2&&CYD Dengue Virus Serotype 3&&CYD Dengue Virus Serotype 4,Prescription Only,"no component of this product resolved to a UNII held by a corpus page, to an InChIKey or skeleton held by a page, or to a single page by normalised name"
SIN16636P,YSP HYOSCINE INJECTION 20MG/ML,Hyoscine N-butylbromide,Prescription Only,"no component of this product resolved to a UNII held by a corpus page, to an InChIKey or skeleton held by a page, or to a single page by normalised name"
SIN16274P,"TECHNESCAN PYP, KIT FOR RADIOPHARMACEUTICAL PREPARATION, 20MG/VIAL",Sodium Pyrophosphate Decahydrate,Prescription Only,"no component of this product resolved to a UNII held by a corpus page, to an InChIKey or skeleton held by a page, or to a single page by normalised name"
SIN12151P,TECHNESCAN HDP FOR INJECTION 3 mg/vial,SODIUM OXIDRONATE,Prescription Only,"no component of this product resolved to a UNII held by a corpus page, to an InChIKey or skeleton held by a page, or to a single page by normalised name"
SIN13226P,Euvein 500,Micronized Flavonoidic Fraction equivalent to: Diosmin and Hesperidin,General Sale List,"no component of this product resolved to a UNII held by a corpus page, to an InChIKey or skeleton held by a page, or to a single page by normalised name"
SIN02657P,DEXCOPHAN TABLET 15 mg,DEXTROMETHORPHAN HYDROGENBROMIDE,Pharmacy Only,"no component of this product resolved to a UNII held by a corpus page, to an InChIKey or skeleton held by a page, or to a single page by normalised name"
SIN09790P,LACTEOL FORT SACHET,CULTURE MEDIUM (NEUTRALIZED AND LYOPHILIZED)&&LACTOBACILLUS LB (LYOPHILIZED MICROBIAL BODIES),General Sale List,"no component of this product resolved to a UNII held by a corpus page, to an InChIKey or skeleton held by a page, or to a single page by normalised name"
SIN09944P,TUBERCULIN PPD RT 23 AJV,TUBERCULIN PPD RT 23,Prescription Only,"no component of this product resolved to a UNII held by a corpus page, to an InChIKey or skeleton held by a page, or to a single page by normalised name"
SIN14108P,IXIARO Suspension for Injection 0.5ml in pre-filled syringe,JAPANESE ENCEPHALITIS VIRUS STRAIN SA₁₄-14-2 (INACTIVATED),Prescription Only,"no component of this product resolved to a UNII held by a corpus page, to an InChIKey or skeleton held by a page, or to a single page by normalised name"
SIN11294P,NAABAK EYEDROPS 4.9%,N-ACETYL ASPARTYL GLUTAMIC ACID SODIUM SALT,Prescription Only,"no component of this product resolved to a UNII held by a corpus page, to an InChIKey or skeleton held by a page, or to a single page by normalised name"
SIN06035P,LIPIODOL ULTRA-FLUIDE INJECTION 38% w/w,ETHYL ESTERS OF IODISED FATTY ACIDS OF POPPY-SEED OIL,Prescription Only,"no component of this product resolved to a UNII held by a corpus page, to an InChIKey or skeleton held by a page, or to a single page by normalised name"
SIN10494P,Vagisil Medicated Creme,"Lidocaine base, crystalline",General Sale List,"no component of this product resolved to a UNII held by a corpus page, to an InChIKey or skeleton held by a page, or to a single page by normalised name"
SIN09864P,MUCON MUCOLYTIC SYRUP 250 mg/5 ml,CARBOXYMETHYLCYSTEINE,Pharmacy Only,"no component of this product resolved to a UNII held by a corpus page, to an InChIKey or skeleton held by a page, or to a single page by normalised name"
SIN02058P,Pneumovax 23,PNEUMOCOCCAL POLYSACCHARIDES 23 MOST PREVALENT TYPES,Prescription Only,"no component of this product resolved to a UNII held by a corpus page, to an InChIKey or skeleton held by a page, or to a single page by normalised name"
SIN13492P,ADVATE 250 IU Powder and Solvent for Solution for Injection,rFVIII Octocog Alfa,Prescription Only,"no component of this product resolved to a UNII held by a corpus page, to an InChIKey or skeleton held by a page, or to a single page by normalised name"
SIN13493P,ADVATE 1500 IU Powder and Solvent for Solution for Injection,rFVIII Octocog Alfa,Prescription Only,"no component of this product resolved to a UNII held by a corpus page, to an InChIKey or skeleton held by a page, or to a single page by normalised name"
SIN13496P,ADVATE 1000 IU Powder and Solvent for Solution for Injection,rFVIII Octocog Alfa,Prescription Only,"no component of this product resolved to a UNII held by a corpus page, to an InChIKey or skeleton held by a page, or to a single page by normalised name"
SIN13497P,ADVATE 500 IU Powder and Solvent for Solution for Injection,rFVIII Octocog Alfa,Prescription Only,"no component of this product resolved to a UNII held by a corpus page, to an InChIKey or skeleton held by a page, or to a single page by normalised name"
SIN16565P,HAEMO CAPSULE 100MG,Iron (III) Hydroxide Polymaltose Complex eqv Elemental Iron,General Sale List,"no component of this product resolved to a UNII held by a corpus page, to an InChIKey or skeleton held by a page, or to a single page by normalised name"
SIN09068P,PROFILNINE FOR INJECTION 500 iu/5 ml,FACTOR IX,Prescription Only,"no component of this product resolved to a UNII held by a corpus page, to an InChIKey or skeleton held by a page, or to a single page by normalised name"
SIN09048P,PROFILNINE FOR INJECTION 1000 iu/10 ml,FACTOR IX,Prescription Only,"no component of this product resolved to a UNII held by a corpus page, to an InChIKey or skeleton held by a page, or to a single page by normalised name"
SIN09049P,PROFILNINE FOR INJECTION 1500 iu/10 ml,FACTOR IX,Prescription Only,"no component of this product resolved to a UNII held by a corpus page, to an InChIKey or skeleton held by a page, or to a single page by normalised name"
SIN14652P,HEPATECT CP SOLUTION FOR INFUSION 50 IU/ML,Human Hepatitis B Immunoglobulin in 50mg/ml human plasma protein (IgG ≥ 96%),Prescription Only,"no component of this product resolved to a UNII held by a corpus page, to an InChIKey or skeleton held by a page, or to a single page by normalised name"
SIN07876P,VITAMIN B12 INJECTION 1000 mcg/ml,CYANOCOBALAMIN,Prescription Only,"no component of this product resolved to a UNII held by a corpus page, to an InChIKey or skeleton held by a page, or to a single page by normalised name"
SIN15801P,PANVAX® PANDEMIC INFLUENZA VACCINE (ADJUVANTED) 10ML SUSPENSION FOR INJECTION VIAL,"Pandemic Influenza Virus Type A, inactivated and disrupted",Prescription Only,"no component of this product resolved to a UNII held by a corpus page, to an InChIKey or skeleton held by a page, or to a single page by normalised name"
SIN14452P,MEGALOTECT CP SOLUTION FOR INFUSION 100 U/ML,Human Cytomegalovirus Immunoglobulin in 50mg/ml Human Plasma Protein (IgG ≥ 96%),Prescription Only,"no component of this product resolved to a UNII held by a corpus page, to an InChIKey or skeleton held by a page, or to a single page by normalised name"
SIN17167P,PANTOLEXIN POWDER FOR SOLUTION FOR INJECTION 40MG/VIAL,Pantoprazole sodium sesquihydrate 45.1mg eqvt to Pantoprazole,Prescription Only,"no component of this product resolved to a UNII held by a corpus page, to an InChIKey or skeleton held by a page, or to a single page by normalised name"
SIN12230P,PHOSPHO-SODA ORAL SOLUTION,Disodium phosphate dodecahydrate&&Sodium dihydrogen phosphate dihydrate,Pharmacy Only,"no component of this product resolved to a UNII held by a corpus page, to an InChIKey or skeleton held by a page, or to a single page by normalised name"
SIN09136P,RIDWIND BABY DROP,SIMETHICONE,General Sale List,"no component of this product resolved to a UNII held by a corpus page, to an InChIKey or skeleton held by a page, or to a single page by normalised name"
SIN13813P,Rotarix Oral Suspension (Tube),"HUMAN ROTAVIRUS, LIVE, ATTENUATED, RIX 4414 STRAIN",Prescription Only,"no component of this product resolved to a UNII held by a corpus page, to an InChIKey or skeleton held by a page, or to a single page by normalised name"
SIN11205P,PENTAGLOBIN INJECTION 50 mg/ml,IMMUNOGLOBULIN (HUMAN),Prescription Only,"no component of this product resolved to a UNII held by a corpus page, to an InChIKey or skeleton held by a page, or to a single page by normalised name"
SIN08493P,GAMMAGARD S/D FOR INJECTION,IMMUNOGLOBULIN G,Prescription Only,"no component of this product resolved to a UNII held by a corpus page, to an InChIKey or skeleton held by a page, or to a single page by normalised name"
SIN15055P,PNEUMOVAX 23 (PREFILLED SYRINGE),Pneumococcal Polysaccharides 23 Most Prevalent Types,Prescription Only,"no component of this product resolved to a UNII held by a corpus page, to an InChIKey or skeleton held by a page, or to a single page by normalised name"
SIN14400P,Aflunov Suspension for Injection 0.5ml in Pre-filled syringe,Influenza virus surface antigens (haemagglutinin and neuraminidase) A/turkey/Turkey/1/05 (H5N1)-like strain used (NIBRG-23),Prescription Only,"no component of this product resolved to a UNII held by a corpus page, to an InChIKey or skeleton held by a page, or to a single page by normalised name"
SIN04484P,PREMARIN TABLET 0.625 mg,Conjugated Estrogens Desiccation with Lactose 14.57mg @4.29% CE,Prescription Only,"no component of this product resolved to a UNII held by a corpus page, to an InChIKey or skeleton held by a page, or to a single page by normalised name"
SIN14205P,PANALEXIN (PANTOPRAZOLE) POWDER FOR SOLUTION FOR INJECTION 40MG,Pantoprazole sodium sesquihydrate 45.2mg eqvt to Pantoprazole,Prescription Only,"no component of this product resolved to a UNII held by a corpus page, to an InChIKey or skeleton held by a page, or to a single page by normalised name"
SIN13042P,Alimta 500mg Powder for Solution for Infusion,Pemetrexed as Pemetrexed Disodium,Prescription Only,"no component of this product resolved to a UNII held by a corpus page, to an InChIKey or skeleton held by a page, or to a single page by normalised name"
SIN12190P,NOVOMIX 30 FLEXPEN INJECTION 100 u/ml,Protamine-crystallised insulin aspart&&Soluble Insulin Aspart,Prescription Only,"no component of this product resolved to a UNII held by a corpus page, to an InChIKey or skeleton held by a page, or to a single page by normalised name"
SIN13629P,Erbitux 5mg/ml,"Cetuximab, chimeric antibody",Prescription Only,"no component of this product resolved to a UNII held by a corpus page, to an InChIKey or skeleton held by a page, or to a single page by normalised name"
SIN13775P,Synflorix Suspension for Injection (Prefilled Syringe),Conjugate of Streptococcus pneumoniae type 1 & Haemophilus influenzae protein D&&Conjugate of Streptococcus pneumoniae type 14 and Haemophilus influenzae protein D&&Conjugate of Streptococcus pneumoniae type 18C and tetanus toxoid&&Conjugate of Streptococcus pneumoniae type 19F and diphtheria toxoid&&Conjugate of Streptococcus pneumoniae type 23F and Haemophilus influenzae protein D&&Conjugate of Streptococcus pneumoniae type 4 and Haemophilus influenzae protein D&&Conjugate of Streptococcus pneumoniae type 5 and Haemophilus influenzae protein D&&Conjugate of Streptococcus pneumoniae type 6B and Haemophilus influenzae protein D&&Conjugate of Streptococcus pneumoniae type 7F and Haemophilus influenzae protein D&&Conjugate of Streptococcus pneumoniae type 9V and Haemophilus influenzae protein D&&Diphtheria Toxoid (DT) Carrier Protein&&Polysaccharide (PS)&&Protein-D (PD) Carrier Protein (derived from non-typeable Haemophilus influenzae)&&Tetanus Toxoid (TT) Carrier Protein,Prescription Only,"no component of this product resolved to a UNII held by a corpus page, to an InChIKey or skeleton held by a page, or to a single page by normalised name"
SIN11088P,BCG VACCINE AJV POWDER AND SOLVENT FOR SUSPENSION FOR INJECTION,LIVE ATTENUATED MYCOBACTERIUM BOVIS (BCG) DANISH 1331,Prescription Only,"no component of this product resolved to a UNII held by a corpus page, to an InChIKey or skeleton held by a page, or to a single page by normalised name"
SIN01064P,PLASMANATE INJECTION 5%,PLASMA PROTEINS (HUMAN),Prescription Only,"no component of this product resolved to a UNII held by a corpus page, to an InChIKey or skeleton held by a page, or to a single page by normalised name"
SIN10954P,DYSPORT FOR INJECTION 500 u/vial,CLOSTRIDIUM BOTULINUM TYPE A TOXIN-HAEMAGGLUTININ COMPLEX,Prescription Only,"no component of this product resolved to a UNII held by a corpus page, to an InChIKey or skeleton held by a page, or to a single page by normalised name"
SIN15238P,DYSPORT FOR INJECTION 300u/vial,Clostridium Botulinum Type A Toxin-Haemagglutinin Complex,Prescription Only,"no component of this product resolved to a UNII held by a corpus page, to an InChIKey or skeleton held by a page, or to a single page by normalised name"
SIN01490P,ATGAM INJECTION 50 mg/ml,HORSE GAMMA GLOBULIN,Prescription Only,"no component of this product resolved to a UNII held by a corpus page, to an InChIKey or skeleton held by a page, or to a single page by normalised name"
SIN12396P,AGELMIN TABLET 10 mg,CETIRIZINE DIHCl,Pharmacy Only,"no component of this product resolved to a UNII held by a corpus page, to an InChIKey or skeleton held by a page, or to a single page by normalised name"
SIN13374P,Cervarix (prefilled syringe),HPV-16 L1&&HPV-18 L1,Prescription Only,"no component of this product resolved to a UNII held by a corpus page, to an InChIKey or skeleton held by a page, or to a single page by normalised name"
SIN17363P,CELLDEMIC® Pre-Pandemic influenza vaccine suspension for injection in pre-filled syringe,influenza virus surface antigens (haemagglutinin and neuraminidase) A/turkey/Turkey/1/2005(H5N1)-like strain used (NIBRG-23),Prescription Only,"no component of this product resolved to a UNII held by a corpus page, to an InChIKey or skeleton held by a page, or to a single page by normalised name"
SIN17377P,AUDENZ® Pandemic influenza vaccine suspension for injection in pre-filled syringe,influenza virus surface antigens (haemagglutinin and neuraminidase),Prescription Only,"no component of this product resolved to a UNII held by a corpus page, to an InChIKey or skeleton held by a page, or to a single page by normalised name"
SIN13743P,Rotarix Oral Suspension (Oral Applicator),"HUMAN ROTAVIRUS, LIVE, ATTENUATED, RIX 4414 STRAIN",Prescription Only,"no component of this product resolved to a UNII held by a corpus page, to an InChIKey or skeleton held by a page, or to a single page by normalised name"
SIN10411P,HAEMOCTIN SDH 250 FOR INJECTION 250 iu/vial,HUMAN BLOOD COAGULATION FACTOR VIII,Prescription Only,"no component of this product resolved to a UNII held by a corpus page, to an InChIKey or skeleton held by a page, or to a single page by normalised name"
SIN12556P,IGANTET INJECTION 250 iu/ml,ANTITETANUS IMMUNOGLOBULIN (HUMAN),Prescription Only,"no component of this product resolved to a UNII held by a corpus page, to an InChIKey or skeleton held by a page, or to a single page by normalised name"
SIN12557P,IGANTET INJECTION 500 iu/2 ml,ANTITETANUS IMMUNOGLOBULIN (HUMAN),Prescription Only,"no component of this product resolved to a UNII held by a corpus page, to an InChIKey or skeleton held by a page, or to a single page by normalised name"
SIN04854P,VIVIDRIN EYE DROPS 20 mg/ml,DISODIUM CROMOGLYCATE,Pharmacy Only,"no component of this product resolved to a UNII held by a corpus page, to an InChIKey or skeleton held by a page, or to a single page by normalised name"
SIN14504P,Omacor Soft Capsule 1000mg,Omega-3-acid ethyl esters 90 (containing: Eicosapent (EPA) 460mg and doconexent (DHA) 380mg ethyl esters and α-tocopherol 4 mg),Prescription Only,"no component of this product resolved to a UNII held by a corpus page, to an InChIKey or skeleton held by a page, or to a single page by normalised name"
SIN15467P,SODIUM IODIDE NA131I POLATOM CAPSULE,"Sodium iodide Na131I, solution",Prescription Only,"no component of this product resolved to a UNII held by a corpus page, to an InChIKey or skeleton held by a page, or to a single page by normalised name"
SIN16283P,PERTAGEN® SUSPENSION FOR INJECTION 0.5 ML/DOSE,Filamentous Haemagglutinin (FHA)&&Recombinant Pertussis Toxin (rPT),Prescription Only,"no component of this product resolved to a UNII held by a corpus page, to an InChIKey or skeleton held by a page, or to a single page by normalised name"
SIN16050P,ADYNOVATE 1000 IU POWDER AND SOLVENT FOR SOLUTION FOR INJECTION,"Rurioctocog alfa pegol [Antihaemophilic Factor (Recombinant), PEGylated]",Prescription Only,"no component of this product resolved to a UNII held by a corpus page, to an InChIKey or skeleton held by a page, or to a single page by normalised name"
SIN16051P,ADYNOVATE 1500 IU POWDER AND SOLVENT FOR SOLUTION FOR INJECTION,"Rurioctocog alfa pegol [Antihaemophilic Factor (Recombinant), PEGylated]",Prescription Only,"no component of this product resolved to a UNII held by a corpus page, to an InChIKey or skeleton held by a page, or to a single page by normalised name"
SIN16052P,ADYNOVATE 2000 IU POWDER AND SOLVENT FOR SOLUTION FOR INJECTION,"Rurioctocog alfa pegol [Antihaemophilic Factor (Recombinant), PEGylated]",Prescription Only,"no component of this product resolved to a UNII held by a corpus page, to an InChIKey or skeleton held by a page, or to a single page by normalised name"
SIN16053P,ADYNOVATE 3000 IU POWDER AND SOLVENT FOR SOLUTION FOR INJECTION,"Rurioctocog alfa pegol [Antihaemophilic Factor (Recombinant), PEGylated]",Prescription Only,"no component of this product resolved to a UNII held by a corpus page, to an InChIKey or skeleton held by a page, or to a single page by normalised name"
SIN14534P,NIMENRIX POWDER AND SOLVENT FOR SOLUTION FOR INJECTION,Neisseria meningitidis group A polysaccharide&&Neisseria meningitidis group C polysaccharide&&Neisseria meningitidis group W-135 polysaccharide&&Neisseria meningitidis group Y polysaccharide&&Tetanus toxoid carrier protein,Prescription Only,"no component of this product resolved to a UNII held by a corpus page, to an InChIKey or skeleton held by a page, or to a single page by normalised name"
SIN06338P,SMECTA SACHET 3 g/sachet,DIOCTAHEDRAL SMECTITE,General Sale List,"no component of this product resolved to a UNII held by a corpus page, to an InChIKey or skeleton held by a page, or to a single page by normalised name"
SIN03899P,VOTAZINE TABLET 25 mg,PROMETHAZINE THEOCLATE,Pharmacy Only,"no component of this product resolved to a UNII held by a corpus page, to an InChIKey or skeleton held by a page, or to a single page by normalised name"
SIN15477P,VAXIGRIPTETRA SUSPENSION FOR INJECTION IN PREFILLED SYRINGE,"INFLUENZA VIRUS (NH) A/Croatia/10136RV/2023(H3N2) - like strain (A/Croatia/10136RV/2023, X-425A)&&INFLUENZA VIRUS (NH) A/Victoria/4897/2022 (H1N1)pdm09-like strain (A/Victoria/4897/2022, IVR-238)&&INFLUENZA VIRUS (NH) B/Austria/1359417/2021 - like strain (B/Michigan/01/2021, wild type)&&INFLUENZA VIRUS (NH) B/Phuket/3073/2013 - like strain (B/Phuket/3073/2013, wild type)",Prescription Only,"no component of this product resolved to a UNII held by a corpus page, to an InChIKey or skeleton held by a page, or to a single page by normalised name"
SIN13725P,Renvela ® Tablet 800mg,Anhydrous Sevelamer Carbonate,Prescription Only,"no component of this product resolved to a UNII held by a corpus page, to an InChIKey or skeleton held by a page, or to a single page by normalised name"
SIN15574P,PRIVIGEN SOLUTION FOR INFUSION 100g/L,Human Immunoglobulin,Prescription Only,"no component of this product resolved to a UNII held by a corpus page, to an InChIKey or skeleton held by a page, or to a single page by normalised name"
SIN16048P,ADYNOVATE 250 IU POWDER AND SOLVENT FOR SOLUTION FOR INJECTION,"Rurioctocog alfa pegol [Antihaemophilic Factor (Recombinant), PEGylated]",Prescription Only,"no component of this product resolved to a UNII held by a corpus page, to an InChIKey or skeleton held by a page, or to a single page by normalised name"
SIN16049P,ADYNOVATE 500 IU POWDER AND SOLVENT FOR SOLUTION FOR INJECTION,"Rurioctocog alfa pegol [Antihaemophilic Factor (Recombinant), PEGylated]",Prescription Only,"no component of this product resolved to a UNII held by a corpus page, to an InChIKey or skeleton held by a page, or to a single page by normalised name"
SIN13303P,RotaTeq,Human-bovine rotavirus G1&&Human-bovine rotavirus G2&&Human-bovine rotavirus G3&&Human-bovine rotavirus G4&&Human-bovine rotavirus P1,Prescription Only,"no component of this product resolved to a UNII held by a corpus page, to an InChIKey or skeleton held by a page, or to a single page by normalised name"
SIN14130P,Afinitor Tablet 2.5 mg,Everolimus +0.2% BHT,Prescription Only,"no component of this product resolved to a UNII held by a corpus page, to an InChIKey or skeleton held by a page, or to a single page by normalised name"
SIN15591P,"INFLUVAC TETRA, SUSPENSION FOR INJECTION IN PRE-FILLED SYRINGE 0.5 ML","Influenza Virus (SH) A/Missouri/11/2025 (H1N1)pdm09-like strain (A/Switzerland/6849/2025, IVR-278)&&Influenza Virus (SH) A/Singapore/GP20238/2024 (H3N2)-like strain (A/Singapore/GP20238/2024, IVR-277)&&Influenza Virus (SH) B/Austria/1359417/2021-like strain (B/Austria/1359417/2021, BVR-26)&&Influenza Virus (SH) B/Phuket/3073/2013-like strain (B/Phuket/3073/2013, wild type)",Prescription Only,"no component of this product resolved to a UNII held by a corpus page, to an InChIKey or skeleton held by a page, or to a single page by normalised name"
SIN14694P,IMOJEV® POWDER AND DILUENT FOR SUSPENSION FOR INJECTION,"Japanese encephalitis virus (Live, attenuated, recombinant)",Prescription Only,"no component of this product resolved to a UNII held by a corpus page, to an InChIKey or skeleton held by a page, or to a single page by normalised name"
SIN16616P,"COMIRNATY, Concentrate for Dispersion for Injection, 3 micrograms/dose",mRNA encoding LP.8.1.,Prescription Only,"no component of this product resolved to a UNII held by a corpus page, to an InChIKey or skeleton held by a page, or to a single page by normalised name"
SIN16397P,"COMIRNATY, Dispersion for Injection, 10 micrograms/dose",mRNA encoding LP.8.1.,Prescription Only,"no component of this product resolved to a UNII held by a corpus page, to an InChIKey or skeleton held by a page, or to a single page by normalised name"
SIN17017P,"COMIRNATY, DISPERSION FOR INJECTION, 10 MICROGRAMS/DOSE (SINGLE-DOSE VIAL)",mRNA encoding LP.8.1.,Prescription Only,"no component of this product resolved to a UNII held by a corpus page, to an InChIKey or skeleton held by a page, or to a single page by normalised name"
SIN14947P,ENTRESTO FILM COATED TABLET 50MG,Sacubitril/Valsartan Sodium salt complex 56.551mg eqv sacubitril/valsartan free anhydrous acid,Prescription Only,"no component of this product resolved to a UNII held by a corpus page, to an InChIKey or skeleton held by a page, or to a single page by normalised name"
SIN17148P,"NUVAXOVID DISPERSION FOR INJECTION COVID-19 VACCINE 5 mcg/dose (RECOMBINANT, ADJUVANTED) IN SDV",SARS-CoV-2 recombinant spike protein (Omicron JN.1),Prescription Only,"no component of this product resolved to a UNII held by a corpus page, to an InChIKey or skeleton held by a page, or to a single page by normalised name"
SIN14585P,XEOMIN® POWDER FOR SOLUTION FOR INJECTION 100 UNITS/VIAL,"Clostridium Botulinum neurotoxin type A (150 kDa), free from complexing proteins",Prescription Only,"no component of this product resolved to a UNII held by a corpus page, to an InChIKey or skeleton held by a page, or to a single page by normalised name"
SIN02340P,ACTILYSE TREATMENT-SET 50 mg/vial,RECOMBINANT HUMAN TISSUE-TYPE PLASMINOGEN ACTIVATOR,Prescription Only,"no component of this product resolved to a UNII held by a corpus page, to an InChIKey or skeleton held by a page, or to a single page by normalised name"
SIN17049P,ABRYSVO POWDER AND SOLVENT FOR SOLUTION FOR INJECTION,(Powder) RSV subgroup A stabilized prefusion F protein&&(Powder) RSV subgroup B stabilized prefusion F protein,Prescription Only,"no component of this product resolved to a UNII held by a corpus page, to an InChIKey or skeleton held by a page, or to a single page by normalised name"
SIN13177P,"INFLUVAC, suspension for injection 0.5ml","Influenza Virus (SH) A/Missouri/11/2025 (H1N1)pdm09-like strain (A/Switzerland/6849/2025, IVR-278)&&Influenza Virus (SH) A/Singapore/GP20238/2024 (H3N2)-like strain (A/Singapore/GP20238/2024,IVR-277)&&Influenza Virus (SH) B/Austria/1359417/2021-like strain (B/Austria/1359417/2021, BVR-26)",Prescription Only,"no component of this product resolved to a UNII held by a corpus page, to an InChIKey or skeleton held by a page, or to a single page by normalised name"
SIN17067P,JYNNEOS SUSPENSION FOR INJECTION,"Modified Vaccinia Ankara - Bavarian Nordic (MVA-BN, live, non-replicating)",Prescription Only,"no component of this product resolved to a UNII held by a corpus page, to an InChIKey or skeleton held by a page, or to a single page by normalised name"
SIN16103P,NUBEQA FILM-COATED TABLET 300MG,Darolutamide milled,Prescription Only,"no component of this product resolved to a UNII held by a corpus page, to an InChIKey or skeleton held by a page, or to a single page by normalised name"
SIN16077P,SONAZOID POWDER AND SOLVENT FOR DISPERSION FOR INJECTION 16 MICROLITRE PER VIAL,Perfluorobutane Microbubbles,Prescription Only,"no component of this product resolved to a UNII held by a corpus page, to an InChIKey or skeleton held by a page, or to a single page by normalised name"
SIN08481P,TYPHIM VI INJECTION 0.025 mg/0.5 ml,PURIFIED VI CAPSULAR POLYSACCHARIDE OF S.TYPHI (TYPE 2 STRAIN),Prescription Only,"no component of this product resolved to a UNII held by a corpus page, to an InChIKey or skeleton held by a page, or to a single page by normalised name"
SIN10608P,IMOVAX POLIO INJECTION,Inactivated Poliomyelitis Virus Type 1 (Mahoney)&&Inactivated Poliomyelitis Virus Type 2 (MEF-1)&&Inactivated Poliomyelitis Virus Type 3 (Saukett),Prescription Only,"no component of this product resolved to a UNII held by a corpus page, to an InChIKey or skeleton held by a page, or to a single page by normalised name"
SIN14948P,ENTRESTO FILM COATED TABLET 100MG,Sacubitril/Valsartan Sodium salt complex 113.103mg eqv sacubitril/valsartan free anhydrous acid,Prescription Only,"no component of this product resolved to a UNII held by a corpus page, to an InChIKey or skeleton held by a page, or to a single page by normalised name"
SIN15749P,BAT STERILE SOLUTION FOR INJECTION,Botulism Antitoxin (Equine) Serotype A&&Botulism Antitoxin (Equine) Serotype B&&Botulism Antitoxin (Equine) Serotype C&&Botulism Antitoxin (Equine) Serotype D&&Botulism Antitoxin (Equine) Serotype E&&Botulism Antitoxin (Equine) Serotype F&&Botulism Antitoxin (Equine) Serotype G,Prescription Only,"no component of this product resolved to a UNII held by a corpus page, to an InChIKey or skeleton held by a page, or to a single page by normalised name"
SIN11783P,KOATE-DVI FOR INJECTION 1000 iu/10 ml,ANTIHEMOPHILIC FACTOR (HUMAN) (FACTOR VIII),Prescription Only,"no component of this product resolved to a UNII held by a corpus page, to an InChIKey or skeleton held by a page, or to a single page by normalised name"
SIN13627P,Priorix-Tetra,Live attenuated measles virus (Schwarz strain)&&Live attenuated mumps virus (RIT4385 strain)&&Live attenuated rubella virus (Wistar RA 27/3 strain)&&Live attenuated varicella virus (OKA strain),Prescription Only,"no component of this product resolved to a UNII held by a corpus page, to an InChIKey or skeleton held by a page, or to a single page by normalised name"
SIN05994P,GRAFALON 20 mg/ml,RABBIT ANTI-HUMAN T-LYMPHOCYTE IMMUNOGLOBULIN,Prescription Only,"no component of this product resolved to a UNII held by a corpus page, to an InChIKey or skeleton held by a page, or to a single page by normalised name"
SIN16454P,MENQUADFI SOLUTION FOR INJECTION,"Meningococcal Polysaccharide, Serogroup A (Monovalent Conjugate)&&Meningococcal Polysaccharide, Serogroup C (Monovalent Conjugate)&&Meningococcal Polysaccharide, Serogroup W-135 (Monovalent Conjugate)&&Meningococcal Polysaccharide, Serogroup Y (Monovalent Conjugate)&&Tetanus Toxoid, Filtered Concentrate (Carrier Protein)",Prescription Only,"no component of this product resolved to a UNII held by a corpus page, to an InChIKey or skeleton held by a page, or to a single page by normalised name"
SIN17384P,"Nuvaxovid Dispersion for Injection COVID19 Vaccine 5mcg/dose (recombinant, adjuvanted) in PFS",SARS-CoV-2 recombinant spike protein (Omicron JN.1),Prescription Only,"no component of this product resolved to a UNII held by a corpus page, to an InChIKey or skeleton held by a page, or to a single page by normalised name"
SIN16396P,"COMIRNATY, Dispersion for Injection, 30 micrograms/dose",mRNA encoding LP.8.1.,Prescription Only,"no component of this product resolved to a UNII held by a corpus page, to an InChIKey or skeleton held by a page, or to a single page by normalised name"
SIN15510P,GLYDEX IV Solution for Injection 1mg/ml,Glyceryl trinitrate(GTN in 2% Glucose,Prescription Only,"no component of this product resolved to a UNII held by a corpus page, to an InChIKey or skeleton held by a page, or to a single page by normalised name"
SIN17298P,FLUMIST TRIVALENT INFLUENZA INTRANASAL VACCINE,Influenza virus (NH) A/Croatia/10136RV/2023 (H3N2)-like virus (A/Perth/722/2024)&&Influenza virus (NH) A/Victoria/4897/2022 (H1N1) pdm09 - like virus (A/Norway/31694/2022)&&Influenza virus (NH) B/Austria/1359417/2021 (B/Victoria lineage) - like virus (B/Austria/1359417/2021),Prescription Only,"no component of this product resolved to a UNII held by a corpus page, to an InChIKey or skeleton held by a page, or to a single page by normalised name"
SIN14586P,XEOMIN® POWDER FOR SOLUTION FOR INJECTION 50 UNITS/VIAL,"Clostridium Botulinum neurotoxin type A (150 kDa), free from complexing proteins",Prescription Only,"no component of this product resolved to a UNII held by a corpus page, to an InChIKey or skeleton held by a page, or to a single page by normalised name"
SIN09728P,HAVRIX JUNIOR VACCINE 720 elisa units/0.5 ml,HEPATITIS A VIRUS INACTIVATED,Prescription Only,"no component of this product resolved to a UNII held by a corpus page, to an InChIKey or skeleton held by a page, or to a single page by normalised name"
SIN17008P,AREXVY Powder and Suspension for Suspension for Injection 120mcg/0.5mL,RSVPreF3 antigen,Prescription Only,"no component of this product resolved to a UNII held by a corpus page, to an InChIKey or skeleton held by a page, or to a single page by normalised name"
SIN13748P,ACAM2000,LIVE VACCINA VIRUS,Prescription Only,"no component of this product resolved to a UNII held by a corpus page, to an InChIKey or skeleton held by a page, or to a single page by normalised name"
SIN16917P,PLUVICTO SOLUTION FOR INJECTION/INFUSION 1000 MBq/mL,Lutetium (177 Lu) vipivotide tetraxetan,Prescription Only,"no component of this product resolved to a UNII held by a corpus page, to an InChIKey or skeleton held by a page, or to a single page by normalised name"
SIN08682P,STAMARIL VACCINE,LIVE ATTENUATED YELLOW FEVER VIRUS STRAIN 17 D,Prescription Only,"no component of this product resolved to a UNII held by a corpus page, to an InChIKey or skeleton held by a page, or to a single page by normalised name"
SIN15634P,TRUMENBA SUSPENSION FOR INJECTION IN SINGLE-DOSE PRE-FILLED SYRINGE 0.5ML,Neisseria Meningitidis Serogroup B Recombinant LP2086 Subfamily A Protein&&Neisseria Meningitidis Serogroup B Recombinant LP2086 Subfamily B Protein,Prescription Only,"no component of this product resolved to a UNII held by a corpus page, to an InChIKey or skeleton held by a page, or to a single page by normalised name"
SIN17016P,"COMIRNATY, DISPERSION FOR INJECTION, 30 MICROGRAMS/DOSE (SINGLE-DOSE VIAL)",Bretovameran,Prescription Only,"no component of this product resolved to a UNII held by a corpus page, to an InChIKey or skeleton held by a page, or to a single page by normalised name"
SIN13933P,NovoSeven® powder and solvent for solution for injection 1mg,Eptacog alfa (activated)/rFVIIa,Prescription Only,"no component of this product resolved to a UNII held by a corpus page, to an InChIKey or skeleton held by a page, or to a single page by normalised name"
SIN13934P,NovoSeven® powder and solvent for solution for injection 2mg,Eptacog alfa (activated)/rFVIIa,Prescription Only,"no component of this product resolved to a UNII held by a corpus page, to an InChIKey or skeleton held by a page, or to a single page by normalised name"
SIN17235P,"COMIRNATY, DISPERSION FOR INJECTION IN PRE-FILLED SYRINGE, 30 MICROGRAMS/DOSE",mRNA encoding LP.8.1.,Prescription Only,"no component of this product resolved to a UNII held by a corpus page, to an InChIKey or skeleton held by a page, or to a single page by normalised name"
SIN16835P,Spikevax 0.1 mg/mL dispersion for injection,SARS-CoV-2 LP.8.1 mRNA,Prescription Only,"no component of this product resolved to a UNII held by a corpus page, to an InChIKey or skeleton held by a page, or to a single page by normalised name"
SIN17128P,Spikevax dispersion for injection 50mcg/0.5ml in pre‐filled syringe,SARS CoV-2 LP.8.1 mRNA,Prescription Only,"no component of this product resolved to a UNII held by a corpus page, to an InChIKey or skeleton held by a page, or to a single page by normalised name"
SIN16079P,SHINGRIX POWDER AND SUSPENSION FOR SUSPENSION FOR INJECTION 50MCG/0.5ML,Recombinant Varicella Zoster Virus glycoprotein E,Prescription Only,"no component of this product resolved to a UNII held by a corpus page, to an InChIKey or skeleton held by a page, or to a single page by normalised name"
SIN14083P,Menveo Powder and Solution for Solution for Injection,(MenA Lyo) Meningococcal Group A oligosaccharide conjugated to CRM197 protein&&(MenCWY) Meningococcal Group C oligosaccharide conjugated to CRM197 protein&&(MenCWY) Meningococcal Group W-135 oligosaccharide conjugated to CRM197 protein&&(MenCWY) Meningococcal Group Y oligosaccharide conjugated to CRM197 protein,Prescription Only,"no component of this product resolved to a UNII held by a corpus page, to an InChIKey or skeleton held by a page, or to a single page by normalised name"
SIN11785P,KOATE-DVI FOR INJECTION 250 iu/5 ml,ANTIHEMOPHILIC FACTOR (HUMAN) (FACTOR VIII),Prescription Only,"no component of this product resolved to a UNII held by a corpus page, to an InChIKey or skeleton held by a page, or to a single page by normalised name"
SIN14760P,FLUARIX TETRA SUSPENSION FOR INJECTION,Influenza Virus (SH) A/Missouri/11/2025 (H1N1)pdm09-like strain&&Influenza Virus (SH) A/Singapore/GP20238/2024 (H3N2)-like strain&&Influenza Virus (SH) B/Austria/1359417/2021 - like strain&&Influenza Virus (SH) B/Phuket/3073/2013-like strain,Prescription Only,"no component of this product resolved to a UNII held by a corpus page, to an InChIKey or skeleton held by a page, or to a single page by normalised name"
SIN02854P,HYOMIDE TABLET 10 mg,HYOSCINE N-BUTYLBROMIDE,Pharmacy Only,"no component of this product resolved to a UNII held by a corpus page, to an InChIKey or skeleton held by a page, or to a single page by normalised name"
SIN13202P,RABIPUR,Inactivated rabies virus (strain Flury LEP),Prescription Only,"no component of this product resolved to a UNII held by a corpus page, to an InChIKey or skeleton held by a page, or to a single page by normalised name"
SIN11784P,KOATE-DVI FOR INJECTION 500 iu/5 ml,ANTIHEMOPHILIC FACTOR (HUMAN) (FACTOR VIII),Prescription Only,"no component of this product resolved to a UNII held by a corpus page, to an InChIKey or skeleton held by a page, or to a single page by normalised name"
SIN14662P,Pethidine-hameln Solution for Injection 50mg/ml,Pethidine 43.57mg as Pethidine Hydrochloride,Prescription Only,"no component of this product resolved to a UNII held by a corpus page, to an InChIKey or skeleton held by a page, or to a single page by normalised name"
SIN16886P,"NUVAXOVID DISPERSION FOR INJECTION COVID-19 VACCINE 5 µg/dose (RECOMBINANT, ADJUVANTED)",SARS-CoV-2 recombinant spike protein,Prescription Only,"no component of this product resolved to a UNII held by a corpus page, to an InChIKey or skeleton held by a page, or to a single page by normalised name"
SIN17277P,Vaxigrip Vaccine,"A/Missouri/11/2025 (H1N1)pdm09-like strain (A/Switzerland/6849/2025, IVR-278)&&A/Singapore/GP20238/2024 (H3N2)-like strain (A/Singapore/GP20238/2024, IVR-277)&&B/Austria/1359417/2021-like strain (B/Michigan/01/2021, wild type)",Prescription Only,"no component of this product resolved to a UNII held by a corpus page, to an InChIKey or skeleton held by a page, or to a single page by normalised name"
SIN09859P,HIBERIX VACCINE 10 mcg/0.5 ml,PURIFIED CAPSULAR POLYSACCHARIDE OF HIB,Prescription Only,"no component of this product resolved to a UNII held by a corpus page, to an InChIKey or skeleton held by a page, or to a single page by normalised name"
SIN14949P,ENTRESTO FILM COATED TABLET 200MG,Sacubitril/Valsartan Sodium salt complex 226.206mg eqv sacubitril/valsartan free anhydrous acid,Prescription Only,"no component of this product resolved to a UNII held by a corpus page, to an InChIKey or skeleton held by a page, or to a single page by normalised name"
SIN13330P,PY TEST CAPSULES & PY TEST KIT,14-C UREA,Prescription Only,"no component of this product resolved to a UNII held by a corpus page, to an InChIKey or skeleton held by a page, or to a single page by normalised name"
SIN17468P,FLUARIX SUSPENSION FOR INJECTION,Influenza Virus (NH) A/Thailand/8/2022 (H3N2)-like strain&&Influenza Virus (NH) A/Victoria/4897/2022 (H1N1)pdm09-like strain&&Influenza Virus (NH) B/Austria/1359417/2021-like strain,Prescription Only,"no component of this product resolved to a UNII held by a corpus page, to an InChIKey or skeleton held by a page, or to a single page by normalised name"
SIN15499P,HIZENTRA SOLUTION FOR SUBCUTANEOUS INJECTION 200g/L,Human Immunoglobulin,Prescription Only,"no component of this product resolved to a UNII held by a corpus page, to an InChIKey or skeleton held by a page, or to a single page by normalised name"
