source_record,normalised_name,unii,inchikey,candidate_pages,candidate_count
frdb-compound:112:BLEOMYCIN,bleomycin,,,K1:40S1VHN69B,1
frdb-compound:114:CYCLOPHOSPHAMIDE,cyclophosphamide,8N3DW7272P,PWOQRKCAHTVFLB-UHFFFAOYSA-N,K1:6UXW23996M|K1:ER09126G7A,2
frdb-compound:270:METHAPYRILENE FUMARATE,methapyrilene,KJ5I25TXYL,OLGIEIJNOQGBSS-VQYXCCSOSA-N,K1:A01LX40298,1
frdb-compound:332:CALCIUM MANDELATE,calcium,29CS07FZII,GCXSYHGQGJCRRW-UHFFFAOYSA-L,K1:2URQ2N32W3|K1:5792C4VMFZ|K1:7UJQ5OPE7D|K1:86117BWO7P|K1:8EKI9QEE2H|K1:97Z1WI3NDX|K1:9E7R5L6H31|K1:9G34HU7RV0|K1:C7X2M0VVNH|K1:E934B3V59H,30
frdb-compound:354:SULFADIMETHOXINE SODIUM,sulfadimethoxine,49DG2B481W,DQDZQHMCPDUUPC-UHFFFAOYSA-N,K1:30CPC5LDEX,1
frdb-compound:474:QUINACRINE HYDROCHLORIDE,quinacrine,G6242H2NAA,RZFNKJVCPDLQQA-UHFFFAOYSA-N,K1:H0C805XYDE,1
frdb-compound:577:CARBAZOCHROME SALICYLATE,carbazochrome,3H4OD401LF,CELKBRMLNUNCIP-AXAVVADUSA-M,K1:81F061RQS4,1
frdb-compound:592:CLOBETASONE,clobetasone,LT69WY1J6D,XXIFVOHLGBURIG-OZCCCYNHSA-N,K2:FBRAWBYQGRLCEK-RJFLZJKCSA-N,1
frdb-compound:600:DIAMTHAZOLE DIHYDROCHLORIDE,diamthazole,3LF09TBB5W,FZNXAQMQVKBXDR-UHFFFAOYSA-N,K1:2KL01R8ZV1,1
frdb-compound:656:MELENGESTROL,melengestrol,BX98J4T6JU,OKHAOBQKCCIRLO-IBVJIVQJSA-N,K1:4W5HDS3936,1
frdb-compound:723:SITAFLOXACIN,sitafloxacin,9TD681796G,MPORYQCGWFQFLA-ONPDANIMSA-N,K1:3GJC60U4Q8,1
frdb-compound:857:ROSIN,rosin,88S87KL877,,K1:SVS3GU8AY8,1
frdb-compound:868:ACONITIC ACID,aconiticacid,93371T1BXP,,K1:7DB37960CW,1
frdb-compound:893:N-ACETYLMANNOSAMINE,acetylmannosamine,FPD5WTK4TS,KVWIBLJBIFTKIZ-XNJRRJNCSA-N,K1:A1O5EUP7KS|K1:X80PR7P73R,2
frdb-compound:1016:THIAMPHENICOL AMINOACETATE,thiamphenicolaminoacetate,W5H94CY6V6,AMGKHLVPQHMHGQ-ZYHUDNBSSA-N,K1:FLQ7571NPM,1
frdb-compound:1037:NANDROLONE CYCLOHEXYLPROPIONATE,nandrolonecyclohexylpropionate,K4NE48GG1Y,TXLCJMHILCSZJG-QNTYDACNSA-N,K2:REACBNMPQDINOF-YBBIQVIJSA-N,1
frdb-compound:1086:DOCETAXEL,docetaxel,15H5577CQD,XCDIRYDKECHIPE-QHEQPUDQSA-N,K1:699121PHCA|K1:X9N27M888C,2
frdb-compound:1088:LEVOMEFOLATE CALCIUM,levomefolate,A9R10K3F2F,VWBBRFHSPXRJQD-QNTKWALQSA-L,K1:8S95DH25XC,1
frdb-compound:1164:SIBUTRAMINE HYDROCHLORIDE,sibutramine,OGM0YHD1WF,KFNNPQDSPLWLCX-UHFFFAOYSA-N,K1:2K5E83H3LL|K1:WV5EC51866,2
frdb-compound:1244:CLOCORTOLONE,clocortolone,N8ZUB7XE0H,YMTMADLUXIRMGX-RFPWEZLHSA-N,K1:85061HTR8T|K1:QBL8IZH14X,2
frdb-compound:1281:DROPERIDOL LACTATE,droperidol,09NO5N37E0,CUYSTLHETVVORS-UHFFFAOYSA-N,K1:O9U0F09D5X,1
frdb-compound:1356:LOTEPREDNOL,loteprednol,Z8CBU6KR16,YPZVAYHNBBHPTO-MXRBDKCISA-N,K1:I3T12NR296|K1:YEH1EZ96K6,2
frdb-compound:1527:DIFENOXIN HYDROCHLORIDE,difenoxin,VQZ63K01IW,VMIZTXDGZPTKIK-UHFFFAOYSA-N,K1:3ZZ5BJ9F2Q,1
frdb-compound:1600:GLUTETHIMIDE MONOHYDRATE,glutethimide,8C221G270E,UIIRXSRRFRGPPE-UHFFFAOYSA-N,K1:C8I4BVN78E|K1:IN5W64L102,2
frdb-compound:1624:NORELGESTROMIN,norelgestromin,R0TAY3X631,,K1:UM2XKY25DH,1
frdb-compound:1628:OXIGLUTATIONE DISODIUM,oxiglutatione,GY131TX61G,DRFILBXQKYDTFW-JIWRMXRASA-L,K1:ULW86O013H,1
frdb-compound:1676:OMACETAXINE,omacetaxine,84MI6OYN4Z,YMNCVRSYJBNGLD-KURKYZTESA-N,K1:6FG8041S5B,1
frdb-compound:1730:LEVAMFETAMINE SULFATE,levamfetamine,Q0108737R7,PYHRZPFZZDCOPH-GGTCEIRZSA-N,K1:R87US8P740,1
frdb-compound:1818:MITIGLINIDE,mitiglinide,,,K1:D86I0XLB13,1
frdb-compound:1861:FENFLURAMINE HYDROCHLORIDE,fenfluramine,3KC089243P,ZXKXJHAOUFHNAS-UHFFFAOYSA-N,K1:2DS058H2CF|K1:953A94Y45B|K1:E35R3G56OV,3
frdb-compound:1924:QUERCETIN DIHYDRATE,quercetin,53B03V78A6,GMGIWEZSKCNYSW-UHFFFAOYSA-N,K1:9IKM0I5T1E,1
frdb-compound:2003:TRIMETHOBENZAMIDE HYDROCHLORIDE,trimethobenzamide,WDQ5P1SX7Q,WIIZEEPFHXAUND-UHFFFAOYSA-N,K1:W2X096QY97,1
frdb-compound:2047:BORNELONE,bornelone,LU86E5P72A,,K2:WDMFHQNUSVLQMS-XFYQWYMDSA-N,1
frdb-compound:2175:PIPRADROL HYDROCHLORIDE,pipradrol,F6E46VR9Y2,KIFIYUHFHGSNHL-UHFFFAOYSA-N,K1:S6I030E0DA,1
frdb-compound:2198:CEFOSELIS SULFATE,cefoselis,6EY42207VS,LZOLCSVRFKCSEM-ZQCAECPKSA-N,K1:0B50MLU3H1,1
frdb-compound:2234:BUPROPION MALEATE,bupropion,26NV8NXO4A,NJJFBMJGOYCQCX-BTJKTKAUSA-N,K1:01ZG3TPX31,1
frdb-compound:2239:PHENYLPROPANOLAMINE BITARTRATE,phenylpropanolamine,B48FTC099P,NCHHVLCKEUNWNJ-IOJVUJSNSA-N,K1:33RU150WUN|K1:57B9YG5Y1E|K1:7875H6443P|K2:DLNKOYKMWOXYQA-UHFFFAOYSA-N,4
frdb-compound:2274:CHLOROQUINE SULFATE,chloroquine,OE48649K6N,OJPWHUOVKVKBQB-UHFFFAOYSA-N,K1:34P96M7C4K|K1:4QWG6N8QKH|K1:886U3H6UFF,3
frdb-compound:2304:PENTOBARBITAL CALCIUM,pentobarbital,66V4W08X7J,VBJLHIJEIVBIHF-UHFFFAOYSA-L,K1:I4744080IR|K1:U7D0E1VOAM,2
frdb-compound:2320:DICYCLOMINE HYDROCHLORIDE,dicyclomine,CQ903KQA31,GUBNMFJOJGDCEL-UHFFFAOYSA-N,K1:4KV4X8IF6V,1
frdb-compound:2358:ALOSETRON HYDROCHLORIDE,alosetron,2F5R1A46YW,FNYQZOVOVDSGJH-UHFFFAOYSA-N,K1:13Z9HTH115,1
frdb-compound:2370:BROMFENAC SODIUM,bromfenac,8ECV571Y37,PPOSVVJOVKVBPW-UHFFFAOYSA-L,K1:864P0921DW,1
frdb-compound:2372:CARBINOXAMINE FUMARATE,carbinoxamine,1E9GVB07FW,GVNWHCVWDRNXAZ-WLHGVMLRSA-N,K1:40R0UN508P|K1:982A7M02H5,2
frdb-compound:2387:CISAPRIDE MONOHYDRATE,cisapride,VZV0A4I38W,QBYYXIDJOFZORM-LBPAWUGGSA-N;QBYYXIDJOFZORM-IKGOIYPNSA-N,HOLD:existing:cisapride|K1:UVL329170W|K2:DCSUBABJRXZOMT-UHFFFAOYSA-N,3
frdb-compound:2504:TOCAINIDE HYDROCHLORIDE,tocainide,2K7I38CKN5,AMZACPWEJDQXGW-UHFFFAOYSA-N,K1:27DXO59SAN,1
frdb-compound:2570:PARGYLINE HYDROCHLORIDE,pargyline,W70V6I2OMY,BCXCABRDBBWWGY-UHFFFAOYSA-N,K1:9MV14S8G3E,1
frdb-compound:2602:ROSE BENGAL SODIUM,rosebengal,956575SN5L,UWBXIFCTIZXXLS-UHFFFAOYSA-L,K1:1ZPG1ELY14|K1:72HML2UK6J|K1:BIU7Q7W2SH|K1:S3FKL8RY1D,4
frdb-compound:3334:IPRONIAZID PHOSPHATE,iproniazid,8DE00V62TV,YPDVTKJXVHYWFY-UHFFFAOYSA-N,K1:D892HFI3XA,1
frdb-compound:4009:BUNAMIODYL SODIUM,bunamiodyl,NTI7T2IEIE,JNUQEHHAXSHUMD-UHFFFAOYSA-M,K2:CWRBDUIQDIHWJZ-SOFGYWHQSA-N,1
frdb-compound:5358:METHOXYPROMAZINE MALEATE,methoxypromazine,OR0RPY2Y2V,ZWLMLVIUWRUDBD-BTJKTKAUSA-N,K1:A6F645Q9HQ,1
frdb-compound:6859:MIBEFRADIL DIHYDROCHLORIDE,mibefradil,842TUP3PQ8,MTJLQTFHJIHXIX-GDUXWEAWSA-N,K1:27B90X776A,1
frdb-compound:6892:TEMAFLOXACIN HYDROCHLORIDE,temafloxacin,OC5IGJ7J6I,DDVJEYDLTXRYAJ-UHFFFAOYSA-N,K1:1WZ12GTT67,1
frdb-compound:6907:ZOMEPIRAC SODIUM,zomepirac,Y0185WZ209,ZJXLSCXDGPDZOL-UHFFFAOYSA-M,K1:822G987U9J,1
frdb-compound:7505:PENTETATE CALCIUM TRISODIUM,pentetate,G79YN26H5B,AYFCVLSUPGCQKD-UHFFFAOYSA-I,K1:7A314HQM0I,1
frdb-compound:7509:ACETONE,acetone,1364PS73AF,CSCPPACGZOOCGX-UHFFFAOYSA-N,K1:CU38ZXW8ZG,1
frdb-compound:7524:GLUCOSAMINE,glucosamine,N08U5BOQ1K,FZHXIRIBWMQPQF-SLPGGIOYSA-N,K2:MSWZFWKMSRAUBD-IVMDWMLBSA-N|K4:glucosamine,2
frdb-compound:7610:BISMUTH SODIUM TARTRATE,bismuth,GAP082Q6UF,YPQBHUDKOKUINZ-OLXYHTOASA-L,K1:62TEY51RR1|K1:A6I4E79QF1|K1:H19J064BA5|K1:U015TT5I8H,4
frdb-compound:7945:POTASSIUM AMINOSALICYLATE,potassiumaminosalicylate,7N21461LKD,PRZJIMSXCLZGLT-UHFFFAOYSA-M,K1:5B2658E0N2,1
frdb-compound:7958:CODEINE,codeine,Q830PW7520,WRRSFOZOETZUPG-FFHNEAJVSA-N,K1:UX6OWY2V7J,1
frdb-compound:7993:PIPERAZINE CITRATE,piperazine,63KP7FXF2I,CMNBASWUQKIYLL-UHFFFAOYSA-N,"COMBO:{K1:1RTM4PAL0V,K1:9G34HU7RV0}|K1:1RTM4PAL0V",2
frdb-compound:8141:GV 150526A,gv150526a,80W7787JVB,GRSDSTMFQHAESM-UHDJGPCESA-M,K1:318X4QY113,1
frdb-compound:8150:PHENSERINE TARTRATE,phenserine,A2TJL9CO2K,XKKPTCVQEJZDGT-PWUAAHBCSA-N,K1:SUE285UG3S|K1:Z0O4TJ588O,2
frdb-compound:8287:TOFOGLIFLOZIN,tofogliflozin,P8DD8KX4O4,ZXOCGDDVNPDRIW-NHFZGCSJSA-N,K1:554245W62T,1
frdb-compound:8296:BANOXANTRONE,banoxantrone,,,K1:W5H7E45YT3,1
frdb-compound:8463:BL-8040,bl8040,,,K1:3ZPX60DV8A|K2:JJVZSYKFCOBILL-DPNRMINZSA-N,2
frdb-compound:8712:ISTAROXIME,istaroxime,W8I9H2TPPL,,K2:MPYLDWFDPHRTEG-IFVNMTGRSA-N,1
frdb-compound:8784:MERICITABINE,mericitabine,05J68784G1,NYPIRLYMDJMKGW-VPCXQMTMSA-N,K1:TA63JX8X52,1
frdb-compound:9678:METHYLPARABEN SODIUM,methylparaben,CR6K9C2NHK,PESXGULMKCKJCC-UHFFFAOYSA-M,K1:A2I8C7HI9T,1
frdb-compound:9773:PENICILLIN V HYDRABAMINE,penicillinv,8T7T79P87L,IJXFBPWHGGIUAV-YQUITFMISA-N,K1:Z61I075U2W,1
frdb-compound:9825:QUININE ASCORBATE,quinine,KAU4V10S2I,CJHQUYQRCLIWSW-JPGAVJPLSA-N,K1:A7V27PHC7A,1
frdb-compound:10215:POZIOTINIB,poziotinib,X4Z7U6JL1C,OMYSOLOMWJFVNK-UHFFFAOYSA-N,K1:OEI6OOU6IK,1
frdb-compound:10249:TEZAMPANEL,tezampanel,6XN50U405Y,LNDYQNTTYXLTNH-RTBBDAMFSA-N,K1:GA36S2O9C2,1
frdb-compound:10292:ELOCALCITOL,elocalcitol,2WDS5F2V6Q,LRLWXBHFPGSUOX-GJQYOBCGSA-N,K2:XDBOQJCMEXOPMU-BAHYQGKPSA-N,1
frdb-compound:10335:QUISINOSTAT HYDROCHLORIDE,quisinostat,WUV1QHM1CS,TWNOICNTTFKOHQ-UHFFFAOYSA-N,K1:9BJ85K1J8S,1
frdb-compound:10400:INDENOLOL HYDROCHLORIDE,indenolol,2VLW0IV0ZQ,,K1:8GU15N96I8,1
frdb-compound:20066:8-HYDROXYQUINOLINE CITRATE,8hydroxyquinoline,K522O2O40B,GTOQWWQKBBZILU-UHFFFAOYSA-N,K1:5UTX5635HP,1
frdb-compound:20719:ADENOSINE PHOSPHATE DIPOTASSIUM,adenosine,225M14T7DD,OYERHOIFBRDTSU-IDIVVRGQSA-L,K1:415SHH325A|K1:61D2G4IYVH|K1:AB2MK88Y6D|K1:K72T3FS567|K1:RP8X0ZB061,5
frdb-compound:21589:AMSACRINE GLUCONATE,amsacrine,M4P91439UZ,XXNAQBNJPZNRSZ-IFWQJVLJSA-N,K1:00DPD30SOY,1
frdb-compound:23835:BUTYLPARABEN SODIUM,butylparaben,MAR76J77VS,OGBHACNFHJJTQT-UHFFFAOYSA-M,K1:3QPI1U3FV8,1
frdb-compound:24093:CALCIUM SALICYLATE,calcium,0841QCS0DK,VBIGULIJWJPALH-UHFFFAOYSA-L,K1:2URQ2N32W3|K1:5792C4VMFZ|K1:7UJQ5OPE7D|K1:86117BWO7P|K1:8EKI9QEE2H|K1:97Z1WI3NDX|K1:9E7R5L6H31|K1:9G34HU7RV0|K1:C7X2M0VVNH|K1:E934B3V59H,30
frdb-compound:24953:CHOLESTERYL SUCCINATE,cholesteryl,T3J4KS4201,WLNARFZDISHUGS-MIXBDBMTSA-N,K1:3DPK9KFN2M|K1:KU576NT9O9,2
frdb-compound:27432:DIETHYLAMINE SALICYLATE,diethylamine,5V7PT38BJU,JGMKRAUEFASZKH-UHFFFAOYSA-N,K1:B035PIS86W,1
frdb-compound:27980:DIMETHYLCURCUMIN,dimethylcurcumin,D60XLY608D,HMJSBVCDPKODEX-NXZHAISVSA-N,K2:ZMGUKFHHNQMKJI-CIOHCNBKSA-N,1
frdb-compound:28748:DOV-216303,dov216303,06S4712H0T,KAGBHVBIOJBGBD-NINOIYOQSA-N;KAGBHVBIOJBGBD-IBYXRORRSA-N,K2:BSMNRYCSBFHEMQ-UHFFFAOYSA-N,1
frdb-compound:28763:DOXYCYCLINE,doxycycline,N12000U13O,XQTWDDCIUJNLTR-CVHRZJFOSA-N,K1:334895S862|K1:F8VB5M810T,2
frdb-compound:29094:EQUILIN SULFATE,equilin,D507VOE6VN,YJBYRYVLFAUXBJ-HFTRVMKXSA-N,K1:08O86EX0J4,1
frdb-compound:29254:ETHACIZINE HYDROCHLORIDE,ethacizine,260059T81O,VHNXQKLWIQHSOY-UHFFFAOYSA-N,K1:FE5SPV1Z6G,1
frdb-compound:29496:ETHYL FUMARATE,ethyl,Y3W849NG2N,XLYMOEINVGRTEX-ONEGZZNKSA-N,K1:46U771ERWK|K1:555U6TZ2MV|K1:UFD2LZ005D|K2:QUPDWYMUPZLYJZ-UHFFFAOYSA-N,4
frdb-compound:29794:ETOMIDATE HYDROCHLORIDE,etomidate,ZUM3W5027S,NCDXBSVHIGDPOE-RFVHGSKJSA-N,K1:Z22628B598,1
frdb-compound:30402:FOSFESTROL SODIUM,fosfestrol,G9I1882VSD,XGZAXRQNRRXUMY-MJCKVQKWSA-J,K1:A0E0NMA80F,1
frdb-compound:31800:HYDROCORTISONE TEBUTATE,hydrocortisone,FXJ67LWZ4S,FNFPHNZQOKBKHN-KAJVQRHHSA-N,K1:05RMF7YPWN|K1:2340UP1L2G|K1:2Y87E22X71|K1:3X7931PO74|K1:4XDY25L70B|K1:68717P8FUZ|K1:IHV1VP592V|K1:O6550D6K3A|K1:WI4X0X7BPJ,9
frdb-compound:34661:METHAMPHETAMINE SACCHARATE,methamphetamine,K2J544L5HP,RACLVLZTMNZFLJ-SSNDBKPTSA-N,K1:44RAL3456C|K1:Y24T9BT2Q2,2
frdb-compound:35563:MONOPOTASSIUM GLUTAMATE ANHYDROUS,monopotassium,GQ82EXX32T,HQEROMHPIOLGCB-DFWYDOINSA-M,K1:276897E67U|K1:OC4598NZEQ,2
frdb-compound:39159:PENICILLIN G ALUMINUM,penicilling,1C87B1N51X,OUHOSEHKMRWIFD-HMGFDHFNSA-K,"COMBO:{K1:4Z8Y51M438,K1:Q42T66VG0C}|K1:Q42T66VG0C",2
frdb-compound:39162:PENICILLIN G HYDRABAMINE,penicilling,667Y1107D3,BIPGVSDEAYGJOG-YQUITFMISA-N,"COMBO:{K1:4Z8Y51M438,K1:Q42T66VG0C}|K1:Q42T66VG0C",2
frdb-compound:39388:PERINDOPRIL ARGININE,perindopril,TFT5IM1KGB,RYCSJJXKEWBUTI-YDYAIEMNSA-N,K1:Y5GMK36KGY,1
frdb-compound:39996:PIPERAZINE TARTRATE,piperazine,SM51XZC901,VNFVKWMKVDOSKT-LREBCSMRSA-N,"COMBO:{K1:1RTM4PAL0V,K1:9G34HU7RV0}|K1:1RTM4PAL0V",2
frdb-compound:41546:RX-5902,rx5902,,,K1:ZU8OM8V5WF,1
frdb-compound:41721:SB-1317,sb1317,,,K1:40D08182TT,1
frdb-compound:41929:SHR-1258,shr1258,,,K1:CJN36EQM0H,1
frdb-compound:42994:STRONTIUM LACTATE,strontium,DC1ZYY6LNZ,CCUZKVDGQHXAFK-UHFFFAOYSA-L,K1:1NG558X5VJ|K1:41YPU4MMCA|K1:64RA22280P|K1:7Q3KX2L47F|K1:B7CF3BD0TT|K1:BDG873AQZL|K1:EFY8GJS81Z|K1:EKE8PS9J6Z|K1:F6V5HOR0O5|K1:O09USB7Z44,12
frdb-compound:43003:STRONTIUM SALICYLATE,strontium,OGF9EV99TC,BJTJYQIAHXROJC-UHFFFAOYSA-L,K1:1NG558X5VJ|K1:41YPU4MMCA|K1:64RA22280P|K1:7Q3KX2L47F|K1:B7CF3BD0TT|K1:BDG873AQZL|K1:EFY8GJS81Z|K1:EKE8PS9J6Z|K1:F6V5HOR0O5|K1:O09USB7Z44,12
frdb-compound:43124:SULFATHIAZOLE SODIUM MONOHYDRATE,sulfathiazole,W6NDW4K12P,PEVALAQKCXISJZ-UHFFFAOYSA-N,K1:Y7FKS2XWQH,1
frdb-compound:43365:TENOFOVIR DISOPROXIL SUCCINATE,tenofovirdisoproxil,94882WB39E,CCGIINMVANPRGB-PFEQFJNWSA-N,K1:F4YU4LON7I|K1:W4HFE001U5,2
frdb-compound:44964:URAPIDIL HYDROCHLORIDE,urapidil,PVU92PZO12,KTMLZVUAXJERAT-UHFFFAOYSA-N,K1:A78GF17HJS,1
frdb-compound:45584:ZUCLOMIPHENE CITRATE,zuclomiphene,UY5X264QZV,PYTMYKVIJXPNBD-OQKDUQJOSA-N,K1:3JU1DU3652,1
frdb-compound:46021:CYPROHEPTADINE HYDROCHLORIDE ANHYDROUS,cyproheptadine,0S9323MCT0,ZPMVNZLARAEGHB-UHFFFAOYSA-N,K1:2YHB6175DO,1
frdb-compound:46260:ABC-294640,abc294640,RFN6U0F30B,BXGLNXNRKRUYTH-UHFFFAOYSA-N,K1:DRG21OQ517,1
frdb-compound:46630:EXP-3174,exp3174,GD76OCH73X,ZEUXAIYYDDCIRX-UHFFFAOYSA-N,K1:JMS50MPO89,1
frdb-compound:47321:FORODESINE HYDROCHLORIDE,forodesine,6SN82Y9U73,WEIAMZKHBCLFOG-QPAIBFMUSA-N,K1:426X066ELK,1
frdb-compound:47387:TEMOCAPRIL HCL,temocaprilhcl,8G820I95VP,XDDQNOKKZKHBIX-ASBZXGSUSA-N,K1:18IZ008EU6,1
frdb-compound:47398:DAPOXETINE HCL,dapoxetinehcl,U4OHT63MRI,IHWDIQRWYNMKFM-BDQAORGHSA-N,K1:GB2433A4M3,1
frdb-compound:47518:FESOTERODINE FUMARATE,fesoterodine,EOS72165S7,MWHXMIASLKXGBU-RNCYCKTQSA-N,K1:621G617227,1
frdb-compound:47561:TOLPERISONE HYDROCHLORIDE,tolperisone,8Z075K2TIG,ZBUVYROEHQQAKL-UHFFFAOYSA-N,K1:F5EOM0LD8E,1
frdb-compound:47734:SB 242235,sb242235,,,K2:PDTYLGXVBIWRIM-UHFFFAOYSA-N,1
frdb-compound:48567:ORY-1001,ory1001,XC0UT08SNJ,VHNNYAVEBXCOSG-QCEMKRCNSA-N,K1:54T74394F8,1
"frdb-compound:48979:WIN 55,212-2 MESYLATE",win552122,2J851TP7VJ,FSGCSTPOPBJYSX-VEIFNGETSA-N,K1:5H31GI9502,1
frdb-compound:49263:BAY-1436032,bay1436032,,,K1:8R3V6LDU0V,1
"frdb-compound:49406:MENTHYL SALICYLATE, (+/-)-",menthylsalicylate,43XOA705ZD,SJOXEWUZWQYCGL-DVOMOZLQSA-N;SJOXEWUZWQYCGL-ZENOOKHLSA-N,K4:menthyl,1
frdb-compound:49416:DEXTROAMPHETAMINE TANNATE,dextroamphetamine,500Y9JV943,LZHILFCCEFOKOG-VFRRKMCSSA-N,"COMBO:{K1:QLZ991V4A2,K1:TZ47U051FI}|HOLD:existing:dextroamphetamine-saccharate|K1:CK833KGX7E|K1:TZ47U051FI",4
frdb-compound:50268:SEL-120-34A,sel12034a,,,K1:6LGR0RYY5Q,1
frdb-compound:58506:GSK-3008348,gsk3008348,,,K1:L6EE7H64YF,1
frdb-compound:58781:IMARADENANT,imaradenant,,,K1:770140J08A,1
frdb-compound:58924:CB-1158,cb1158,,,K1:IFD73D535A,1
"frdb-compound:59528:3,3',4,5'-TETRACHLOROSALICYLANILIDE",3345tetrachlorosalicylanilide,4H8SC2479J,ZJIQNOMMMRNUEM-UHFFFAOYSA-N,K1:HNE676755I,1
frdb-compound:59564:ORELABRUTINIB,orelabrutinib,,,K1:WJA5UO9E10,1
frdb-compound:59565:BETAMETHASONE VALERATE,betamethasone,,,K1:143NQ3779B|K1:50FH5AG9RW|K1:826Y60901U|K1:877K0XW47A|K1:9842X06Q6M|K1:9IFA5XM7R2|K1:TI05AO53L7|K1:YJO1F9W10R,8
frdb-compound:59566:ATABECESTAT,atabecestat,,,K1:2834W8D6GK,1
frdb-compound:59568:AZD-7624,azd7624,,,K2:MXNGYQJJYRVGGJ-QFIPXVFZSA-N,1
frdb-compound:59570:ONO-2952,ono2952,,,K1:ZH8CPX4YNB,1
frdb-compound:59572:VX-803,vx803,,,K1:7OM98IUD1O,1
frdb-compound:59575:BELVARAFENIB,belvarafenib,,,K1:31M3WLJ3KG,1
frdb-compound:59577:BI-894999,bi894999,,,K1:F6XR3O34V2,1
frdb-compound:59580:GIREDESTRANT,giredestrant,,,K1:28P3DU6DB3,1
frdb-compound:59583:PF-06882961,pf06882961,,,K1:DN9IUI24GP,1
frdb-compound:59588:ODM-203,odm203,,,K1:Y7HJ4D4CRT,1
frdb-compound:59591:MK-8353,mk8353,,,K2:KPQQGHGDBBJGFA-QNGWXLTQSA-N,1
frdb-compound:59595:GLUMETINIB,glumetinib,,,K1:7JTT036WGX,1
frdb-compound:59604:LANRAPLENIB,lanraplenib,,,K1:A6U64OU57E,1
frdb-compound:59609:ARQ-531,arq531,,,K1:JTZ51LIXN4,1
frdb-compound:59611:LEROCICLIB,lerociclib,,,K1:WBH8AY6ENB,1
frdb-compound:59615:ARRY-382,arry382,,,K2:JUPOTOIJLKDAPF-UHFFFAOYSA-N,1
frdb-compound:59617:USL-311,usl311,,,K1:2BTG5MX2Q2,1
frdb-compound:59624:CB-103,cb103,,,K1:Q5BB91JL0V,1
frdb-compound:59625:ETAVOPIVAT,etavopivat,,,K1:V4E0A9M44Q,1
frdb-compound:59628:VODOBATINIB,vodobatinib,,,K1:N8Q12KU2SW,1
frdb-compound:59629:FIRSOCOSTAT,firsocostat,,,K1:XE10NJQ95M,1
frdb-compound:59630:BLU-782,blu782,,,K1:KF4ZI0CJ7M,1
frdb-compound:59631:RP-3500,rp3500,,,K1:S1Z7Y5G56T,1
frdb-compound:59632:LY-3295668,ly3295668,,,K1:1WX8O5XV4R,1
frdb-compound:59634:ODM-207,odm207,,,K1:BL5NEF7JDK,1
frdb-compound:59637:BMS-986142,bms986142,,,K1:PJX9GH268R,1
frdb-compound:59640:AZD-2423,azd2423,,,K3:CHEMBL3545221,1
frdb-compound:59643:DANICOPAN,danicopan,,,K1:JM8C1SFX0U,1
frdb-compound:59645:SAR-439859,sar439859,,,K1:TBF1NHY02O,1
frdb-compound:59648:CHIAURANIB,chiauranib,,,K1:F40IRN5981,1
frdb-compound:59652:IZENCITINIB,izencitinib,,,K1:2ZT81PV5UM,1
frdb-compound:59653:PF-06835919,pf06835919,,,K1:EC2P9H3A8S,1
frdb-compound:59654:ZAPNOMETINIB,zapnometinib,,,K1:4RZD8LK83V,1
frdb-compound:59656:TROPIFEXOR,tropifexor,,,K1:NMZ08KM76Z,1
frdb-compound:59657:NIDUFEXOR,nidufexor,,,K1:CJ1PL0TE6J,1
frdb-compound:59661:ENPATORAN,enpatoran,,,K1:7CZ390V26X,1
frdb-compound:59663:VOROLANIB,vorolanib,,,K1:YP8G3I74EL,1
frdb-compound:59664:TOLEBRUTINIB,tolebrutinib,,,K1:8CZ82ZYY9X,1
frdb-compound:59665:RILZABRUTINIB,rilzabrutinib,,,K1:5G1WE425BI|K1:NWN58M4F5T,2
frdb-compound:59667:ALFLUTINIB,alflutinib,,,K1:A49A7A5YN4,1
frdb-compound:59669:FLUZOPARIB,fluzoparib,,,K1:TWF0ML1CK8,1
