source_string,pages,example_page,seen_in,rendered_as
unspecified,15140,COMBO:NAME:caprylic capric triglyceride,fields.regulatory.value.curatedMarketingStatusByJurisdiction,"Other registers, with this string verbatim"
France,79,"COMBO:{K1:3SCV180C9W,K1:418M5916WG}",fields.regulatory.value.curatedMarketingStatusByJurisdiction,"Other registers, with this string verbatim"
Germany,76,HOLD:existing:cisapride,fields.regulatory.value.curatedMarketingStatusByJurisdiction,"Other registers, with this string verbatim"
Worldwide,42,K1:0223RD59PE,fields.regulatory.value.curatedMarketingStatusByJurisdiction,"Other registers, with this string verbatim"
Norway,27,K1:03A5ORL08Q,fields.regulatory.value.curatedMarketingStatusByJurisdiction,"Other registers, with this string verbatim"
Bangladesh,26,K1:27T1I13L6G,fields.regulatory.value.curatedMarketingStatusByJurisdiction,"Other registers, with this string verbatim"
Italy,25,"COMBO:{K1:4Z8Y51M438,K1:Q42T66VG0C}",fields.regulatory.value.curatedMarketingStatusByJurisdiction,"Other registers, with this string verbatim"
Sweden,24,"COMBO:{K1:LQU92IU8LL,K1:YQE403BP4D}",fields.regulatory.value.curatedMarketingStatusByJurisdiction,"Other registers, with this string verbatim"
Oman,24,"COMBO:{K1:QLZ991V4A2,K1:TZ47U051FI}",fields.regulatory.value.curatedMarketingStatusByJurisdiction,"Other registers, with this string verbatim"
Venezuela,23,K1:0SY050L61N,fields.regulatory.value.curatedMarketingStatusByJurisdiction,"Other registers, with this string verbatim"
Turkey,21,"COMBO:{K1:QLZ991V4A2,K1:TZ47U051FI}",fields.regulatory.value.curatedMarketingStatusByJurisdiction,"Other registers, with this string verbatim"
Spain,21,K1:00U7GX0NLM,fields.regulatory.value.curatedMarketingStatusByJurisdiction,"Other registers, with this string verbatim"
India,20,"COMBO:{K1:3SCV180C9W,K1:418M5916WG}",fields.regulatory.value.curatedMarketingStatusByJurisdiction,"Other registers, with this string verbatim"
Philippines,18,"COMBO:{K1:4Z8Y51M438,K1:Q42T66VG0C}",fields.regulatory.value.curatedMarketingStatusByJurisdiction,"Other registers, with this string verbatim"
Greece,18,"COMBO:{K1:63937KV33D,K1:65R938S4DV}",fields.regulatory.value.curatedMarketingStatusByJurisdiction,"Other registers, with this string verbatim"
Egypt,16,K1:0SY050L61N,fields.regulatory.value.curatedMarketingStatusByJurisdiction,"Other registers, with this string verbatim"
UAE,16,K1:27T1I13L6G,fields.regulatory.value.curatedMarketingStatusByJurisdiction,"Other registers, with this string verbatim"
New Zealand,15,"COMBO:{K1:O9S4K2S25E,K1:S2F83W92TK}",fields.regulatory.value.curatedMarketingStatusByJurisdiction,"Other registers, with this string verbatim"
Nigeria,15,"COMBO:{K1:QLZ991V4A2,K1:TZ47U051FI}",fields.regulatory.value.curatedMarketingStatusByJurisdiction,"Other registers, with this string verbatim"
Malaysia,14,"COMBO:{K1:1RTM4PAL0V,K1:9G34HU7RV0}",fields.regulatory.value.curatedMarketingStatusByJurisdiction,"Other registers, with this string verbatim"
Belgium,14,K1:12H3K5QKN9,fields.regulatory.value.curatedMarketingStatusByJurisdiction,"Other registers, with this string verbatim"
Brazil,14,K1:2A9QP32MD4,fields.regulatory.value.curatedMarketingStatusByJurisdiction,"Other registers, with this string verbatim"
Austria,13,K1:10BI795R7D,fields.regulatory.value.curatedMarketingStatusByJurisdiction,"Other registers, with this string verbatim"
Ireland,12,K1:1LR2578324,fields.regulatory.value.curatedMarketingStatusByJurisdiction,"Other registers, with this string verbatim"
Netherlands,11,"COMBO:{K1:0I55128JYK,K1:TE7660XO1C}",fields.regulatory.value.curatedMarketingStatusByJurisdiction,"Other registers, with this string verbatim"
Armenia,11,"COMBO:{K1:1RTM4PAL0V,K1:9G34HU7RV0}",fields.regulatory.value.curatedMarketingStatusByJurisdiction,"Other registers, with this string verbatim"
Saudi Arabia,10,K1:0O54ZQ14I9,fields.regulatory.value.curatedMarketingStatusByJurisdiction,"Other registers, with this string verbatim"
Pakistan,9,K1:15XQ8043FN,fields.regulatory.value.curatedMarketingStatusByJurisdiction,"Other registers, with this string verbatim"
Denmark,9,K1:1UA8E65KDZ,fields.regulatory.value.curatedMarketingStatusByJurisdiction,"Other registers, with this string verbatim"
Israel,8,K1:03A5ORL08Q,fields.regulatory.value.curatedMarketingStatusByJurisdiction,"Other registers, with this string verbatim"
Switzerland,8,K1:458VC51857,fields.regulatory.value.curatedMarketingStatusByJurisdiction,"Other registers, with this string verbatim"
FR,7,"COMBO:{K1:3SCV180C9W,K1:418M5916WG}",fields.regulatory.value.curatedMarketingStatusByJurisdiction,"Other registers, with this string verbatim"
Sudan,7,"COMBO:{K1:63937KV33D,K1:65R938S4DV}",fields.regulatory.value.curatedMarketingStatusByJurisdiction,"Other registers, with this string verbatim"
Mauritius,7,"COMBO:{K1:LQU92IU8LL,K1:YQE403BP4D}",fields.regulatory.value.curatedMarketingStatusByJurisdiction,"Other registers, with this string verbatim"
Thailand,7,K1:27T1I13L6G,fields.regulatory.value.curatedMarketingStatusByJurisdiction,"Other registers, with this string verbatim"
Kuwait,6,K1:10BI795R7D,fields.regulatory.value.curatedMarketingStatusByJurisdiction,"Other registers, with this string verbatim"
Dominican Republic,6,K1:15XQ8043FN,fields.regulatory.value.curatedMarketingStatusByJurisdiction,"Other registers, with this string verbatim"
Morocco,6,K1:27T1I13L6G,fields.regulatory.value.curatedMarketingStatusByJurisdiction,"Other registers, with this string verbatim"
Zimbabwe,5,"COMBO:{K1:O9S4K2S25E,K1:S2F83W92TK}",fields.regulatory.value.curatedMarketingStatusByJurisdiction,"Other registers, with this string verbatim"
Nepal,5,K1:15XQ8043FN,fields.regulatory.value.curatedMarketingStatusByJurisdiction,"Other registers, with this string verbatim"
Peru,5,K1:27B90X776A,fields.regulatory.value.curatedMarketingStatusByJurisdiction,"Other registers, with this string verbatim"
Chile,5,K1:3K9958V90M,fields.regulatory.value.curatedMarketingStatusByJurisdiction,"Other registers, with this string verbatim"
Iraq,5,K1:5J9CPU3RE0,fields.regulatory.value.curatedMarketingStatusByJurisdiction,"Other registers, with this string verbatim"
South Africa,4,K1:05V02F2KDG,fields.regulatory.value.curatedMarketingStatusByJurisdiction,"Other registers, with this string verbatim"
Indonesia,4,K1:21925K482H,fields.regulatory.value.curatedMarketingStatusByJurisdiction,"Other registers, with this string verbatim"
Portugal,4,K1:23ZW4BG89C,fields.regulatory.value.curatedMarketingStatusByJurisdiction,"Other registers, with this string verbatim"
Sri Lanka,4,K1:24H4NWX5CO,fields.regulatory.value.curatedMarketingStatusByJurisdiction,"Other registers, with this string verbatim"
Jamaica,4,K1:27B90X776A,fields.regulatory.value.curatedMarketingStatusByJurisdiction,"Other registers, with this string verbatim"
Cuba,4,K1:34237V843T,fields.regulatory.value.curatedMarketingStatusByJurisdiction,"Other registers, with this string verbatim"
Hungary,4,K1:43VU4207NW,fields.regulatory.value.curatedMarketingStatusByJurisdiction,"Other registers, with this string verbatim"
Panama,4,K1:7V31YC746X,fields.regulatory.value.curatedMarketingStatusByJurisdiction,"Other registers, with this string verbatim"
Lithuania,4,K1:E35R3G56OV,fields.regulatory.value.curatedMarketingStatusByJurisdiction,"Other registers, with this string verbatim"
6 Asian countries,4,K1:GN5P7K3T8S,fields.regulatory.value.curatedMarketingStatusByJurisdiction,"Other registers, with this string verbatim"
Hong Kong,4,"COMBO:{K1:8W8T17847W,K1:R16CO5Y76E}",fields.regulatory.value.curatedMarketingStatusByJurisdiction,"Other registers, with this string verbatim"
Ethiopia,3,"COMBO:{K1:4Z8Y51M438,K1:Q42T66VG0C}",fields.regulatory.value.curatedMarketingStatusByJurisdiction,"Other registers, with this string verbatim"
14 Asian countries,3,K1:01704YP3MO,fields.regulatory.value.curatedMarketingStatusByJurisdiction,"Other registers, with this string verbatim"
Bulgaria,3,K1:27B90X776A,fields.regulatory.value.curatedMarketingStatusByJurisdiction,"Other registers, with this string verbatim"
Cyprus,3,K1:6U94N2D00F,fields.regulatory.value.curatedMarketingStatusByJurisdiction,"Other registers, with this string verbatim"
Finland,3,K1:6U94N2D00F,fields.regulatory.value.curatedMarketingStatusByJurisdiction,"Other registers, with this string verbatim"
3 African countries,3,K1:GN5P7K3T8S,fields.regulatory.value.curatedMarketingStatusByJurisdiction,"Other registers, with this string verbatim"
6 European countries,3,K1:GN5P7K3T8S,fields.regulatory.value.curatedMarketingStatusByJurisdiction,"Other registers, with this string verbatim"
Ger,2,"COMBO:{K1:1J444QC288,K1:80M03YXJ7I}",fields.regulatory.value.curatedMarketingStatusByJurisdiction,"Other registers, with this string verbatim"
10 European countries,2,K1:01704YP3MO,fields.regulatory.value.curatedMarketingStatusByJurisdiction,"Other registers, with this string verbatim"
4 African countries,2,K1:01704YP3MO,fields.regulatory.value.curatedMarketingStatusByJurisdiction,"Other registers, with this string verbatim"
Argentina,2,K1:1NY2IX043A,fields.regulatory.value.curatedMarketingStatusByJurisdiction,"Other registers, with this string verbatim"
Vietnam,2,K1:27T1I13L6G,fields.regulatory.value.curatedMarketingStatusByJurisdiction,"Other registers, with this string verbatim"
Lebanon,2,K1:3ZZ5BJ9F2Q,fields.regulatory.value.curatedMarketingStatusByJurisdiction,"Other registers, with this string verbatim"
South Korea,2,K1:3ZZ5BJ9F2Q,fields.regulatory.value.curatedMarketingStatusByJurisdiction,"Other registers, with this string verbatim"
Iceland,2,K1:4E72PH61HL,fields.regulatory.value.curatedMarketingStatusByJurisdiction,"Other registers, with this string verbatim"
Libya,2,K1:73312P173G,fields.regulatory.value.curatedMarketingStatusByJurisdiction,"Other registers, with this string verbatim"
Mexico,2,K1:73312P173G,fields.regulatory.value.curatedMarketingStatusByJurisdiction,"Other registers, with this string verbatim"
Bahrain,2,K1:OED8FV75PY,fields.regulatory.value.curatedMarketingStatusByJurisdiction,"Other registers, with this string verbatim"
Iran,1,K1:15XQ8043FN,fields.regulatory.value.curatedMarketingStatusByJurisdiction,"Other registers, with this string verbatim"
Ghana,1,K1:1P7H87IN75,fields.regulatory.value.curatedMarketingStatusByJurisdiction,"Other registers, with this string verbatim"
China,1,K1:458VC51857,fields.regulatory.value.curatedMarketingStatusByJurisdiction,"Other registers, with this string verbatim"
Jordan,1,K1:458VC51857,fields.regulatory.value.curatedMarketingStatusByJurisdiction,"Other registers, with this string verbatim"
Chad,1,K1:5L7E7IY5EH,fields.regulatory.value.curatedMarketingStatusByJurisdiction,"Other registers, with this string verbatim"
Yemen,1,K1:6QK969R2IF,fields.regulatory.value.curatedMarketingStatusByJurisdiction,"Other registers, with this string verbatim"
GER,1,K1:7BA5G9Y06Q,fields.regulatory.value.curatedMarketingStatusByJurisdiction,"Other registers, with this string verbatim"
OM,1,K1:7BA5G9Y06Q,fields.regulatory.value.curatedMarketingStatusByJurisdiction,"Other registers, with this string verbatim"
Colombia,1,K1:7CUC9DDI9F,fields.regulatory.value.curatedMarketingStatusByJurisdiction,"Other registers, with this string verbatim"
Tunisia,1,K1:883G6DMT63,fields.regulatory.value.curatedMarketingStatusByJurisdiction,"Other registers, with this string verbatim"
Guinea Bissau,1,K1:886U3H6UFF,fields.regulatory.value.curatedMarketingStatusByJurisdiction,"Other registers, with this string verbatim"
11 Asian countries,1,K1:934T64RMNJ,fields.regulatory.value.curatedMarketingStatusByJurisdiction,"Other registers, with this string verbatim"
9 European countries,1,K1:934T64RMNJ,fields.regulatory.value.curatedMarketingStatusByJurisdiction,"Other registers, with this string verbatim"
and 5 African countries,1,K1:934T64RMNJ,fields.regulatory.value.curatedMarketingStatusByJurisdiction,"Other registers, with this string verbatim"
16 European countries,1,K1:ER0CTH01H9,fields.regulatory.value.curatedMarketingStatusByJurisdiction,"Other registers, with this string verbatim"
4 S. American countries,1,K1:ER0CTH01H9,fields.regulatory.value.curatedMarketingStatusByJurisdiction,"Other registers, with this string verbatim"
5 African countries,1,K1:ER0CTH01H9,fields.regulatory.value.curatedMarketingStatusByJurisdiction,"Other registers, with this string verbatim"
2 African countries,1,K1:F8VB5M810T,fields.regulatory.value.curatedMarketingStatusByJurisdiction,"Other registers, with this string verbatim"
2 Australasian countries,1,K1:F8VB5M810T,fields.regulatory.value.curatedMarketingStatusByJurisdiction,"Other registers, with this string verbatim"
8 Asian countries,1,K1:F8VB5M810T,fields.regulatory.value.curatedMarketingStatusByJurisdiction,"Other registers, with this string verbatim"
Portugal and Turkey,1,K1:F97OMS297F,fields.regulatory.value.curatedMarketingStatusByJurisdiction,"Other registers, with this string verbatim"
USSR,1,K1:IWW5FV6NK2,fields.regulatory.value.curatedMarketingStatusByJurisdiction,"Other registers, with this string verbatim"
Korea,1,K1:R57ZHV85D4,fields.regulatory.value.curatedMarketingStatusByJurisdiction,"Other registers, with this string verbatim"
Brazil (reference to EMA),1,K1:S7064109UD,fields.regulatory.value.curatedMarketingStatusByJurisdiction,"Other registers, with this string verbatim"
Sp,1,K1:TMZ3IBW2OW,fields.regulatory.value.curatedMarketingStatusByJurisdiction,"Other registers, with this string verbatim"
4 Asian countries,1,K1:WV5EC51866,fields.regulatory.value.curatedMarketingStatusByJurisdiction,"Other registers, with this string verbatim"
IT,1,K1:WV5EC51866,fields.regulatory.value.curatedMarketingStatusByJurisdiction,"Other registers, with this string verbatim"
15 European countries,1,K1:DD5K7529CE,fields.regulatory.value.curatedMarketingStatusByJurisdiction,"Other registers, with this string verbatim"
SP,1,K1:GVV4Z879SP,fields.regulatory.value.curatedMarketingStatusByJurisdiction,"Other registers, with this string verbatim"
