key,tier,displayName,normalised_name,unii_held_by_corpus,pubchem_cid,pubchem_inchikey,cids_returned_for_name,corpus_cid,corpus_cid_agrees,confirmation
COMBO:NAME:caprylic capric triglyceride,2,Caprylic/Capric Triglyceride,caprylic capric triglyceride,C9H2L21V7U,93356,STORWMDPIHOSMF-UHFFFAOYSA-N,3,91757308,False,"none: the page holds no InChIKey, and no UNII that PubChem recognises"
"COMBO:{K1:1ULL0QJ8UC,K1:9100L32L2N}",2,"Dapagliflozin, Metformin",dapagliflozin metformin,,56841156,JVHXJTBJCFBINQ-AWGDKMGJSA-N,2,,,"none: the page holds no InChIKey, and no UNII that PubChem recognises"
K1:05JZI7B19X,2,Carboxymethylcellulose,carboxymethylcellulose,05JZI7B19X,24748,VJHCJDRQFCCTHL-UHFFFAOYSA-N,1,24748,True,"none: the page holds no InChIKey, and no UNII that PubChem recognises"
K1:0T8392U5N1,3,Glucose Oxidase,glucose oxidase,0T8392U5N1,206,WQZGKKKJIJFFOK-UHFFFAOYSA-N,2,,,"none: the page holds no InChIKey, and no UNII that PubChem recognises"
K1:14GUK8I73Z,3,Policapram,policapram,14GUK8I73Z,32775,LCJRHAPPMIUHLH-UHFFFAOYSA-N,1,,,"none: the page holds no InChIKey, and no UNII that PubChem recognises"
K1:1693AM5SBN,3,Danshen,danshen,1693AM5SBN,5281793,YMGFTDKNIWPMGF-UCPJVGPRSA-N,1,,,"none: the page holds no InChIKey, and no UNII that PubChem recognises"
K1:185M5I2ZZN,3,TOLEVAMER SODIUM,tolevamer,185M5I2ZZN,58817179,LZNNAMNPSXBDOT-UHFFFAOYSA-N,1,,,"none: the page holds no InChIKey, and no UNII that PubChem recognises"
K1:1Q953B4O4F,2,Mate,mate,1Q953B4O4F,118958443,FUTPZUMYPODEDE-UHFFFAOYSA-N,1,,,"none: the page holds no InChIKey, and no UNII that PubChem recognises"
K1:1TBM83QR9S,3,Bentracimab,bentracimab,1TBM83QR9S,9800692,PNVYHTHOCKTJCO-JOCBIADPSA-N,1,,,"none: the page holds no InChIKey, and no UNII that PubChem recognises"
K1:23R93M6Y64,3,Chitosan Oligosaccharide,chitosan oligosaccharide,23R93M6Y64,16213812,QLTSDROPCWIKKY-PMCTYKHCSA-N,1,,,"none: the page holds no InChIKey, and no UNII that PubChem recognises"
K1:269XH13919,2,Nux Vomica,nux vomica,269XH13919,441071,QMGVPVSNSZLJIA-FVWCLLPLSA-N,1,,,"none: the page holds no InChIKey, and no UNII that PubChem recognises"
K1:2ALA66NS64,1,Survodutide,survodutide,2ALA66NS64,168429725,MEDXQFAHWBMVIM-YIUAJOCSSA-N,3,,,"none: the page holds no InChIKey, and no UNII that PubChem recognises"
K1:2DMT128M1S,2,Cetearyl Alcohol,cetearyl alcohol,2DMT128M1S,62238,UBHWBODXJBSFLH-UHFFFAOYSA-N,1,,,"none: the page holds no InChIKey, and no UNII that PubChem recognises"
K1:2EFX479K2Y,3,Vicatertide,vicatertide,2EFX479K2Y,49764848,MLCMYVUVOHSNFD-WVMYFBOZSA-N,1,49764848,True,"none: the page holds no InChIKey, and no UNII that PubChem recognises"
K1:2HLC17MX9G,2,Agalsidase alfa,agalsidase alfa,2HLC17MX9G,52918379,KUBARPMUNHKBIQ-VTHUDJRQSA-N,1,,,"none: the page holds no InChIKey, and no UNII that PubChem recognises"
K1:2Y53S6ATLU,2,Dimethicone 350,dimethicone 350,2Y53S6ATLU,24705,CXQXSVUQTKDNFP-UHFFFAOYSA-N,1,,,"none: the page holds no InChIKey, and no UNII that PubChem recognises"
K1:33WDQ7T81E,2,Dalbavancin Hydrochloride,dalbavancin,33WDQ7T81E,16134627,KGPGQDLTDHGEGT-SZUNQUCBSA-N,1,,,"none: the page holds no InChIKey, and no UNII that PubChem recognises"
K1:36W3E5TAMG,1,Glucomannan,glucomannan,36W3E5TAMG,24892726,LUEWUZLMQUOBSB-FSKGGBMCSA-N,1,,,"none: the page holds no InChIKey, and no UNII that PubChem recognises"
K1:37515NWH9U,2,Tilactase,tilactase,37515NWH9U,439353,WQZGKKKJIJFFOK-FPRJBGLDSA-N,1,,,"none: the page holds no InChIKey, and no UNII that PubChem recognises"
K1:3899510F8M,3,Gitalin amorphous,gitalin amorphous,3899510F8M,131750165,APSWDBKJUOEMOA-MTEWDWANSA-N,1,,,"none: the page holds no InChIKey, and no UNII that PubChem recognises"
K1:3C617U1K19,3,Bucelipase alfa,bucelipase alfa,3C617U1K19,160315322,PUUAYGFHOHGGPX-UHFFFAOYSA-N,1,,,"none: the page holds no InChIKey, and no UNII that PubChem recognises"
K1:3R5UFO57X5,3,Nisotirostide,nisotirostide,3R5UFO57X5,171118544,FUJAXTAKFUGOHA-ZIVFTAJSSA-N,2,,,"none: the page holds no InChIKey, and no UNII that PubChem recognises"
K1:438UC14NDQ,3,Dalanated insulin,dalanated insulin,438UC14NDQ,70678557,YAJCHEVQCOHZDC-QMMNLEPNSA-N,1,,,"none: the page holds no InChIKey, and no UNII that PubChem recognises"
K1:4A5OM7PI18,3,TOLEVAMER POTASSIUM SODIUM,tolevamer,4A5OM7PI18,58817179,LZNNAMNPSXBDOT-UHFFFAOYSA-N,1,,,"none: the page holds no InChIKey, and no UNII that PubChem recognises"
K1:4DVS4AG4DF,2,Interferon alfa-2b,interferon alfa 2b,4DVS4AG4DF,71306834,MIXCUJKCXRNYFM-UHFFFAOYSA-M,1,,,"none: the page holds no InChIKey, and no UNII that PubChem recognises"
K1:4QQN74LH4O,2,Graphite,graphite,4QQN74LH4O,5462310,OKTJSMMVPCPJKN-UHFFFAOYSA-N,1,,,"none: the page holds no InChIKey, and no UNII that PubChem recognises"
K1:4X4HLN92OT,3,Tribulus,tribulus,4X4HLN92OT,10125785,MUKYLHIZBOASDM-UHFFFAOYSA-N,1,,,"none: the page holds no InChIKey, and no UNII that PubChem recognises"
K1:55J167EEON,3,Catechu,catechu,55J167EEON,9064,PFTAWBLQPZVEMU-DZGCQCFKSA-N,1,,,"none: the page holds no InChIKey, and no UNII that PubChem recognises"
K1:5RG113V7K3,3,Bevonescein,bevonescein,5RG113V7K3,167312358,QOJOBKQIRSTJPM-VAIPJCBFSA-N,1,167312358,True,"none: the page holds no InChIKey, and no UNII that PubChem recognises"
K1:5YB9IXQ9FG,3,Methocidin,methocidin,5YB9IXQ9FG,5749,GFRUPHOKLBPHTQ-UHFFFAOYSA-N,1,,,"none: the page holds no InChIKey, and no UNII that PubChem recognises"
K1:61H83WZX3U,3,QS-21,qs 21,61H83WZX3U,72809956,DRHZYJAUECRAJM-UHFFFAOYSA-N,2,,,"none: the page holds no InChIKey, and no UNII that PubChem recognises"
K1:639T22V8VD,3,AVIDIN,avidin,639T22V8VD,641528,SBUOHGKIOVRDKY-SCSAIBSYSA-N,1,,,"none: the page holds no InChIKey, and no UNII that PubChem recognises"
K1:63POE2M46Y,2,Elm,elm,63POE2M46Y,137321182,IUMALAAYPYPBAP-RYYFEHCXSA-N,1,,,"none: the page holds no InChIKey, and no UNII that PubChem recognises"
K1:64FS3BFH5W,1,Epoetin alfa,epoetin alfa,64FS3BFH5W,92043599,CJKGNDLRMLFWEX-IUJNAFBCSA-N,1,11751549,False,"none: the page holds no InChIKey, and no UNII that PubChem recognises"
K1:6GRV67N0U2,2,Diamond,diamond,6GRV67N0U2,5462310,OKTJSMMVPCPJKN-UHFFFAOYSA-N,1,,,"none: the page holds no InChIKey, and no UNII that PubChem recognises"
K1:73G3354J8W,3,Eloralintide,eloralintide,73G3354J8W,175663130,RLBIFQNAUXZCQB-UHFFFAOYSA-N,1,,,"none: the page holds no InChIKey, and no UNII that PubChem recognises"
K1:7A055A9QRR,3,Talactoferrin alfa,talactoferrin alfa,7A055A9QRR,5619,VQLPLYSROCPWFF-UHFFFAOYSA-N,1,,,"none: the page holds no InChIKey, and no UNII that PubChem recognises"
K1:7AUD376O4W,3,Pegtarazimod,pegtarazimod,7AUD376O4W,172677524,RHYRSQJYHDQJHH-OZXJSYINSA-N,1,,,"none: the page holds no InChIKey, and no UNII that PubChem recognises"
K1:7MQ2FPB8BJ,3,Enavermotide,enavermotide,7MQ2FPB8BJ,168510685,ZNDDLBOWVYWTNO-AHSGEXSTSA-N,1,68816,False,"none: the page holds no InChIKey, and no UNII that PubChem recognises"
K1:7XIY785AZD,1,Insulin glulisine,insulin glulisine,7XIY785AZD,168324397,RCHHVVGSTHAVPF-ZPHPLDECSA-N,2,16136701,False,"none: the page holds no InChIKey, and no UNII that PubChem recognises"
K1:85H0HZU99M,2,Povidone-Iodine,povidone iodine,85H0HZU99M,410087,CPKVUHPKYQGHMW-UHFFFAOYSA-N,1,,,"none: the page holds no InChIKey, and no UNII that PubChem recognises"
K1:895O8QKF18,3,Gataparsen,gataparsen,895O8QKF18,129858699,BZRZNGDLBBZGMQ-UHFFFAOYSA-N,1,91865465,False,"none: the page holds no InChIKey, and no UNII that PubChem recognises"
K1:8M7V7Q6537,2,Pegunigalsidase alfa,pegunigalsidase alfa,8M7V7Q6537,121488171,CQPWQUAJPPFCDP-ROUUACIJSA-N,1,121488171,True,"none: the page holds no InChIKey, and no UNII that PubChem recognises"
K1:8N4GJY7Y56,3,ETAFILCON A,etafilcon a,8N4GJY7Y56,91932556,NLAIHECABDOZBR-UHFFFAOYSA-M,1,,,"none: the page holds no InChIKey, and no UNII that PubChem recognises"
K1:8P20S56HZI,2,CALCIUM ALGINATE,calcium alginate,8P20S56HZI,75059443,OKHHGHGGPDJQHR-UHFFFAOYSA-L,1,44630049,False,"none: the page holds no InChIKey, and no UNII that PubChem recognises"
K1:95HR524N2M,2,Iron Dextran,iron dextran,95HR524N2M,105075,MVZXTUSAYBWAAM-UHFFFAOYSA-N,1,,,"none: the page holds no InChIKey, and no UNII that PubChem recognises"
K1:981TME683S,2,Ropeginterferon alfa-2b,ropeginterferon alfa 2b,981TME683S,86278347,LICFWYDUJZDCLK-DJNXLDHESA-N,1,86278347,True,"none: the page holds no InChIKey, and no UNII that PubChem recognises"
K1:98DE7VN88D,2,Mirvetuximab soravtansine,mirvetuximab soravtansine,98DE7VN88D,91810695,ZOHXWSHGANNQGO-DSIKUUPMSA-N,1,91810695,True,"none: the page holds no InChIKey, and no UNII that PubChem recognises"
K1:9VK7V8762D,3,Sennoside,sennoside,9VK7V8762D,656822,IPQVTOJGNYVQEO-JLDSCGAUSA-N,1,,,"none: the page holds no InChIKey, and no UNII that PubChem recognises"
K1:9X7O8V25IT,2,Collagenase,collagenase,9X7O8V25IT,75007581,YRQNKMKHABXEJZ-UHFFFAOYSA-N,1,,,"none: the page holds no InChIKey, and no UNII that PubChem recognises"
K1:A0426J905J,2,Secretin human,secretin human,A0426J905J,16129665,KKNIUBFRGPFELP-UHFFFAOYSA-N,1,,,"none: the page holds no InChIKey, and no UNII that PubChem recognises"
K1:A370TYK9KO,3,Glucoamylase,glucoamylase,A370TYK9KO,10475633,VXYZBLXGCYNIHP-UHFFFAOYSA-N,1,,,"none: the page holds no InChIKey, and no UNII that PubChem recognises"
K1:AX6MG4H2RT,3,CC-94676,cc 94676,AX6MG4H2RT,149429863,YUVGVJYLOFTILT-NHYGQJMQSA-N,1,,,"none: the page holds no InChIKey, and no UNII that PubChem recognises"
K1:B697894SGQ,2,Polyethylene Glycol 400,polyethylene glycol 400,B697894SGQ,174,LYCAIKOWRPUZTN-UHFFFAOYSA-N,1,,,"none: the page holds no InChIKey, and no UNII that PubChem recognises"
K1:BCB1002X86,3,TAS-1553,tas 1553,BCB1002X86,132203319,DUYRWEBTZNUILI-DIFFPNOSSA-N,1,132203319,True,"none: the page holds no InChIKey, and no UNII that PubChem recognises"
K1:BIC0KCT1E9,3,Actaplanin,actaplanin,BIC0KCT1E9,16132360,PFEBYWJUETVBLJ-UHFFFAOYSA-N,1,,,"none: the page holds no InChIKey, and no UNII that PubChem recognises"
K1:CCX72L6NY6,3,Kava Kava,kava kava,CCX72L6NY6,5899068,GTEXBOVBADJOQH-DUXPYHPUSA-N,1,170205,False,"none: the page holds no InChIKey, and no UNII that PubChem recognises"
K1:D05HXK6R3G,2,Comfrey,comfrey,D05HXK6R3G,6440495,MTHHNSCIBYQVSB-AWNIVKPZSA-N,1,,,"none: the page holds no InChIKey, and no UNII that PubChem recognises"
K1:D78KBY7BRU,3,Petrelintide,petrelintide,D78KBY7BRU,172915807,TVOIUFVYEVVHCS-HJODGROVSA-N,1,,,"none: the page holds no InChIKey, and no UNII that PubChem recognises"
K1:D8G495PL3W,3,Vezocolmitide,vezocolmitide,D8G495PL3W,175772080,IYZPSKQQQWDBBG-ZZADNGCVSA-N,1,,,"none: the page holds no InChIKey, and no UNII that PubChem recognises"
K1:E1NC1JVS3O,2,Politef,politef,E1NC1JVS3O,8301,BFKJFAAPBSQJPD-UHFFFAOYSA-N,1,,,"none: the page holds no InChIKey, and no UNII that PubChem recognises"
K1:F8H3J9KSY9,3,Astodrimer,astodrimer,F8H3J9KSY9,9856730,KKRXDNYRUZGPFM-UHFFFAOYSA-N,1,,,"none: the page holds no InChIKey, and no UNII that PubChem recognises"
K1:FQ3DRG0N5K,2,Pancreatin,pancreatin,FQ3DRG0N5K,284483,KQGYUJZLKGSELN-UHFFFAOYSA-N,1,,,"none: the page holds no InChIKey, and no UNII that PubChem recognises"
K1:FV4Y0JO2CX,3,KEYHOLE LIMPET HEMOCYANIN,keyhole limpet hemocyanin,FV4Y0JO2CX,168009928,NECYLMLMGRVXJM-UHFFFAOYSA-N,1,,,"none: the page holds no InChIKey, and no UNII that PubChem recognises"
K1:G5WS9R9D50,3,MONOSIALOTETRAHEXOSYLGANGLIOSIDE SODIUM,monosialotetrahexosylganglioside,G5WS9R9D50,172642652,JCNSBGBLKJGLEG-HQLNXJIDSA-N,1,,,"none: the page holds no InChIKey, and no UNII that PubChem recognises"
K1:G6ADW90R16,3,CERTOLIZUMAB,certolizumab,G6ADW90R16,128919,WJJYZXPHLSLMGE-UHFFFAOYSA-N,1,,,"none: the page holds no InChIKey, and no UNII that PubChem recognises"
K1:G9IB4Q8R5G,3,HPG-1860,hpg 1860,G9IB4Q8R5G,169422740,JPEHHEUXHNQIIX-CQSZACIVSA-N,1,169422740,True,"none: the page holds no InChIKey, and no UNII that PubChem recognises"
K1:H192N84N1G,1,Alseroxylon,alseroxylon,H192N84N1G,62816,GMRWGQCZJGVHKL-UHFFFAOYSA-N,1,,,"none: the page holds no InChIKey, and no UNII that PubChem recognises"
K1:H81695M5OP,3,Nattokinase,nattokinase,H81695M5OP,49867936,YTXSYWAKVMZICI-PVCZSOGJSA-N,1,,,"none: the page holds no InChIKey, and no UNII that PubChem recognises"
K1:HYE7ZLD2RQ,3,Zaloganan,zaloganan,HYE7ZLD2RQ,176453930,MSTKGCPSYBLVDU-GBIRDKSFSA-N,1,,,"none: the page holds no InChIKey, and no UNII that PubChem recognises"
K1:IF95YG4W0P,3,CBX-129801,cbx 129801,IF95YG4W0P,16157840,VOUAQYXWVJDEQY-QENPJCQMSA-N,1,,,"none: the page holds no InChIKey, and no UNII that PubChem recognises"
K1:J43GMI6IYW,3,DAPIGLUTIDE,dapiglutide,J43GMI6IYW,171934788,ZFSPELIJRGIIEX-HLQWLALHSA-N,1,,,"none: the page holds no InChIKey, and no UNII that PubChem recognises"
K1:K48IKT5321,2,Clove,clove,K48IKT5321,3314,RRAFCDWBNXTKKO-UHFFFAOYSA-N,1,,,"none: the page holds no InChIKey, and no UNII that PubChem recognises"
K1:K6E9SY8U8D,3,Eneboparatide,eneboparatide,K6E9SY8U8D,172915634,CJNIIWBAKDKTCF-NBCFYLKLSA-N,1,,,"none: the page holds no InChIKey, and no UNII that PubChem recognises"
K1:K7O76887AP,2,Nonoxinol,nonoxinol,K7O76887AP,7700,KUXGUCNZFCVULO-UHFFFAOYSA-N,1,,,"none: the page holds no InChIKey, and no UNII that PubChem recognises"
K1:L0378Q1565,1,Corticotropin zinc hydroxide,corticotropin,L0378Q1565,16132265,IDLFZVILOHSSID-OVLDLUHVSA-N,1,16132264,False,"none: the page holds no InChIKey, and no UNII that PubChem recognises"
K1:L5ZKA40LJR,3,TUSAMITAMAB,tusamitamab,L5ZKA40LJR,178188727,DESNOJPONROFBA-UHFFFAOYSA-N,1,,,"none: the page holds no InChIKey, and no UNII that PubChem recognises"
K1:LE39B2006U,3,Pegmusirudin,pegmusirudin,LE39B2006U,129735012,MFPRYDMAZLLTGM-OCLCFYPRSA-N,1,56841834,False,"none: the page holds no InChIKey, and no UNII that PubChem recognises"
K1:LK5KSB5A2E,3,Zelenectide,zelenectide,LK5KSB5A2E,168510690,CKPJISPOUWYYAX-HPHWZULQSA-N,1,,,"none: the page holds no InChIKey, and no UNII that PubChem recognises"
K1:LQA7B6G8JG,3,VEPOLOXAMER,vepoloxamer,LQA7B6G8JG,10154203,OQNWUUGFAWNUME-UHFFFAOYSA-N,1,,,"none: the page holds no InChIKey, and no UNII that PubChem recognises"
K1:MB76Z4IBZ5,3,Mazdutide,mazdutide,MB76Z4IBZ5,167312357,XRBYWQZGSZWYEJ-HMQIFOERSA-N,1,,,"none: the page holds no InChIKey, and no UNII that PubChem recognises"
K1:N4484W64JW,3,Lumbrokinase,lumbrokinase,N4484W64JW,168009866,MLVMQHOUVDMPCQ-UHFFFAOYSA-N,1,,,"none: the page holds no InChIKey, and no UNII that PubChem recognises"
K1:N9MH3WI51M,3,BRM-421,brm 421,N9MH3WI51M,177669090,WKXNKQZYGSNBDJ-VGQQASIRSA-N,1,,,"none: the page holds no InChIKey, and no UNII that PubChem recognises"
K1:NLE5KIG74K,3,Glyceryl Monooleate Citrate,glyceryl monooleate,NLE5KIG74K,5283468,RZRNAYUHWVFMIP-KTKRTIGZSA-N,1,,,"none: the page holds no InChIKey, and no UNII that PubChem recognises"
K1:NQ14646378,2,Ichthammol,ichthammol,NQ14646378,3657,VSNHCAURESNICA-UHFFFAOYSA-N,1,,,"none: the page holds no InChIKey, and no UNII that PubChem recognises"
K1:O28XHZ9UQ4,3,ZEN-3694,zen 3694,O28XHZ9UQ4,121375819,VUFGOHIETLJZRG-UHFFFAOYSA-N,1,121375819,True,"none: the page holds no InChIKey, and no UNII that PubChem recognises"
K1:PP0SHH6V16,1,Alirocumab,alirocumab,PP0SHH6V16,88214187,CATWCRUATKKAAQ-UHFFFAOYSA-N,1,,,"none: the page holds no InChIKey, and no UNII that PubChem recognises"
K1:Q4EWM09M3O,2,Boldo,boldo,Q4EWM09M3O,54680085,OWNRRUFOJXFKCU-UHFFFAOYSA-N,1,,,"none: the page holds no InChIKey, and no UNII that PubChem recognises"
K1:Q74T35078H,2,Vanilla,vanilla,Q74T35078H,1183,MWOOGOJBHIARFG-UHFFFAOYSA-N,1,,,"none: the page holds no InChIKey, and no UNII that PubChem recognises"
K1:QA0A21Y20D,3,ADRENOMEDULLIN,adrenomedullin,QA0A21Y20D,56841671,ULCUCJFASIJEOE-NPECTJMMSA-N,2,,,"none: the page holds no InChIKey, and no UNII that PubChem recognises"
K1:S40C40DA21,3,Polifeprosan,polifeprosan,S40C40DA21,68609,JVYNJRBSXBYXQB-UHFFFAOYSA-N,1,,,"none: the page holds no InChIKey, and no UNII that PubChem recognises"
K1:S66Z65E10T,3,Cemdisiran,cemdisiran,S66Z65E10T,126480325,LQRNAUZEMLGYOX-LZVIIAQDSA-N,1,,,"none: the page holds no InChIKey, and no UNII that PubChem recognises"
K1:SJ82PK3HWA,3,Eftilagimod alfa,eftilagimod alfa,SJ82PK3HWA,131704504,ZWKREDJJELOWKN-UHFFFAOYSA-N,1,,,"none: the page holds no InChIKey, and no UNII that PubChem recognises"
K1:SL4SX1O487,3,Arabinogalactan,arabinogalactan,SL4SX1O487,24847856,SATHPVQTSSUFFW-UHFFFAOYSA-N,1,,,"none: the page holds no InChIKey, and no UNII that PubChem recognises"
K1:T2I226K69M,2,ZICONOTIDE ACETATE,ziconotide,T2I226K69M,16135415,BPKIMPVREBSLAJ-QTBYCLKRSA-N,1,72941949,False,"none: the page holds no InChIKey, and no UNII that PubChem recognises"
K1:TFE5C4K9WW,3,EFROFILCON A,efrofilcon a,TFE5C4K9WW,133065440,OILWNRVCSJVVLB-UHFFFAOYSA-N,1,,,"none: the page holds no InChIKey, and no UNII that PubChem recognises"
K1:V74I849BP9,3,Imsamotide,imsamotide,V74I849BP9,167312372,AWVBBFQUFXCVGF-YFGWCFLESA-N,1,167312372,True,"none: the page holds no InChIKey, and no UNII that PubChem recognises"
K1:VIF565UC2G,2,Melaleuca Alternifolia Leaf Oil,melaleuca alternifolia leaf oil,VIF565UC2G,22833361,ZKAQFYDDTYGBBV-UHFFFAOYSA-L,1,,,"none: the page holds no InChIKey, and no UNII that PubChem recognises"
K1:VQV36CJX3K,3,Oximbomotide,oximbomotide,VQV36CJX3K,168510688,LEPHCSIVDRSUBA-ODURPPJLSA-N,1,168510687,False,"none: the page holds no InChIKey, and no UNII that PubChem recognises"
K1:VSI302RYSR,1,Colestilan,colestilan,VSI302RYSR,65840,DEMLYXMVPJAVFU-UHFFFAOYSA-N,1,65840,True,"none: the page holds no InChIKey, and no UNII that PubChem recognises"
K1:W2FH8O2BBE,2,Caraway,caraway,W2FH8O2BBE,320761,WHGYBXFWUBPSRW-UHFFFAOYSA-N,1,,,"none: the page holds no InChIKey, and no UNII that PubChem recognises"
K1:WCQ89A7RAX,3,Omramotide,omramotide,WCQ89A7RAX,168510687,NMGKJFBSTPCKAQ-IZODFUJNSA-N,1,,,"none: the page holds no InChIKey, and no UNII that PubChem recognises"
K1:WK97EQG57S,2,Croton Oil,croton oil,WK97EQG57S,899,OVRNDRQMDRJTHS-UHFFFAOYSA-N,1,,,"none: the page holds no InChIKey, and no UNII that PubChem recognises"
K1:WQE456AV0K,3,Tendamistat,tendamistat,WQE456AV0K,100943155,QFVHHVFVZLFPHM-UCEBDAAVSA-N,2,,,"none: the page holds no InChIKey, and no UNII that PubChem recognises"
K1:WUB68Y35M7,3,Rose Oil,rose oil,WUB68Y35M7,637566,GLZPCOQZEFWAFX-JXMROGBWSA-N,1,,,"none: the page holds no InChIKey, and no UNII that PubChem recognises"
K1:X19199D45C,3,Suleparoid sodium,suleparoid,X19199D45C,53477715,AUQASCCBXZRMEG-RHKLHVFKSA-N,1,,,"none: the page holds no InChIKey, and no UNII that PubChem recognises"
K1:XC5UMP9I5F,2,Sassafras,sassafras,XC5UMP9I5F,5144,ZMQAAUBTXCXRIC-UHFFFAOYSA-N,1,,,"none: the page holds no InChIKey, and no UNII that PubChem recognises"
K1:XK4IUX8MNB,2,Hypericum Perforatum,hypericum perforatum,XK4IUX8MNB,3663,YDOIFHVUBCIUHF-UHFFFAOYSA-N,1,,,"none: the page holds no InChIKey, and no UNII that PubChem recognises"
K1:Y5JS7YM46F,3,Corydalis,corydalis,Y5JS7YM46F,72301,AEQDJSLRWYMAQI-KRWDZBQOSA-N,1,,,"none: the page holds no InChIKey, and no UNII that PubChem recognises"
K1:Z95S6G8201,3,Laureth-7,laureth 7,Z95S6G8201,656641,ONJQDTZCDSESIW-UHFFFAOYSA-N,1,,,"none: the page holds no InChIKey, and no UNII that PubChem recognises"
K1:ZW9ZGL8X6F,3,Sucantomotide,sucantomotide,ZW9ZGL8X6F,168510689,DGQROMTVYDAXAP-YTAGXALCSA-N,1,168510689,True,"none: the page holds no InChIKey, and no UNII that PubChem recognises"
K3:CHEMBL1201664,2,INSULIN ASPART PROTAMINE RECOMBINANT,insulin aspart protamine recombinant,,16132418,VOMXSOIBEJBQNF-UTTRGDHVSA-N,1,,,"none: the page holds no InChIKey, and no UNII that PubChem recognises"
K3:CHEMBL2108241,3,Colextran,colextran,,230181,LRNBWFXCDULFQF-UHFFFAOYSA-N,1,,,"none: the page holds no InChIKey, and no UNII that PubChem recognises"
K3:CHEMBL2108422,3,Leuciglumer,leuciglumer,,68661,ACYNOJOVIUFXEQ-KDDYFZQKSA-N,1,,,"none: the page holds no InChIKey, and no UNII that PubChem recognises"
K3:CHEMBL2108456,3,OCUFILCON D,ocufilcon d,,91932550,KKOWZRLUUCIGQY-UHFFFAOYSA-N,1,,,"none: the page holds no InChIKey, and no UNII that PubChem recognises"
K3:CHEMBL2108741,3,Simeticone,simeticone,,6433516,AMTWCFIAVKBGOD-UHFFFAOYSA-N,1,,,"none: the page holds no InChIKey, and no UNII that PubChem recognises"
K3:CHEMBL2108964,1,"Insulin, isophane",insulin isophane,,24839622,LEMUFSYUPGXXCM-JNEQYSBXSA-N,1,,,"none: the page holds no InChIKey, and no UNII that PubChem recognises"
K3:CHEMBL2108966,1,Neutral insulin injection,neutral insulin injection,,118984380,NOESYZHRGYRDHS-ZYCCASTOSA-N,1,,,"none: the page holds no InChIKey, and no UNII that PubChem recognises"
K3:CHEMBL2108974,1,INSULIN HUMAN ZINC,insulin human,,70678557,YAJCHEVQCOHZDC-QMMNLEPNSA-N,3,,,"none: the page holds no InChIKey, and no UNII that PubChem recognises"
K3:CHEMBL2109421,3,4B5,4b5,,5464378,MURCDOXDAHPNRQ-OWIQAHIBSA-N,1,,,"none: the page holds no InChIKey, and no UNII that PubChem recognises"
K3:CHEMBL2109462,3,C01275,c01275,,5280421,APKXMKWCGDBYNV-AATRIKPKSA-N,1,,,"none: the page holds no InChIKey, and no UNII that PubChem recognises"
K3:CHEMBL2109483,3,SC-1,sc 1,,12003241,NBZFRTJWEIHFPF-UHFFFAOYSA-N,2,,,"none: the page holds no InChIKey, and no UNII that PubChem recognises"
K3:CHEMBL2109588,3,CA2,ca2,,271,BHPQYMZQTOCNFJ-UHFFFAOYSA-N,1,,,"none: the page holds no InChIKey, and no UNII that PubChem recognises"
K3:CHEMBL3544936,3,XL-844,xl 844,,10016910,UVSSZSQSZGKMAL-UHFFFAOYSA-N,1,,,"none: the page holds no InChIKey, and no UNII that PubChem recognises"
K3:CHEMBL3544945,3,SAR-113945,sar 113945,,25033035,ICBAJJBPHLBVEN-UHFFFAOYSA-N,1,,,"none: the page holds no InChIKey, and no UNII that PubChem recognises"
K3:CHEMBL3544953,3,SAF312,saf312,,25138363,JFPXRFIBKKSHGY-UHFFFAOYSA-N,1,,,"none: the page holds no InChIKey, and no UNII that PubChem recognises"
K3:CHEMBL3544958,3,CER-002,cer 002,,9957216,AHKBZTVLVLACNP-UHFFFAOYSA-N,1,,,"none: the page holds no InChIKey, and no UNII that PubChem recognises"
K3:CHEMBL3545031,3,MK-1029,mk 1029,,146156753,OCTAJIYEDUUENF-UHFFFAOYSA-N,1,,,"none: the page holds no InChIKey, and no UNII that PubChem recognises"
K3:CHEMBL3545050,3,BMS-817378,bms 817378,,24794418,VNBRGSXVFBYQNN-UHFFFAOYSA-N,2,,,"none: the page holds no InChIKey, and no UNII that PubChem recognises"
K3:CHEMBL3545106,3,TM30339,tm30339,,56603693,ZECLZCGVVAIWHI-UHFFFAOYSA-N,1,,,"none: the page holds no InChIKey, and no UNII that PubChem recognises"
K3:CHEMBL3545114,3,KD3010,kd3010,,75412604,SUTQDFLDQUPTKX-QVLMFNNZSA-N,1,,,"none: the page holds no InChIKey, and no UNII that PubChem recognises"
K3:CHEMBL3545130,3,GALYFILCON A,galyfilcon a,,44146076,ZOPSJJCUEOEROC-NSQCPRBHSA-N,1,,,"none: the page holds no InChIKey, and no UNII that PubChem recognises"
K3:CHEMBL3545134,3,LY-2780301,ly 2780301,,46186926,YDFKZIGAUIKZGP-UHFFFAOYSA-N,1,,,"none: the page holds no InChIKey, and no UNII that PubChem recognises"
K3:CHEMBL3545167,3,FE 202767,fe 202767,,76073634,PVVHQWISMVJHFK-NIFJBHDKSA-N,3,,,"none: the page holds no InChIKey, and no UNII that PubChem recognises"
K3:CHEMBL3545174,3,GSK2881078,gsk2881078,,86709174,SKDVMPZQJMZEAC-SECBINFHSA-N,1,,,"none: the page holds no InChIKey, and no UNII that PubChem recognises"
K3:CHEMBL3545193,3,MSC-2364447,msc 2364447,,71479709,QUIWHXQETADMGN-UHFFFAOYSA-N,1,,,"none: the page holds no InChIKey, and no UNII that PubChem recognises"
K3:CHEMBL3545199,3,RG-7741,rg 7741,,46917793,BAZRWWGASYWYGB-SNVBAGLBSA-N,1,,,"none: the page holds no InChIKey, and no UNII that PubChem recognises"
K3:CHEMBL3545208,3,AZD3161,azd3161,,56945146,LRHQXIQLHVPUNA-INIZCTEOSA-N,1,,,"none: the page holds no InChIKey, and no UNII that PubChem recognises"
K3:CHEMBL3545221,3,AZD2423,azd2423,,46213922,SRWQVWAIVQXPJY-QGZVFWFLSA-N,1,,,"none: the page holds no InChIKey, and no UNII that PubChem recognises"
K3:CHEMBL3545225,3,INCB-047986,incb 047986,,67391950,QFPGZAJRDFHPCE-UHFFFAOYSA-N,1,,,"none: the page holds no InChIKey, and no UNII that PubChem recognises"
K3:CHEMBL3545238,3,CS-8080,cs 8080,,16212738,ZQSBJPAQPRVNHU-UHFFFAOYSA-M,1,,,"none: the page holds no InChIKey, and no UNII that PubChem recognises"
K3:CHEMBL3545248,1,DS-7423,ds 7423,,45378170,SOJJMSYMCLIQCZ-CYBMUJFWSA-N,1,,,"none: the page holds no InChIKey, and no UNII that PubChem recognises"
K3:CHEMBL3545268,3,MLN3126,mln3126,,58119034,YSCNTJOPTXIIJO-UHFFFAOYSA-N,1,,,"none: the page holds no InChIKey, and no UNII that PubChem recognises"
K3:CHEMBL3545298,3,AZD-6918,azd 6918,,11567474,QRAQXWWNHQMCBH-LBPRGKRZSA-N,1,,,"none: the page holds no InChIKey, and no UNII that PubChem recognises"
K3:CHEMBL3545334,3,AVE8134,ave8134,,11625114,WLHOBCUVPMOXAT-UHFFFAOYSA-N,1,,,"none: the page holds no InChIKey, and no UNII that PubChem recognises"
K3:CHEMBL3545386,3,BI113823,bi113823,,89872076,TXYHKRIVGVHWKH-PEADMDKFSA-N,1,,,"none: the page holds no InChIKey, and no UNII that PubChem recognises"
K3:CHEMBL3545400,3,SAR-103168,sar 103168,,11990811,UARVFMMJGJJSNR-UHFFFAOYSA-N,1,,,"none: the page holds no InChIKey, and no UNII that PubChem recognises"
K3:CHEMBL3545406,3,LY2940094,ly2940094,,52914971,NKQHBJNRBKHUQR-UHFFFAOYSA-N,1,,,"none: the page holds no InChIKey, and no UNII that PubChem recognises"
K3:CHEMBL3545411,3,MF101,mf101,,114829,FURUXTVZLHCCNA-AWEZNQCLSA-N,1,,,"none: the page holds no InChIKey, and no UNII that PubChem recognises"
K3:CHEMBL3545427,3,CM-082,cm 082,,59215954,KMIOJWCYOHBUJS-HAKPAVFJSA-N,1,,,"none: the page holds no InChIKey, and no UNII that PubChem recognises"
K3:CHEMBL3707319,3,GRC-15300,grc 15300,,44247573,AQYDUQPBWUAJJS-FMIVXFBMSA-N,2,,,"none: the page holds no InChIKey, and no UNII that PubChem recognises"
K3:CHEMBL4650289,3,KBP5209,kbp5209,,56933206,KJBZQIKLKWQVLL-UHFFFAOYSA-N,1,,,"none: the page holds no InChIKey, and no UNII that PubChem recognises"
K3:CHEMBL5314679,3,Fequesetide,fequesetide,,10169788,LVLWJWXFRFTMLK-JMWNXRNDSA-N,1,,,"none: the page holds no InChIKey, and no UNII that PubChem recognises"
K3:CHEMBL5482975,3,CEPHALOSPORIN,cephalosporin,,25058126,JGKXEMYIHDYWCZ-JFUSQASVSA-N,1,,,"none: the page holds no InChIKey, and no UNII that PubChem recognises"
K4:11 hydroxy yohimbine,3,11-Hydroxy Yohimbine,11 hydroxy yohimbine,,183814,MIUYYRGOYGWVDO-JHZUCGOESA-N,1,,,"none: the page holds no InChIKey, and no UNII that PubChem recognises"
K4:alanyl glutamine,3,L-Alanyl-Glutamine,alanyl glutamine,,123935,HJCMDXDYPOUFDY-WHFBIAKZSA-N,1,,,"none: the page holds no InChIKey, and no UNII that PubChem recognises"
K4:arginine l malate,3,Arginine-L-Malate,arginine l,,6322,ODKSFYDXXFIFQN-BYPYZUCNSA-N,2,,,"none: the page holds no InChIKey, and no UNII that PubChem recognises"
K4:arginine orotate,3,Arginine Orotate,arginine,,232,ODKSFYDXXFIFQN-UHFFFAOYSA-N,3,,,"none: the page holds no InChIKey, and no UNII that PubChem recognises"
K4:cobaltous,2,Cobaltous,cobaltous,,76829,MPMSMUBQXQALQI-UHFFFAOYSA-N,1,,,"none: the page holds no InChIKey, and no UNII that PubChem recognises"
K4:creatine gluconate,1,Creatine Gluconate,creatine,,586,CVSVTCORWBXHQV-UHFFFAOYSA-N,1,,,"none: the page holds no InChIKey, and no UNII that PubChem recognises"
K4:ferric ammonium,1,Ferric Ammonium,ferric,,16048613,NGILTSZTOFYVBF-UVJOBNTFSA-H,1,,,"none: the page holds no InChIKey, and no UNII that PubChem recognises"
K4:glucanase,3,Beta Glucanase,beta glucanase,,168010017,XVHVKHSSRLTQHH-UHFFFAOYSA-N,1,,,"none: the page holds no InChIKey, and no UNII that PubChem recognises"
K4:glucans,3,Beta Glucans,beta glucans,,439262,FYGDTMLNYKFZSV-URKRLVJHSA-N,1,,,"none: the page holds no InChIKey, and no UNII that PubChem recognises"
K4:glucosamine,1,Glucosamine Potassium Sulfate,glucosamine,,439213,MSWZFWKMSRAUBD-IVMDWMLBSA-N,1,,,"none: the page holds no InChIKey, and no UNII that PubChem recognises"
K4:glutamine nitrate,1,Glutamine Nitrate,glutamine,,738,ZDXPYRJPNDTMRX-UHFFFAOYSA-N,2,,,"none: the page holds no InChIKey, and no UNII that PubChem recognises"
K4:irbesartan hydrochlorothiazide,2,Irbesartan: Hydrochlorothiazide,irbesartan hydrochlorothiazide,,9831761,NZPSYYOURGWZCM-UHFFFAOYSA-N,1,,,"none: the page holds no InChIKey, and no UNII that PubChem recognises"
K4:lignan,3,Lignan,lignan,,261166,PEIBIXYUYBVLDS-UHFFFAOYSA-N,1,,,"none: the page holds no InChIKey, and no UNII that PubChem recognises"
K4:lignans,3,Lignans,lignans,,443013,YJGVMLPVUAXIQN-BCVBHCCTSA-N,1,,,"none: the page holds no InChIKey, and no UNII that PubChem recognises"
K4:lignin,3,Lignin,lignin,,175586,RLLNZXVKBYGKIP-UHFFFAOYSA-L,1,,,"none: the page holds no InChIKey, and no UNII that PubChem recognises"
K4:lysophosphatidylcholine,3,Lysophosphatidylcholine,lysophosphatidylcholine,,5311264,RYCNUMLMNKHWPZ-SNVBAGLBSA-N,1,,,"none: the page holds no InChIKey, and no UNII that PubChem recognises"
K4:madder,3,Madder,madder,,6293,RGCKGOZRHPZPFP-UHFFFAOYSA-N,1,,,"none: the page holds no InChIKey, and no UNII that PubChem recognises"
K4:magnesium beta hydroxybutyrate,3,Magnesium Beta-Hydroxybutyrate,magnesium beta hydroxybutyrate,,140660577,ZIMQIJFHENOQDO-UHFFFAOYSA-L,1,,,"none: the page holds no InChIKey, and no UNII that PubChem recognises"
K4:magnesium taurinate,3,Magnesium Taurinate,magnesium taurinate,,71677805,UUZKKIIQTDKBQJ-UHFFFAOYSA-L,1,,,"none: the page holds no InChIKey, and no UNII that PubChem recognises"
K4:malt diastase,3,Malt Diastase,malt diastase,,71475145,YMXBQIIPWIMAQE-UHFFFAOYSA-N,1,,,"none: the page holds no InChIKey, and no UNII that PubChem recognises"
K4:manganese malate,3,Manganese Malate,manganese,,23930,PWHULOQIROXLJO-UHFFFAOYSA-N,1,,,"none: the page holds no InChIKey, and no UNII that PubChem recognises"
K4:margaroleic acid,3,Margaroleic Acid,margaroleic acid,,5282748,QSBYPNXLFMSGKH-HJWRWDBZSA-N,1,,,"none: the page holds no InChIKey, and no UNII that PubChem recognises"
K4:marjoram,3,Marjoram,marjoram,,18818,NDVASEGYNIMXJL-UHFFFAOYSA-N,1,,,"none: the page holds no InChIKey, and no UNII that PubChem recognises"
K4:methylxanthine,3,Methylxanthine,methylxanthine,,80220,MVOYJPOZRLFTCP-UHFFFAOYSA-N,1,,,"none: the page holds no InChIKey, and no UNII that PubChem recognises"
K4:monogalactosyl diglyceride,3,Monogalactosyl Diglyceride,monogalactosyl diglyceride,,193820,DCLTVZLYPPIIID-XMGVTQGESA-N,1,,,"none: the page holds no InChIKey, and no UNII that PubChem recognises"
K4:n acetyl methionine,3,N-Acetyl Methionine,n acetyl methionine,,6180,XUYPXLNMDZIRQH-UHFFFAOYSA-N,2,,,"none: the page holds no InChIKey, and no UNII that PubChem recognises"
K4:n methyl aspartic acid,3,N-Methyl-Aspartic Acid,n methyl aspartic acid,,22880,HOKKHZGPKSLGJE-GSVOUGTGSA-N,2,,,"none: the page holds no InChIKey, and no UNII that PubChem recognises"
K4:rebaudioside,3,Rebaudioside,rebaudioside,,92023627,BSVKOVOOJNJHBR-PBQKZBBNSA-N,1,,,"none: the page holds no InChIKey, and no UNII that PubChem recognises"
K4:saponins,2,Saponins,saponins,,6540709,AXNVHPCVMSNXNP-ZELRDNAQSA-N,1,,,"none: the page holds no InChIKey, and no UNII that PubChem recognises"
K4:schizandrol a,3,Schizandrol A,schizandrol a,,151529,UFCGDBKFOKKVAC-DSASHONVSA-N,2,,,"none: the page holds no InChIKey, and no UNII that PubChem recognises"
K4:secoisolariciresinol diglycoside,3,Secoisolariciresinol-Diglycoside,secoisolariciresinol diglycoside,,9917980,SBVBJPHMDABKJV-PGCJWIIOSA-N,2,,,"none: the page holds no InChIKey, and no UNII that PubChem recognises"
K4:sequoiaflavone,3,Sequoiaflavone,sequoiaflavone,,5484010,TYUMAYSMJLPFAN-UHFFFAOYSA-N,1,,,"none: the page holds no InChIKey, and no UNII that PubChem recognises"
K4:skin,3,Skin,skin,,936,DFPAKSUCGFBDDF-UHFFFAOYSA-N,1,,,"none: the page holds no InChIKey, and no UNII that PubChem recognises"
K4:tannin,3,Tannin,tannin,,452707,RNKMOGIPOMVCHO-SJMVAQJGSA-N,1,,,"none: the page holds no InChIKey, and no UNII that PubChem recognises"
K4:trisodium,1,Anhydrous Trisodium,anhydrous,,6435808,GFFXZLZWLOBBLO-ASKVSEFXSA-N,1,,,"none: the page holds no InChIKey, and no UNII that PubChem recognises"
K4:vitamin k2 mk 7,3,Vitamin K2 MK-7,vitamin k2 mk 7,,5287554,RAKQPZMEYJZGPI-LJWNYQGCSA-N,1,,,"none: the page holds no InChIKey, and no UNII that PubChem recognises"
UNKEYED:existing:calcium-potassium-phosphate-citrate,3,Calcium Potassium Phosphate Citrate,calcium,,5460341,OYPRJOBELJOOCE-UHFFFAOYSA-N,1,,,"none: the page holds no InChIKey, and no UNII that PubChem recognises"
