COMBO:NAME:comocladia dentata bark leaf	comocladia-dentata-bark-leaf	tier2
COMBO:NAME:influenza b virus b tokyo eis13 175 2025 antigen	influenza-b-virus-b-tokyo-eis13-175-2025-antigen	tier1
COMBO:NAME:juglans cinerea branch bark root bark	juglans-cinerea-branch-bark-root-bark	tier2
COMBO:{K1:144O8QL0L1,K1:R3D835XVCR}	diclofenac-epolamine	tier1
COMBO:{K1:19GBJ60SN5,K1:7J8897W37S}	cannabinoids	tier1
COMBO:{K1:1RTM4PAL0V,K1:QTL48N278K}	estropipate-2	tier2
COMBO:{K1:3X29ZEJ4R2,K1:9100L32L2N}	linagliptin-and-metformin	tier2
COMBO:{K1:46627O600J,K1:KR87B45RGH}	carbidopa-levodopa	tier2
COMBO:{K1:4G9EDB6V73,K1:R7EZ772VG2}	enlicitide-decanoate	tier1
COMBO:{K1:6C282481IP,K1:SZB83O1W42}	ertugliflozin	tier1
COMBO:{K1:6HG8UB2MUY,K1:Z40X7EI2AF}	ioxaglate-meglumine	tier2
COMBO:{K1:8G388563M7,K1:TE0865N2ET}	telotristat-etiprate	tier1
COMBO:{K1:9100L32L2N,K1:JHC049LO86}	alogliptin-and-metformin	tier1
COMBO:{K1:9100L32L2N,K1:QFP0P1DV7Z}	sitagliptin-metformin	tier1
COMBO:{K1:EL9943AG5J,K1:JE6H2O27P8,K2:XQSPYNMVSIKCOC-UHFFFAOYSA-N}	efavirenz-emtricitabine-and-tenofovir-alafenamide	tier2
COMBO:{K1:LW2E03M5PG,K1:YO603Y8113}	darunavir-and-cobicistat	tier2
COMBO:{K1:M7Y086VB5G,K1:UPN4ITI8T4}	trimetrexate-glucuronate-2	tier1
COMBO:{K1:O3J8G9O825,K1:YO603Y8113}	darunavir-and-ritonavir	tier2
COMBO:{K1:O9S4K2S25E,K1:S2F83W92TK}	propoxyphene-napsylate	tier1
HOLD:existing:abarelix	abarelix	tier1
HOLD:existing:boldenone	boldenone	tier1
HOLD:existing:clobetasol	clobetasol	tier1
HOLD:existing:cortisone	cortisone	tier1
HOLD:existing:dromostanolone	dromostanolone	tier1
HOLD:existing:halobetasol	halobetasol	tier1
HOLD:existing:iodohippurate-sodium-i-131	iodohippurate-sodium-i-131	tier1
HOLD:existing:iothalamate-sodium-i-125	iothalamate-sodium-i-125	tier2
HOLD:existing:megestrol	megestrol	tier1
HOLD:existing:methylphenidate	methylphenidate	tier1
HOLD:existing:sodium-succinate	sodium-succinate	tier1
HOLD:existing:trenbolone	trenbolone	tier1
K1:00543AP1JV	delphinium-staphisagria-seed	tier2
K1:00OT1QX5U4	potassium-permanganate-2	tier2
K1:00UK7646FG	capsicum	tier1
K1:00X6I56YXR	cdx-3379	tier3
K1:01K63SUP8D	fluoxetine	tier2
K1:01SJA33642	zirconium-sulfate	tier2
K1:01T23W89FR	thiamylal	tier2
K1:022N12KJ0X	oxibendazole	tier2
K1:02AA4F4VLP	leucine	tier1
K1:02KSI6Z9AK	thyrotropin	tier1
K1:02OS7K758T	metharbital	tier1
K1:030PYR8953	ropinirole	tier1
K1:033072U4MZ	golodirsen	tier2
K1:039LU44I5M	floxuridine	tier2
K1:03C8A0DFJ8	guaiac	tier2
K1:03N9U5JAF6	atipamezole	tier2
K1:04201GDN4R	mometasone	tier1
K1:043IPI2M0K	1-2-distearoyl-sn-glycero-3-phosphocholine	tier3
K1:0462Z4S4OZ	obeticholic-acid	tier1
K1:046O35D44R	prilocaine	tier2
K1:050QZ2EDK7	sus-scrofa-pineal-gland	tier2
K1:05456MVL7T	radium	tier2
K1:05RMF7YPWN	hydrocortisone-butyrate	tier1
K1:05W904P57F	amylmetacresol	tier2
K1:0619F35CGV	tetracaine	tier2
K1:076WHW89TW	follitropin	tier1
K1:077DN93G5B	medrogestone	tier2
K1:07BH0IKF2I	carbon-monoxide	tier1
K1:081L192FO9	suvorexant	tier1
K1:089658A12D	guselkumab	tier1
K1:08GY9K1EUO	rasburicase	tier2
K1:08W5N2C97Q	alpelisib	tier1
K1:09495UIM6V	bimekizumab	tier1
K1:094ZI81Y45	tamoxifen	tier1
K1:0A09IUW5TP	prucalopride	tier2
K1:0A6JH35GMQ	prabotulinumtoxin-a	tier1
K1:0B24UR1O1S	fraxinus-americana-bark	tier2
K1:0B4FDL9I6P	thyroid-unspecified	tier1
K1:0CD5FD6S2M	fluocinolone-acetonide	tier1
K1:0CPP32S55X	dimercaprol	tier2
K1:0D3Q044KCA	galantamine	tier1
K1:0DE9724IHC	protamine	tier2
K1:0E43V0BB57	misoprostol	tier1
K1:0F350BVT6S	echothiophate	tier2
K1:0F3M7032P5	flutemetamol	tier2
K1:0F5N573A2Y	ether-2	tier2
K1:0F65R8P09N	goserelin	tier1
K1:0FMD6WV47M	solanum-nigrum-whole	tier2
K1:0G389FZZ9M	levocarnitine	tier1
K1:0G3C18OH4D	sulfoxone	tier1
K1:0GRZ0F5XJ6	eplontersen	tier2
K1:0H73WJJ391	topiramate	tier1
K1:0H8KZ470DW	serdexmethylphenidate	tier1
K1:0I8H2M0L7N	nicotinamide-riboside	tier1
K1:0I8Y3P32UF	berberine	tier1
K1:0J48LPH2TH	hydrochlorothiazide	tier1
K1:0J6Z13X3WO	zinc-sulfate-unspecified-form	tier2
K1:0J9L7J6V8C	nepafenac	tier1
K1:0JTX26L7CL	jacaranda-caroba-flower	tier2
K1:0K0S2P98ZJ	streptococcus-pneumoniae-type-7f-capsular-polysaccharide-diphtheria-crm197-protein-conjugate	tier1
K1:0K5743G68X	lemborexant	tier1
K1:0K5C5T2QPG	lansoprazole	tier1
K1:0K96FZ8ZI2	heimia-salicifolia-leaf	tier2
K1:0LB9J2797D	patiromer-sorbitex	tier2
K1:0LVY784C09	poliovirus-type-1-antigen	tier2
K1:0MVO31Q3QS	cranberry	tier1
K1:0NG5TTM63P	tramadol	tier1
K1:0O72R8RF8A	amino-acids	tier1
K1:0ORO6NCA4M	vipera-berus-venom	tier2
K1:0P6C6ZOP5U	roflumilast	tier1
K1:0QTW8Z7MCR	rofecoxib	tier1
K1:0RBV727H71	alpha-linolenic-acid	tier1
K1:0RH81L854J	l-glutamine	tier1
K1:0T2EF4JQTU	rimantadine	tier2
K1:0T493YFU8O	tianeptine	tier1
K1:0T93LG5NMK	tolrestat	tier1
K1:0TVP714IPW	quercus-acutissima-whole	tier2
K1:0UB3OA67O7#hncq	marstacimab-hncq	tier2
K1:0UE22Q87VC	apple-cider-vinegar	tier1
K1:0V5436JAQW	miglitol	tier1
K1:0V6E9Q2I0Y	manganese-acetate	tier2
K1:0VK51DA1T2	barium-chloride	tier2
K1:0W860991D6	doxecitine	tier2
K1:0W9O574LE8	bromus-ramosus-flower	tier2
K1:0X9PA28K43	verteporfin	tier2
K1:0YPR65R21J	sodium-sulfate-2	tier2
K1:10464S0TAA	teucrium-marum	tier2
K1:10A5O25ILE	ketorolac	tier1
K1:10L39TRG1Z	pentaerithrityl-tetranitrate	tier2
K1:10LGE70FSU	ammonium-phosphate-dibasic	tier2
K1:10X0709Y6I	bisacodyl	tier2
K1:125OD7737X	methocarbamol	tier2
K1:129FW80TG4	mangafodipir-trisodium-2	tier2
K1:12MCS4H09N	quince	tier2
K1:12PYH0FTU9	lecanemab	tier1
K1:1306V2B0Q8	propantheline	tier2
K1:1314JZ2X6W	influenza-b-virus	tier2
K1:13T4O6VMAM	piroxicam	tier1
K1:140QMO216E	metronidazole	tier2
K1:141A6AMN38	cilastatin	tier2
K1:144O8QL0L1	diclofenac	tier1
K1:1534K8653J	wheat-gluten	tier1
K1:15A52GPT8T	linsitinib	tier1
K1:15C2VL427D#mrbb	aflibercept-mrbb	tier2
K1:169D1260KM	nitroprusside	tier1
K1:175F461W10	cynodon-dactylon-pollen	tier2
K1:17A930VR0G	adonis-vernalis-flowering-top	tier2
K1:17E17JBP8L	iomeprol	tier2
K1:17VGG92R23	pemafibrate	tier2
K1:1806D8D52K	amitriptyline	tier1
K1:184SNS8VUH	sulindac	tier1
K1:197B3Q7T5Q	veratrum-viride-root	tier1
K1:19988ORO24	field-mushroom	tier2
K1:19FUJ2C58T	ginkgo	tier1
K1:19GBJ60SN5	cannabidiol	tier1
K1:19QM69HH21	pyridostigmine	tier1
K1:19RAD88E6O	thuja-occidentalis-bark	tier2
K1:1C058IKG3B	teriflunomide	tier1
K1:1C39JW444G	cabozantinib	tier1
K1:1C6V77QF41	vitamin-d3	tier1
K1:1D6EFC579A	chlormerodrin-hg-197	tier1
K1:1EJ6Z6Q368	bempedoic-acid	tier1
K1:1EQV5MLY3D	taurine	tier1
K1:1F0L5N25ZZ	diprenorphine	tier2
K1:1FKD81GIZJ	cholera-enterotoxin-subunit-b	tier2
K1:1G5BK41P4F	indigo	tier2
K1:1GS872GAFV	monensin-sodium	tier2
K1:1H23589PLJ	mitchella-repens	tier2
K1:1HM943223R	triazolam	tier1
K1:1IJV77EI07	tepotinib	tier1
K1:1J444QC288	amlodipine	tier1
K1:1JQS135EYN	oxytocin	tier1
K1:1K573LC5TV	potassium-sulfate	tier2
K1:1LS1T6R34C	tiaprofenic-acid	tier2
K1:1MBW07J51Q	calcium-sulfide	tier2
K1:1NF15YR6UY	aprepitant	tier2
K1:1NKX3648J9	dichlorobenzyl-alcohol	tier2
K1:1RXS4UE564	alteplase	tier1
K1:1T0N3G9CRC	trandolapril	tier1
K1:1TH8Q20J0U	berberis-vulgaris-root-bark	tier2
K1:1UA8E65KDZ	alitretinoin	tier2
K1:1ULL0QJ8UC	dapagliflozin-propanediol	tier1
K1:1VU15B70BP	benzethonium	tier2
K1:1WS297W6MV	phenylephrine	tier1
K1:1WZ12GTT67	temafloxacin	tier1
K1:1X70OSD4VX	ibrutinib	tier1
K1:1XU104G55N	colesevelam	tier1
K1:1Y17CTI5SR	insulin-human	tier1
K1:1Y1L18LQAF	esculin	tier2
K1:1ZK20VI6TY	triamcinolone	tier2
K1:20ED16GHEB	chorionic-gonadotropin	tier1
K1:20O93L6F9H	oseltamivir	tier2
K1:20OK4AFR4Y	alipogene-tiparvovec	tier2
K1:21240MF57M	sulfanilamide	tier2
K1:2166IN72UN	naphthalene	tier2
K1:21AF0IHY5U	fagus-sylvatica-flowering-top	tier2
K1:2285XW22DR	cixutumumab	tier1
K1:22IC88528T	lurasidone	tier2
K1:22T8Z09XAK	amyl-nitrite	tier2
K1:22VKV8053U	raltegravir	tier1
K1:22X328QOC4	fulvestrant	tier1
K1:23036553F6	streptococcus-pneumoniae-type-18c-capsular-polysaccharide-antigen	tier1
K1:2340UP1L2G	hydrocortisone-aceponate	tier2
K1:23521W1S24	clavulanate	tier2
K1:236YGP181O	human-rotavirus-a-type-g3p7-strain-wi78-live-antigen	tier2
K1:23Q8M2HE6S	meclocycline-sulfosalicylate	tier1
K1:241ATL177A	soybean-oil	tier1
K1:2436VX1U9B	ibutilide	tier2
K1:253RUG1X1A	blueberry	tier1
K1:2595C75F1P	sus-scrofa-uterus	tier2
K1:25E79B5CTM#cxdl	denileukin-diftitox-cxdl	tier2
K1:25VC15141Q	human-rotavirus-a-type-g1p7-strain-wi79-live-antigen	tier2
K1:25W8454H16	sulfamethizole	tier1
K1:25X51I8RD4	niacinamide	tier1
K1:260456HAM0	nicorandil	tier2
K1:2679MF687A	niacin	tier1
K1:26GW6E5M72	heparin	tier1
K1:26NAK24LS8	hydralazine	tier1
K1:276897E67U	potassium-lactate	tier2
K1:276F2O42F5	hydroxyprogesterone-caproate	tier1
K1:279O8I0433	carbo-animalis	tier2
K1:27T56C7KK0	alglucerase	tier2
K1:27Y83O992Q	nonacog-beta-pegol	tier2
K1:28X28X9OKV	durvalumab	tier1
K1:2919279Q3W	valdecoxib	tier1
K1:295O53K152	potassium-cation	tier1
K1:29CA62712F	pediculus-humanus-var-capitis	tier2
K1:29I7RP18RG	mitoglitazone	tier1
K1:29VT07BGDA	l-citrulline	tier1
K1:2A88ZO081O	pineapple	tier2
K1:2ACZ6IPC6I	gamma-aminobutyric-acid	tier1
K1:2BP70L44PR	dexamethasone-phosphate	tier2
K1:2C6A9NH2Z8	lovotibeglogene-autotemcel	tier2
K1:2DMT128M1S	cetearyl-alcohol	tier2
K1:2E18WX195X	dabigatran-etexilate	tier1
K1:2EMS3QFX65	echinacea-purpurea-flowering-top	tier2
K1:2F399MM81J	oxaloacetate	tier1
K1:2FXJ6SW4PK	achillea-millefolium	tier2
K1:2GT1D0TMX1	moricizine	tier1
K1:2H1576D5WG	smilax-ornata-root	tier2
K1:2J3YBM1K8C	brexpiprazole	tier1
K1:2M36281008	etodolac	tier1
K1:2MEL770SC5	sophora-alopecuroides-whole	tier2
K1:2MGG3XW1L2	streptococcus-pneumoniae-type-33f-capsular-polysaccharide-antigen	tier1
K1:2N6K9DRA24	deanol	tier1
K1:2O4BE0K238	volanesorsen	tier2
K1:2P471X1Z11	omalizumab	tier1
K1:2P6O7CFW5K	triheptanoin	tier2
K1:2PU6O23V1G	sutilains	tier2
K1:2RV7212BP0	psilocybin	tier1
K1:2SH16612I9	aminorex	tier1
K1:2V16EO95H1	palmitic-acid	tier2
K1:2WTB3V159F	sodium-nitroprusside	tier1
K1:2WTV10SIKH	mitapivat	tier1
K1:2XJX250C20	dacomitinib	tier2
K1:2Y49VWD90Q	corynine	tier2
K1:2Y53S6ATLU	dimethicone-350	tier2
K1:2Y87E22X71	hydrocortisone-phosphate	tier1
K1:2Z07MYW1AZ	anastrozole	tier1
K1:2ZD004190S	threonine-2	tier1
K1:2ZKG2M978D#mrna	respiratory-syncytial-virus-pre-fusion-glycoprotein-f-mrna	tier2
K1:2ZM8CX04RZ	insulin-glargine	tier1
K1:2ZM8CX04RZ#aglr	insulin-glargine-aglr	tier2
K1:304GTH6RNH	etonogestrel	tier1
K1:30IW36W5B2	calcium-oxybate	tier1
K1:30OMY4G3MK	guanfacine	tier1
K1:318ADP12RI	chlorogenic-acid	tier2
K1:31YO63LBSN	nivolumab	tier1
K1:320T6RNW1F	mifepristone	tier1
K1:320YC168LF	halazepam	tier1
K1:32C726X12W	pentoxyverine	tier1
K1:32W6AJL0DY	garadacimab	tier1
K1:333OX80X87	trafermin	tier2
K1:339NCG44TV	phenol	tier1
K1:34PHS7TU43	epicatechin-2	tier1
K1:35A26E427H	reslizumab	tier1
K1:35C9R2N24F	ferric	tier2
K1:361LPM2T56	sugammadex	tier2
K1:3629601H5D	drimia-maritima-bulb	tier2
K1:362O9ITL9D	acetaminophen	tier2
K1:367589PJ2C	mefenamic-acid	tier1
K1:3729L8MA2C	bee-pollen	tier2
K1:37CQ2C7X93	canakinumab	tier1
K1:38010FNG4Y	sorbus-domestica-whole	tier2
K1:381V4FCV2Z	telotristat	tier2
K1:382L14738L	nonacog-alfa	tier2
K1:386012Z45S	linerixibat	tier2
K1:38K542K6ZV	isophane-insulin-human-suspension	tier2
K1:394XK0IH40	phosphatidylserine	tier1
K1:3982TWQ96G	neostigmine-methylsulfate	tier2
K1:39TG2H631E	copper-tripeptide-1	tier2
K1:3A58010674#bmez	pegfilgrastim-bmez	tier2
K1:3A58010674#cbqv	pegfilgrastim-cbqv	tier2
K1:3A58010674#pbbk	pegfilgrastim-pbbk	tier2
K1:3A58010674#pccg	pegfilgrastim-pccg	tier2
K1:3A64E3G5ZO	bromocriptine	tier1
K1:3A9RD92BS4	ferric-maltol	tier1
K1:3B7C0987O9	butter	tier1
K1:3B8D35Y7S4	lactic-acid-dl	tier2
K1:3BA2N709NG	juglans-regia-flowering-top	tier2
K1:3DX3XEK1BN	enrofloxacin	tier2
K1:3E271BSI0C	mucuna-pruriens-fruit-trichome	tier2
K1:3FU86L9OS0	actaea-spicata	tier2
K1:3G0285N20N	pirenzepine	tier2
K1:3G6A5W338E	caffeine	tier1
K1:3G943U18KM	tolfenamic-acid	tier2
K1:3H04W2810V	auranofin	tier1
K1:3H48L0LPZQ	ivabradine	tier1
K1:3H8GSZ4SQL	avatrombopag	tier2
K1:3J962UJT8H	cefmetazole	tier1
K1:3L5TQ84570	meclizine	tier1
K1:3M5V3D1X36	arctostaphylos-uva-ursi-leaf	tier2
K1:3M7OB98Y7H	sildenafil	tier1
K1:3NXW29V3WO	hypromelloses	tier2
K1:3O2K1S3WQV	vortioxetine	tier1
K1:3OOH7Q4333	cythioate	tier2
K1:3OWL53L36A	mannitol	tier1
K1:3Q034RO3BT	lytta-vesicatoria	tier2
K1:3QKI37EEHE	remdesivir	tier2
K1:3R963LO08T	kalanchoe-pinnata-leaf	tier2
K1:3SW678MX72	arabica-coffee-bean	tier2
K1:3SY5LH9PMK	lactose-anhydrous	tier1
K1:3T8H1794QW	eugenol	tier2
K1:3U8PBH2BON	rosiglitazone	tier1
K1:3VHF2ZD92J	romosozumab	tier2
K1:3VQ38D63M7	alfatradiol	tier1
K1:3X29ZEJ4R2	linagliptin	tier1
K1:3X7931PO74	hydrocortisone-acetate	tier1
K1:3XC8GUZ6CB	sulfasalazine	tier1
K1:3XMK78S47O	testosterone	tier1
K1:3Y68K91A3M	iodohippurate	tier2
K1:3Z9Y7UWC1J	apixaban	tier1
K1:3ZO554A4Q8	voxelotor	tier1
K1:40D3SCR4GZ	buprenorphine	tier2
K1:40UIR9Q29H	sodium-butyrate	tier1
K1:411VRN1TV4	nitrate	tier1
K1:413KH5ZJ73	rosuvastatin	tier1
K1:41728CY7UX	magnesium-salicylate	tier2
K1:418M5916WG	chloral-hydrate	tier2
K1:41LZ22DD4N	bacillus-anthracis-immunoserum-rabbit	tier2
K1:41X3PWK4O2	nateglinide	tier1
K1:420K487FSG	dupilumab	tier1
K1:433OSF3U8A	chaste-tree-fruit	tier2
K1:43502P7F0P	methylprednisolone-acetate	tier1
K1:438HCF2X0M	defibrotide	tier1
K1:4419T9MX03	iohexol	tier1
K1:44RAL3456C	methamphetamine	tier1
K1:44YRR34555	levetiracetam	tier2
K1:451W47IQ8X	sodium-chloride	tier1
K1:452VLY9402	serine	tier1
K1:459AG36T1B	prasterone	tier1
K1:45IUB1PX8R	monomethyl-fumarate	tier2
K1:45P3261C7T	sodium-carbonate	tier1
K1:45TPJ4MBQ1	eluxadoline	tier2
K1:469GW8R486	bromisoval	tier1
K1:46M3EV8HHE	dienogest	tier1
K1:46QZ19OEX8	levisticum-officinale-root	tier2
K1:475247QF1Z	equine-thymocyte-immune-globulin	tier2
K1:47BPR3V3MP	interferon-alfa-n3	tier2
K1:47ISU063SG	zuclopenthixol	tier2
K1:47RRR83SK7	interferon-alfa-2a	tier2
K1:48268V50D5	casein	tier1
K1:4888ME6C4E	robenidine	tier2
K1:48TCX9A1VT	cystine	tier2
K1:490D9F069T	lanthanum-carbonate	tier2
K1:492225Q21H	onion	tier2
K1:494JNQ8L28	technetium-tc-99m-succimer-2	tier2
K1:495W7451VQ	guaifenesin	tier2
K1:49OY13BE7Z	ostrea-edulis-shell	tier2
K1:4B33BGI082	cholestyramine	tier1
K1:4BC83L4PIY	pitolisant	tier1
K1:4EQZ6YO2HI	denosumab	tier1
K1:4EQZ6YO2HI#bnht	denosumab-bnht	tier2
K1:4EQZ6YO2HI#dssb	denosumab-dssb	tier2
K1:4EQZ6YO2HI#mobz	denosumab-mobz	tier2
K1:4EQZ6YO2HI#qbde	denosumab-qbde	tier2
K1:4F05V145YR	tyropanoate	tier1
K1:4F4X42SYQ6	rituximab	tier1
K1:4F4X42SYQ6#abbs	rituximab-abbs	tier2
K1:4FT78T86XV	insulin-detemir	tier1
K1:4G7DS2Q64Y	progesterone	tier1
K1:4GB5DQR532	sus-scrofa-cerebrum	tier2
K1:4H5YMK1H2E	bezlotoxumab	tier2
K1:4I27BB349X	alkavervir	tier1
K1:4I8HAB65SZ	nisoldipine	tier2
K1:4J2I0SN84Y	wheat	tier2
K1:4KQ8G4M9DE	r-mexiletine	tier2
K1:4L6452S749	inositol	tier1
K1:4N14V5R27W	raspberry	tier2
K1:4NDU154T12	protriptyline	tier2
K1:4O4S742ANY	escitalopram	tier1
K1:4Q81I59GXC	mesalamine	tier1
K1:4QWG6N8QKH	hydroxychloroquine	tier1
K1:4R7X1O2820	chlorine	tier2
K1:4RA0KN46E0	upadacitinib	tier1
K1:4RII332O0R	iodamide	tier1
K1:4T36H88UA7	apalutamide	tier1
K1:4T6H12BN9U	petrolatum	tier1
K1:4TI98Z838E	estradiol	tier1
K1:4VBP01X99F	cascara-sagrada	tier2
K1:4VQ3JK6ZJJ	collagen	tier1
K1:4X49Y0596W	octisalate	tier2
K1:4YM1W0EGQ5	lutetium-lu-177-vipivotide-tetraxetan	tier1
K1:4Z8R6ORS6L	thalidomide	tier1
K1:502FWN4Q32	aliskiren	tier1
K1:50D9XSG0VR	mechlorethamine	tier2
K1:50FKX8CB2Y	patisiran	tier2
K1:50L35LKK9W	gentianella-quinquefolia	tier2
K1:5138Q19F1X	ammonia	tier1
K1:51BRR32WPP	helianthemum-nummularium-flower	tier2
K1:528XYJ8L1N	etoposide-phosphate	tier2
K1:52936SIP7V	phenyl-aminosalicylate	tier1
K1:52B1340190	aspidosperma-quebracho-blanco-bark	tier2
K1:52CMI0WC3Y	atezolizumab	tier1
K1:532B59J990	polyvinyl-alcohol	tier2
K1:535G2ABX9M	fucus-vesiculosus	tier2
K1:53AXN4NNHX	semaglutide	tier1
K1:53GH7MZT1R	mercuric-chloride	tier2
K1:53IEF47846	acadesine	tier1
K1:53QOG569E0	orciprenaline	tier1
K1:53Y84VPS2W	prunus-spinosa-flower-bud	tier2
K1:5438723848	vecuronium	tier2
K1:54534MX6Z9	teclistamab	tier2
K1:54Q18076QB	insulin-degludec	tier1
K1:554Z48XN5E	methimazole	tier1
K1:556Q0P6PB1	technetium-tc-99m-sulfur-colloid	tier2
K1:557S3L3FAP	pemivibart	tier2
K1:55H0W83JO5	formica-rufa	tier2
K1:563KS2PQY5	lacosamide	tier2
K1:56588OP40D	interferon-alfacon-1	tier2
K1:5688UTC01R	tretinoin	tier1
K1:578389D6D0	clove-oil	tier2
K1:578H0RMP25	dirlotapide	tier2
K1:57GNO57U7G	finasteride	tier1
K1:57WA9QZ5WH	nimodipine	tier1
K1:57Y76R9ATQ	naproxen	tier1
K1:5811MI029U	agrimonia-eupatoria-flower	tier2
K1:58SBH37T77	paroxetine	tier1
K1:5965120SH1	minoxidil	tier2
K1:59677RXH25	equisetum-hyemale	tier2
K1:5B2546MB5Z	elagolix	tier1
K1:5B307S63B2	beclomethasone-dipropionate	tier2
K1:5BF646324K	vinflunine	tier2
K1:5E7U48495E	albiglutide	tier1
K1:5G06TVY3R7	rutin	tier1
K1:5GMR90S4KN	methylprednisolone-hemisuccinate	tier1
K1:5GRO578KLP	flurbiprofen	tier1
K1:5HDI847257	epinastine	tier2
K1:5IB2J79MCX	spesolimab	tier1
K1:5IE62321P4	gramicidin	tier2
K1:5J9CPU3RE0	furazolidone	tier2
K1:5JGL4G25R7	oxypertine	tier2
K1:5K1UO2888Y	baptisia-tinctoria	tier2
K1:5O6VWA87VA	prothipendyl	tier2
K1:5OCF3O11KX	cocamidopropyl-betaine	tier2
K1:5P4DHS6ENR	benzonatate	tier2
K1:5P60F84FBH	givinostat	tier2
K1:5PE9FDE8GB	clonazepam	tier1
K1:5PX2ESK7OE	esmolol	tier1
K1:5Q01F7TPJJ	populus-tremula-flowering-top	tier2
K1:5Q6TZN2HNM	ecallantide	tier1
K1:5Q768OY0GI	streptococcus-pneumoniae-type-9v-capsular-polysaccharide-diphtheria-crm197-protein-conjugate	tier1
K1:5Q7ZVV76EI	warfarin	tier1
K1:5QZO15J2Z8	famotidine	tier2
K1:5R6HPB294Y	holarrhena-pubescens-bark	tier2
K1:5R97F5H93P	estradiol-acetate	tier1
K1:5RNZ8GJO7K	dapiprazole	tier1
K1:5S29HWU6QB	cinnamon	tier1
K1:5S6W795CQM	naltrexone	tier1
K1:5TAA004E22	sargramostim	tier2
K1:5UAU16Z1U4	scabies-lesion-lysate	tier2
K1:5UX2SD1KE2	cysteamine	tier1
K1:5W7SIA7YZW	levonorgestrel	tier1
K1:5W8JGG2651	idursulfase	tier2
K1:5Y5F15120W	protirelin	tier1
K1:5YDT22B64Y	succinic-acid	tier2
K1:5YL4IQ1078	osilodrostat	tier1
K1:5Z7OO9FNFD	difloxacin	tier2
K1:60ME133FJB	etelcalcetide	tier1
K1:60UAB198HK	abemaciclib	tier1
K1:614OI1Z5WI	valproic-acid	tier1
K1:6158TKW0C5	phenytoin	tier2
K1:62UXS86T64	salinomycin	tier2
K1:6334XMP4KC	human-rotavirus-a-type-g4p7-strain-brb-live-antigen	tier2
K1:637E494O0Z	lorcaserin	tier1
K1:639KR60Q1Q	gelsemium-sempervirens-root	tier1
K1:63CZ7GJN5I	allopurinol	tier1
K1:63POE2M46Y	elm	tier2
K1:644CZ16IR5	solidago-canadensis-pollen	tier2
K1:653552FH1N	pipamazine	tier1
K1:659G217HPG	brown-rice	tier1
K1:660YQ98I10	chloride	tier1
K1:668Z8C33LU	repaglinide	tier1
K1:66H7ZZK23N	ozone	tier1
K1:66PZQ62YA6	branched-chain-amino-acids	tier1
K1:6716Z5YR3G	polidronium-chloride	tier2
K1:6783M2LV5X	pexidartinib	tier2
K1:67P356D8GH	acebutolol-2	tier2
K1:67VB76HONO	dexmedetomidine	tier2
K1:68603V9EAF#mtci	concizumab-mtci	tier2
K1:6867Q6IKOD	florbetapir	tier2
K1:68717P8FUZ	hydrocortisone-valerate	tier2
K1:6897GXD6OE	ferric-carboxymaltose	tier2
K1:68IQX3T69U	propafenone	tier2
K1:68QN45K12N	krypton-kr-81m-2	tier1
K1:690G0D6V8H	ketamine-2	tier2
K1:69441FUI2H	ficus-religiosa	tier2
K1:696R5N4NRM	2-aminomethyl-phenol	tier1
K1:699121PHCA	docetaxel-anhydrous	tier2
K1:6995V82D0B	eplerenone	tier1
K1:69PN84IO1A	enalapril	tier1
K1:6A9O50735X	artenimol	tier2
K1:6AQ1Y404U7	cangrelor	tier2
K1:6B4ZBS263Y	sotagliflozin	tier1
K1:6DH1W9VH8Q	acetylcarnitine	tier1
K1:6E0A168OB8	desoxycorticosterone-acetate	tier1
K1:6GC8A4PAYH	icosapent-ethyl	tier1
K1:6GRV67N0U2	diamond	tier2
K1:6HNB6FRT7X	sanguinarine	tier2
K1:6I19M5GB0G	policresulen	tier2
K1:6I819NIK1W	tropisetron	tier2
K1:6J5J15Q2X8	ulipristal	tier1
K1:6JKA7MAH9C	guaiacol	tier2
K1:6K28E35M3B	tixocortol-pivalate	tier2
K1:6KD9E78X68	dexketoprofen	tier2
K1:6KY687524K	glimepiride	tier1
K1:6L8OF9XRDC	fosaprepitant	tier2
K1:6M3C89ZY6R	nicotine	tier1
K1:6MCE3VTF0O	tribromsalan	tier1
K1:6QVL057INT	cemiplimab	tier1
K1:6RV024OAUQ	thyroid	tier1
K1:6S49DGR869	canagliflozin	tier1
K1:6UKA5VEJ6X	ziprasidone-2	tier2
K1:6UYK2W1W1E	olive-oil	tier1
K1:6V5034L121	chlorotrianisene	tier1
K1:6VNO72PFC1	avocado-oil	tier2
K1:6X9OC3H4II	loperamide	tier1
K1:6Y8XYV2NOF	propolis	tier1
K1:6YR2608RSU	tobacco-leaf	tier2
K1:6YSS42VSEV	fructose	tier1
K1:6ZA31Y954Z	brodalumab	tier1
K1:70BSQ12069	lumateperone	tier2
K1:70HZ18PH24	zoledronic-acid	tier1
K1:70JE2N95KR	tigecycline	tier2
K1:71492GE1FX	benralizumab	tier1
K1:714I8DV77O	bos-taurus-mammary-gland	tier2
K1:71M78END5S	omega-3-fatty-acids	tier1
K1:724L30Y2QR	ursodiol	tier1
K1:72VUP07IT5	alpha-arbutin	tier1
K1:7355X3ROTS	dextromethorphan	tier1
K1:7389YR3OOV	samarium-sm-153-lexidronam-pentasodium-2	tier2
K1:73K4184T59	digoxin	tier2
K1:73Y7P0K73Y	alpha-lipoic-acid	tier1
K1:742SXX0ICT	tadalafil	tier1
K1:74O62BB01U	lixisenatide	tier1
K1:74T7185BMM#cdon	inebilizumab-cdon	tier2
K1:74X82ST8Q1#dlle	tarlatamab-dlle	tier2
K1:75IZZ8Y727	camphor-oil	tier1
K1:75OCL1SPBQ	gabapentin-enacarbil	tier1
K1:7662KG2R6K	lubiprostone	tier2
K1:768M1V522C	cidofovir	tier2
K1:76LA80IG2G	glucagon	tier1
K1:76W6J0943E	flutamide	tier1
K1:77W477J15H	chlorothiazide	tier1
K1:78E4J5IB5J	mitotane	tier1
K1:78O20X9J0U	canrenone	tier1
K1:78YC2MAX4O	gamma-linolenic-acid	tier2
K1:7C00L34NB9	seladelpar-lysine	tier2
K1:7C782967RD	ampicillin	tier2
K1:7CVR7L4A2D	maltodextrin	tier1
K1:7D0YB67S97	abatacept	tier1
K1:7GB7U7M282	beta-alanine	tier1
K1:7GR28W0FJI	dacarbazine	tier2
K1:7GR9I2683O	mecasermin	tier1
K1:7H6TM3CT4L	oxandrolone	tier1
K1:7HU6337315	kelp	tier1
K1:7I64C51O16	ziconotide	tier1
K1:7IGF0S7R8I	calcium-phytate	tier2
K1:7J8897W37S	dronabinol	tier1
K1:7JX9WZ3SJ5	colchicine	tier1
K1:7K383OQI23	zolpidem	tier1
K1:7K5O7P6QIU#lpyl	loncastuximab-tesirine-lpyl	tier2
K1:7KV510R6H6	nerium-oleander-leaf	tier2
K1:7LA4O6Q0D3	quizartinib	tier2
K1:7LKK855W8I	letrozole	tier1
K1:7MNE9M8287	sulpiride	tier2
K1:7NFE54O27T	toremifene-2	tier2
K1:7OV03QG267	nickel	tier2
K1:7P6FQA5D21	ceftaroline-fosamil	tier2
K1:7PCM518YLR	efmoroctocog-alfa	tier2
K1:7PG89G35Q7	icatibant	tier1
K1:7PV0B6ED98	technetium-tc-99m-mebrofenin-kit	tier2
K1:7Q3P4BS2FD	lisinopril	tier1
K1:7QWA1RIO01	alpha-tocopherol	tier2
K1:7RN5DR86CK	pazopanib	tier2
K1:7S5I7G3JQL	dexamethasone	tier1
K1:7S82P3R43Z	apis-mellifera	tier2
K1:7SCP4N87CI	clematis-vitalba-flower	tier2
K1:7SQY4ZUD30	dinutuximab	tier1
K1:7U1EE4V452	iron-pentacarbonyl	tier2
K1:7U370BPS14	dichlorvos	tier2
K1:7U75I1278D	cefoperazone	tier1
K1:7UJQ5OPE7D	bicarbonate	tier1
K1:7V6HE3DM5A	ocriplasmin	tier2
K1:7VYX4ELWQM	perfluorohexyloctane	tier2
K1:7W6DL7H397	chromium-acetate	tier1
K1:7WY7YBI87E	sodium-phenylbutyrate	tier1
K1:7Z6522T8N9	testosterone-enanthate	tier1
K1:8021PR16QO	l-theanine	tier1
K1:80EHD8I43D	aluminum-acetate	tier1
K1:80M03YXJ7I	valsartan	tier1
K1:811W19E3OL	flotufolastat-f-18-gallium	tier2
K1:820484N8I3	histamine	tier2
K1:8237F3U7EH	rucaparib	tier1
K1:82KUB0583F	lomitapide	tier1
K1:82S8X8XX8H	ruxolitinib	tier1
K1:82VFR53I78	aripiprazole	tier2
K1:831AQW699W	bifidobacterium-longum	tier1
K1:83619PEU5T	pramipexole	tier1
K1:839I73S42A	liraglutide	tier1
K1:83F04L6KZ4	alnus-glutinosa-leaf	tier2
K1:83HN0GTJ6D	cyclosporine	tier1
K1:83J78V5W05	nomegestrol-acetate	tier2
K1:8406EY2OQA	cobalamin-2	tier2
K1:85H0HZU99M	povidone-iodine	tier2
K1:864G646I84	lithium-bromide	tier2
K1:877K0XW47A	betamethasone-benzoate	tier2
K1:87GWG91S09	elamipretide	tier1
K1:87LA6FU830	tofacitinib	tier1
K1:87T4T8BO2E	rotigotine	tier1
K1:884KT10YB7	ranitidine	tier1
K1:88TWF8015Y	carbetocin	tier2
K1:890E37NHMV	erdafitinib	tier2
K1:89BT58KELH	boceprevir	tier2
K1:89IEJ09R73	giardia-lamblia	tier2
K1:89NA02M4RX	pectin	tier1
K1:89T13OHQ2B	agar	tier2
K1:89Y4M234ES	bacitracin-zinc	tier2
K1:8C3Z4148WZ	sodium-alginate	tier2
K1:8CF93KW41W	bacillus-subtilis	tier2
K1:8DUH1N11BX	tryptophan	tier1
K1:8E05T07Z6W	iptacopan	tier2
K1:8ETK1WAF6R	thiethylperazine	tier1
K1:8FB1K07F16	prothrombin	tier2
K1:8FG9H9D31J	tafamidis-2	tier2
K1:8G388563M7	telotristat-ethyl	tier1
K1:8GTS82S83M	diphenhydramine	tier1
K1:8GZG754X6M	gemtuzumab-ozogamicin	tier1
K1:8HR4QJ6DW8	mometasone-2	tier2
K1:8I7IO46IVQ	saxagliptin	tier1
K1:8ID597Z82X	calcium-alpha-ketoglutarate	tier1
K1:8JXN261VVA	toripalimab	tier1
K1:8K80YB5GMG	rilonacept	tier1
K1:8KK8CQ2K8G	niclosamide	tier1
K1:8KQ660G60G	carbimazole	tier2
K1:8L22ANN83S	astaxanthin	tier1
K1:8L5014XET7	terazosin	tier2
K1:8LGU7VM393	rosemary-oil	tier2
K1:8M1YF8951V	ceforanide	tier1
K1:8M4L3H2ZVZ	sodium-nitrate-2	tier1
K1:8MDF5V39QO	sodium-bicarbonate	tier1
K1:8MYC33932O	lipase	tier2
K1:8N6VTJ9IWV	iris-x-germanica-root	tier2
K1:8PI54V663Y	oatmeal	tier1
K1:8QS6WCL55Z	homatropine	tier2
K1:8SKN0B0MIM	benzoic-acid	tier2
K1:8SSC91326P	donepezil	tier1
K1:8UHN1I06UP	hura-crepitans-sap	tier2
K1:8VZV102JFY	fluconazole	tier2
K1:8W1IQP3U10	olmesartan	tier1
K1:8XPW32PR7I	astaxanthin-2	tier1
K1:8YE5ABM3A9	berotralstat	tier2
K1:9013DUQ28K	anakinra	tier1
K1:901AS54I69	ramelteon	tier1
K1:905Z5W3GKH	thiotepa	tier2
K1:9060PRM18Q	cats-claw	tier2
K1:90ENL74SIG	safinamide	tier2
K1:90I02KLE8K	dydrogesterone	tier1
K1:90IQR2I6TR	sugemalimab	tier2
K1:90Y4QC304K	ketoprofen	tier1
K1:90Z2UF0E52	mepolizumab	tier1
K1:90ZX3Q3FR7	risankizumab	tier1
K1:9100L32L2N	metformin	tier1
K1:9169LW451G	bos-taurus-uterus	tier2
K1:917J3173FT	milk	tier1
K1:91MBZ8H3QO	sodium-borate	tier2
K1:91W6Z2N718	cefotiam	tier1
K1:91X1KLU43E	golimumab	tier1
K1:9242ECW6R0	mycophenolate-mofetil	tier2
K1:934T64RMNJ	metamizole	tier1
K1:935E97BOY8	vitamin-b9	tier1
K1:938DNF64FO	programmed-cell-death-protein-1	tier2
K1:939U7C91AI	solriamfetol	tier1
K1:93T0T9GKNU	enzalutamide	tier1
K1:941N5DUU5C	sevelamer	tier1
K1:94255I6E2T	sodium-phosphate-dibasic-dihydrate	tier2
K1:947UNF3Z6O	cadmium-sulfate	tier2
K1:94F3830Q73	doxapram	tier2
K1:94H892992X	sarcolysine-d	tier2
K1:94ZLA3W45F	l-arginine	tier1
K1:95D580798S	sodium-picosulfate	tier2
K1:95M8R751W8	orlistat	tier1
K1:9601IVB87J	lacticaseibacillus-rhamnosus	tier2
K1:96265TNH2R	gedatolisib	tier1
K1:9679TC07X4	iodine	tier1
K1:968JKA7T33	lysozyme	tier2
K1:96K6UQ3ZD4	sucralose	tier1
K1:982XCM1FOI	tolbutamide	tier1
K1:9842X06Q6M	betamethasone	tier1
K1:98689CD777	taxus-baccata-fruit	tier2
K1:98881NCP5R	cryptenamine-tannates	tier1
K1:98DE7VN88D	mirvetuximab-soravtansine	tier2
K1:98H1T17066	pasireotide-diaspartate	tier1
K1:98PI200987	lidocaine	tier1
K1:9913I24QEE	lactobacillus-reuteri	tier1
K1:9927MT646M	basiliximab	tier1
K1:9A1222NBG4	almitrine	tier1
K1:9AG41L3AOQ	gallium-ga-68-gozetotide	tier2
K1:9B1J4V995Q	carvacrol	tier2
K1:9BK3JK3ETK	tapentadol	tier1
K1:9C60Y73166	psyllium	tier1
K1:9CXQ3PF69U	imlunestrant	tier1
K1:9DLQ4CIU6V	proline-2	tier2
K1:9G64RSX1XD	captopril	tier1
K1:9HW64Q8G6G	everolimus	tier1
K1:9IKM0I5T1E	quercetin	tier1
K1:9IT35J3UV3	antimony	tier2
K1:9KJL21T0QJ	linoleic-acid-2	tier2
K1:9L0Q8KK220	delgocitinib	tier1
K1:9LHU78OQFD	lovastatin	tier1
K1:9LSH52S3LQ	dichloroacetic-acid	tier1
K1:9LT1BRO48Q	tolazamide	tier1
K1:9MG78X43ZT	indinavir	tier2
K1:9N1RM2S62C	rumex-crispus-root	tier2
K1:9NDF7JZ4M3	rivaroxaban	tier1
K1:9P1872D4OL	exenatide	tier1
K1:9P2U39H18W	bilberry	tier1
K1:9PHQ9Y1OLM	prednisolone	tier1
K1:9QAU17N705	chromium	tier1
K1:9R3D3Y0UHS#lvlr	elapegademase-lvlr	tier2
K1:9R858U917W	cynanchum-vincetoxicum-root	tier2
K1:9RV78Q2002	vedolizumab	tier1
K1:9S44LIC7OJ	norethindrone-acetate	tier2
K1:9SC4O216V9	interleukin-10	tier1
K1:9U35A31JAI	dordaviprone	tier2
K1:9U6A490501	vitamin-e	tier1
K1:9U7D5QH5AE	lactulose	tier2
K1:9W945B5H7R	skatole	tier2
K1:9WS5RD66HZ	simeprevir	tier1
K1:9X8XFD5ZQX	castor-fiber-scent-gland-secretion	tier2
K1:9Y8NXQ24VQ	propranolol	tier1
K1:9Y9727LS4D	turoctocog-alfa-pegol	tier2
K1:9YCX42I8IU	sevelamer-carbonate	tier2
K1:9ZOQ3TZI87	sorafenib	tier1
K1:A034SE7857	vitamin-k	tier1
K1:A0426J905J	secretin-human	tier2
K1:A051Q2099Q	mirtazapine	tier2
K1:A0JWA85V8F	atorvastatin	tier1
K1:A0TKE4ZO0S	cinnamomum-camphora-leaf	tier2
K1:A0Z3NAU9DP	bicalutamide	tier1
K1:A10SJL62JY	ocrelizumab	tier1
K1:A195V20H7A	white-rice	tier1
K1:A20F9XAI7W	acrivastine	tier2
K1:A3ULP0F556#aagh	eculizumab-aagh	tier2
K1:A4028U842W	fibrinolysin	tier2
K1:A4VZ22K1WT	coumarin	tier1
K1:A57KX1VL5P	albutrepenonacog-alfa	tier2
K1:A61RXM4375	bexarotene	tier1
K1:A6IEZ5M406	ranolazine	tier1
K1:A74586SNO7	clopidogrel	tier2
K1:A7V27PHC7A	quinine-sulphate	tier1
K1:A8910SQJ1U	solifenacin-2	tier2
K1:A9A0O6FB4H	lenacapavir	tier2
K1:AAN7QOV9EA	icosapent	tier1
K1:AC20PJ4101	haloperidol-decanoate	tier2
K1:AC71R787OV	eptacog-alfa	tier2
K1:ADN3S497AZ	miglustat	tier2
K1:AE28F7PNPL	methionine	tier2
K1:AG9MHG098Z	zanubrutinib	tier1
K1:AGG2FN16EV	simvastatin	tier1
K1:AHW6F0T2X0	trillium-erectum-root	tier2
K1:AIW6036FAS	eteplirsen	tier2
K1:AMF7KOE318	technetium-99mtc-fanolesomab	tier1
K1:AQ316B4F8C	blonanserin	tier2
K1:AQN7K24KQU	beremagene-geperpavec	tier2
K1:ASW034S0B8	atomoxetine	tier1
K1:AVK0I6HY2U	abaloparatide	tier1
K1:B07L15YAEV	arbutamine	tier1
K1:B0P231ILBK	toremifene	tier1
K1:B22547B95K	sodium-citrate	tier2
K1:B4R1EZ1R1D	buckthorn	tier2
K1:B575563DM5	sinusitisinum	tier2
K1:B697894SGQ	polyethylene-glycol-400	tier2
K1:B6E7K36KT8#bkbj	cenegermin-bkbj	tier2
K1:B72HH48FLU	infliximab	tier1
K1:B72HH48FLU#abda	infliximab-abda	tier2
K1:B72HH48FLU#qbtx	infliximab-qbtx	tier2
K1:B8WCK70T7I	trehalose	tier1
K1:B970MQT365	streptococcus-pneumoniae-type-19a-capsular-polysaccharide-diphtheria-crm197-protein-conjugat	tier1
K1:BBX060AN9V	hydrogen-peroxide	tier1
K1:BEA68ZVB2K	eslicarbazepine-acetate	tier1
K1:BG3F62OND5	carboplatin-2	tier2
K1:BGF9MN2HU1	fenofibric-acid	tier1
K1:BHV525JOBH	doripenem	tier2
K1:BI896CKT6B	potentilla-erecta-root	tier2
K1:BIA2SO6F5B	goats-rue	tier2
K1:BK9092J5MP	viscum-album-fruiting-top	tier2
K1:BL03SY4LXB	nortriptyline	tier1
K1:BN2DNW66IQ	aedes-taeniorhynchus	tier2
K1:BOW48C81XP	piper-methysticum-root	tier2
K1:BQM438CTEL	epigallocatechin-gallate	tier1
K1:BQN1B9B9HA	potassium-carbonate	tier1
K1:BRL1C2459K	amlexanox	tier1
K1:BTY153760O	ixekizumab	tier1
K1:C045TQL4WP	phentermine	tier1
K1:C151H8M554	sodium-ferric-gluconate-complex	tier2
K1:C1LJO185Q9	oxitriptan	tier2
K1:C2QI4IOI2G	medroxyprogesterone	tier1
K1:C3VX249T6L	ravulizumab	tier2
K1:C43C467DPE	ceftizoxime	tier2
K1:C5529G5JPQ	ginger	tier1
K1:C5QA4GLR9M	fluspirilene	tier2
K1:C5W04GO61S	tiopronin	tier2
K1:C6CNB75R61	scutellaria-lateriflora-top	tier2
K1:C6V6S92N3C	zirconium	tier2
K1:C780YUS9YI	eflornithine	tier2
K1:C9642I91WL	eyebright	tier2
K1:CC9149U2QX	sodium-ferric-gluconate-complex-2	tier2
K1:CD35PMG570	oxycodone	tier1
K1:CG6IX3GCMU	alpine-strawberry	tier2
K1:CGS5KI3Q2M	streptococcus-pneumoniae-type-4-capsular-polysaccharide-antigen	tier1
K1:CI0FAO63WC	cefdinir	tier2
K1:CIF6334OLY	tolcapone	tier1
K1:CL2T97X0V0	carbon-tetrachloride	tier2
K1:CLV24I3T1D	punica-granatum-root-bark	tier2
K1:CMJ753697I	verbena-hastata-top	tier2
K1:CRS35BZ94Q	desflurane	tier1
K1:CUQ3A77YXI	ginseng	tier1
K1:CX3T89XQBK	romidepsin	tier2
K1:CZ5312222S	nicardipine	tier2
K1:CZD6M4PY4B	ornithogalum-umbellatum-flowering-top	tier2
K1:D2UX06XLB5	pomalidomide	tier1
K1:D2YCN1I522	shark-cartilage	tier2
K1:D51WO0G0L4	clorazepate	tier2
K1:D5340Y2I9G	castor-oil	tier2
K1:D60E3WIF5Y	fibrinolysin-human	tier2
K1:D6G49OV9IM	northern-quahog	tier2
K1:D733ET3F9O	crisantaspase	tier2
K1:D83282DT06	flucytosine	tier2
K1:D8TST4O562	pantoprazole	tier2
K1:D9108TZ9KG	cocoa	tier1
K1:D933668QVX	insulin-aspart	tier1
K1:D959AE5USF	clofazimine	tier1
K1:DB1041CXDG	belantamab-mafodotin	tier1
K1:DBD2HM3I4V	dorocubicel	tier2
K1:DE2O63YV8R	finerenone	tier1
K1:DEW6X41BEK	tildrakizumab	tier1
K1:DH2M523P0H	genistein	tier1
K1:DJO934BRBD	alfalfa	tier2
K1:DL82PE6ANE	streptococcus-pneumoniae-type-9v-capsular-polysaccharide-antigen	tier1
K1:DLE8519RWM	enfortumab-vedotin	tier2
K1:DLG4EML025	secukinumab	tier1
K1:DPB8FH5AXT	benazepril	tier1
K1:DPT0O3T46P	pembrolizumab	tier1
K1:DQ448MW7KS	palivizumab	tier2
K1:DQA630RIE9	reteplase	tier2
K1:DRB57K47QC	celiprolol	tier2
K1:DU69T8ZZPA	rifamycin	tier1
K1:DUP6W562BM	sus-scrofa-oral-mucosa	tier1
K1:E026V904RL	laninamivir-octanoate	tier2
K1:E1UOL152H7	iron-powder	tier1
K1:E211KPY694	botulinum-toxin-type-a	tier1
K1:E211KPY694#lanm	daxibotulinumtoxina-lanm	tier1
K1:E2O4O7TQYK	asarum-canadense-root	tier1
K1:E3B2GI648A	belatacept	tier1
K1:E3VE9L071S	econazole	tier2
K1:E6839Q6DO1	viscum-album-whole	tier2
K1:E6GNX3HHTE	brimonidine	tier2
K1:E6S1NJ4Y5Q	cellulose-sodium-phosphate	tier1
K1:E750O06Y6O	hesperidin	tier1
K1:E849G4X5YJ	saffron	tier2
K1:E90NZP2L9U	digitoxin	tier2
K1:E934B3V59H	calcium-sulfate-anhydrous	tier2
K1:E9NGC49E0T	indium	tier2
K1:EAO03PE1TC	sodium-nitroprusside-2	tier1
K1:EE083865G2	lenvatinib	tier1
K1:EF0NX91490	pentagastrin	tier2
K1:EF626V855K	malus-domestica-flower	tier2
K1:EFY6W0M8TG	leuprolide	tier1
K1:EGP8L81APK	lumacaftor	tier2
K1:EL55307L15	ancrod	tier2
K1:EM5OCB9YJ6	abiraterone	tier1
K1:EM5RP35463	radish	tier2
K1:ENR1LLB0FP	desmopressin	tier1
K1:EOR26LQQ24	ezetimibe	tier1
K1:EPP8G99QG4	atidarsagene-autotemcel	tier2
K1:EW5GL2X7E0	favipiravir	tier2
K1:F0R1QK73KB	cobamamide	tier2
K1:F446C597KA	triamcinolone-acetonide	tier1
K1:F4YU4LON7I	tenofovir-disoproxil	tier2
K1:F5SXN2KNMR	pixantrone	tier2
K1:F60NE4XB53	imetelstat	tier1
K1:F7LTH1E20Y	arginine-hydrochloride	tier1
K1:F8VB5M810T	tetracycline	tier2
K1:F93UJX4SWT	ticarcillin	tier2
K1:F9NUX55P23	azilsartan	tier1
K1:FA0UYH6QUO	flupentixol-z	tier2
K1:FB33469R8E	estriol	tier1
K1:FC604DJ98E	ligustrum-vulgare-whole	tier2
K1:FEN504330V	nadolol	tier2
K1:FF28EJQ494	promethazine	tier1
K1:FF9X0205V2	tibolone	tier2
K1:FJL3XFK3N8	erodium-cicutarium	tier2
K1:FM6A2627A8	elacestrant	tier1
K1:FMU62K1L3C	fluphenazine-decanoate	tier2
K1:FO2303MNI2	dimethyl	tier1
K1:FO2ACM0RMQ	vaccinium-vitis-idaea-leaf	tier2
K1:FU21S769PF	temoporfin	tier2
K1:FU77B4U5Z0	ustekinumab	tier1
K1:FU77B4U5Z0#aauz	ustekinumab-aauz	tier2
K1:FXS1BY2PGL	mercury	tier2
K1:FYS6T7F842	adalimumab	tier1
K1:FYS6T7F842#aacf	adalimumab-aacf	tier2
K1:FYS6T7F842#ryvk	adalimumab-ryvk	tier2
K1:FYY3R43WGO	minocycline	tier1
K1:G162GK9U4W	leflunomide	tier1
K1:G22N65IL3O	pacritinib	tier1
K1:G2AE2VE07O	revefenacin	tier2
K1:G2M7P15E5P	polyethylene-glycol-3350	tier2
K1:G2SH0XKK91	vitamin-a	tier1
K1:G4AG71204O	bendazac	tier1
K1:G4FQ3CKY5R#rywn	asparaginase-erwinia-chrysanthemi-rywn	tier2
K1:G538EBV4VF	sodium-chlorite	tier2
K1:G5MUV8139H	zipeprol	tier1
K1:G69Z98951Q	omaveloxolone	tier1
K1:G8RGG88B68	peginterferon-alfa-2b	tier2
K1:G9ZF61LE7G	palbociclib	tier1
K1:GAN16C9B8O	glutathione	tier1
K1:GCU97FKN3R	valganciclovir	tier2
K1:GE2T1418SV	umeclidinium	tier2
K1:GEB06NHM23	metoprolol	tier1
K1:GFX7QIS1II	insulin-lispro	tier1
K1:GFX7QIS1II#aabc	insulin-lispro-aabc	tier1
K1:GG1LBM463S	rapacuronium	tier1
K1:GHJ5XX5SGS	virola-sebifera-resin	tier2
K1:GK1LYB375A	tralokinumab	tier1
K1:GLH0314RVC	ticagrelor	tier2
K1:GMW67QNF9C	leucine-2	tier1
K1:GNN1DV99GX	penicillamine	tier1
K1:GNWE7KJ995	sutimlimab	tier2
K1:GO1N1ZPR3B	acetaldehyde	tier2
K1:GPV39ZGD8C	varicella-zoster-virus-strain-oka-merck-live-antigen-2	tier2
K1:GR120KRT6K	vigabatrin	tier2
K1:GRZ5RCB1QG	venlafaxine	tier2
K1:GU56C842ZA	lormetazepam	tier2
K1:GVV4Z879SP	sertindole	tier1
K1:GXZ33VNT92	gentiana-scabra-root	tier2
K1:GZK92PJM7B	zinc-valerate	tier2
K1:H0G9379FGK	calcium-carbonate	tier1
K1:H1250JIK0A	clarithromycin	tier2
K1:H16A5VCT9C	testosterone-undecanoate	tier1
K1:H20847G0I0	methiodal	tier1
K1:H2T307KMZR	amprolium-ion	tier2
K1:H2ZEY72PME	zinc-acetate-anhydrous	tier2
K1:H3LE856W64	urea	tier2
K1:H6241UJ22B	selenium	tier1
K1:H645GUL8KJ	lisdexamfetamine	tier1
K1:H68BP06S81	levocabastine	tier2
K1:H82Q2D5WA7	frovatriptan-2	tier2
K1:H84E4Y7HC9	halofuginone	tier1
K1:H9NOI61UH1	streptococcus-pneumoniae-type-1-capsular-polysaccharide-antigen	tier1
K1:H9Y79VD43J	strychnine	tier2
K1:HC95205SY4	tienilic-acid	tier1
K1:HDC1R2M35U	empagliflozin	tier1
K1:HG18B9YRS7	valine-2	tier1
K1:HJ30158L57	colchiceine	tier1
K1:HO3OGH5D7I	nelfinavir	tier2
K1:HO7QAP3XEF	sotalol	tier2
K1:HU9DX48N0T	mycophenolic-acid	tier1
K1:HUM6H389W0	azlocillin	tier1
K1:HW8W27HTXX	iodixanol	tier2
K1:HX1032V43M	sodium-thiosulfate	tier1
K1:I031V2H011	tocilizumab	tier1
K1:I0BGE6P6I6	regdanvimab	tier1
K1:I0VM4M70GC	dabigatran	tier1
K1:I35E9QU96C	scarlet-red	tier2
K1:I42748ELQW	acalabrutinib	tier1
K1:I43D0296P8	nebivolol	tier1
K1:I5I8VB78VT	erenumab	tier2
K1:I5M8YK41GK	myristalkonium-ion	tier2
K1:I5Y540LHVR	cocaine	tier1
K1:I60W9520VV	vadadustat	tier2
K1:I6393O0922	latanoprostene-bunod	tier2
K1:I66ZZ0ZN0E	troglitazone	tier1
K1:I6B4B2U96P	vildagliptin	tier2
K1:I8309403R0	peginterferon-beta-1a	tier2
K1:I8RA3543SY	onatasertib	tier1
K1:I9O0E3H2ZE	paraffin	tier1
K1:I9ZF7L6G2L	nifedipine	tier1
K1:IFJ010MNE4	hepatitis-b-virus-hbsag-surface-protein-antigen	tier2
K1:IGL471WQ8P	cantharidin	tier1
K1:IN5W64L102	glutethimide	tier1
K1:ISP4442I3Y	baricitinib	tier1
K1:ISQ9I6J12J	linezolid	tier2
K1:IT942ZTH98	curcumin	tier1
K1:ITX08688JL	quinidine	tier2
K1:IU5QR144QX	estrogens-conjugated	tier1
K1:IWW5FV6NK2	hexachlorophene	tier1
K1:IY9XDZ35W2	anhydrous-dextrose	tier1
K1:J06Y7MXW4D	deferoxamine	tier1
K1:J0E2756Z7N	irbesartan	tier1
K1:J0F5GM8LA8	jatropha-curcas-seed	tier2
K1:J2KLZ20U1M	azithromycin	tier2
K1:J2Y905FQ57	thioctic-acid	tier1
K1:J3O020I532	ulmus-procera-flowering-twig	tier2
K1:J3TO6BUQ37	cajuput-oil	tier2
K1:J3TZF807X5	malic-acid	tier2
K1:J411UTU0HN	viburnum-prunifolium-bark	tier2
K1:J41CSQ7QDS	zinc	tier1
K1:J65BV539M3	deuterium-oxide	tier1
K1:J712EO9048	triclofos	tier1
K1:J7I2T6IV1N	spearmint	tier2
K1:JAC85A2161	adenine	tier2
K1:JCX84Q7J1L	celecoxib	tier1
K1:JFU09I87TR	voriconazole	tier1
K1:JHC049LO86	alogliptin	tier1
K1:JK8U8K4D6K	betaine-nitrate	tier1
K1:JL5DK93RCL	melatonin	tier1
K1:JM8C1SFX0U	danicopan	tier2
K1:JMS50MPO89	losartan	tier1
K1:JOS53KRJ01	inulin	tier1
K1:JR0N7XD5GZ	quinestrol	tier1
K1:JTJ6HH6YEH	caulophyllum-thalictroides-root	tier2
K1:JU4MC5ZQ7G	moxifloxacin	tier2
K1:JUP57A8EPZ	camizestrant	tier2
K1:JUT23379TN	inamrinone	tier2
K1:JVR38ZM64B	daprodustat	tier1
K1:JZ963P0DIK	pimavanserin	tier1
K1:K08036XEJV	horehound	tier2
K1:K0N0Z40J3W	diroximel	tier1
K1:K0U68Q2TXA	repository-corticotropin	tier1
K1:K110K1B1VE	diclazuril	tier2
K1:K16AIQ8CTM#dpzb	pertuzumab-dpzb	tier2
K1:K20Y81ACO3	ambrosia-artemisiifolia-pollen	tier2
K1:K2J09EMJ52	phenazopyridine	tier1
K1:K3D9A0ICQ3	atacicept	tier1
K1:K3Z4F929H6	lysine	tier2
K1:K50XQU1029	nitrous-oxide	tier1
K1:K54ZMM929K	abamectin-b1a	tier2
K1:K7O76887AP	nonoxinol	tier2
K1:K7Q1JQR04M	dinoprostone	tier2
K1:K848JZ4886	l-cysteine	tier2
K1:K9X45X0051	anagrelide	tier2
K1:KCU0C7RS7Z	velpatasvir	tier2
K1:KE3U2023NP	poractant-alfa	tier2
K1:KGZ1SLC28Z	beclometasone	tier2
K1:KR5YZ6AE4B	deflazacort	tier1
K1:KXG2PJ551I	avelumab	tier1
K1:KXI2J76489	iodoform	tier2
K1:KXO2KT9N0G	pravastatin	tier1
K1:L01Q4LGZ5L	proline	tier1
K1:L0378Q1565	corticotropin-zinc-hydroxide	tier1
K1:L11K75P92J	calcium-phosphate-dibasic	tier2
K1:L1M1U2HC31	grepafloxacin	tier1
K1:L35JN3I7SJ	ramipril	tier1
K1:L479H0RS38	buxus-sempervirens-leafy-twig	tier2
K1:L4C1UY2NYH	inavolisib	tier1
K1:L628TT009W	isoprenaline	tier1
K1:L6O7WQK912	glechoma-hederacea	tier2
K1:L6UH7ZF8HC	risperidone	tier2
K1:L7451S9126#tmca	crizanlizumab-tmca	tier2
K1:L7J6A1NE81	benzoin-2	tier2
K1:L7T10EIP3A	menthol-unspecified-form	tier1
K1:LAV5U5022Y	wintergreen	tier2
K1:LH812IV7LI	s-apomorphine	tier1
K1:LI2427F9CI	daclatasvir	tier2
K1:LKC0U3A8NJ	evolocumab	tier1
K1:LL0G25K7I2	azilsartan-medoxomil	tier1
K1:LL60K9J05T	cabergoline	tier1
K1:LMI26O6933	aluminum-oxide	tier2
K1:LR24G6354G	eribulin	tier2
K1:LR3UXN0193	methoxy-polyethylene-glycol-epoetin-beta	tier2
K1:LUC985IS6T	aminoglutethimide	tier2
K1:LV66ADM269	vericiguat	tier2
K1:LYR4M0NH37	sodium-cation	tier1
K1:LZB1G2I725	arginine-aspartate	tier1
K1:M0KG633D4F	sodium-nitrite	tier1
K1:M0TTH61XC5	ibudilast	tier2
K1:M0XW1UBI14	testosterone-cypionate	tier1
K1:M32RH9MFGP	dexmethylphenidate	tier1
K1:M3EFS94984	ormetoprim	tier2
K1:M4F288ZCTR	heparin-calcium	tier1
K1:M4I0D6VV5M	calcium-chloride	tier1
K1:M55RUL8T9C	bepridil	tier1
K1:M5681Q5F9P	pitavastatin	tier1
K1:M5TSE03W5U	vibegron	tier1
K1:M801H13NRU	azacitidine	tier2
K1:M89N0Q7EQR	aldesleukin	tier1
K1:M95KG522R0	ofatumumab	tier2
K1:M9CP5H21N8	alclofenac	tier1
K1:M9NL0C577Y	ubiquinol	tier1
K1:MA10QYF1Z0	ferric-maltol-2	tier2
K1:MCN858TCP0	oliceridine	tier1
K1:MD6P741W8A	maraviroc	tier2
K1:MDY902UXSR	esmolol-2	tier1
K1:MFZ8I7277D#live	measles-virus-vaccine-live	tier2
K1:MG976Z29OM	sodium-glycerophosphate	tier2
K1:MHJ80W9LRB	oxaprozin	tier1
K1:MHM278SD3E	montelukast	tier2
K1:MK2074187Z	okoubaka-aubrevillei-bark	tier2
K1:ML30MJ2U7I	magnesium-sulfate-unspecified	tier2
K1:ML644HED2V	quercus-robur-flower	tier2
K1:MN18OTN73W	thyroid-bovine	tier2
K1:MN3L5RMN02	clonidine	tier1
K1:MOH3ET196H	flupirtine	tier1
K1:MQG94M5EEO	tesamorelin	tier1
K1:MRK240IY2L	azathioprine	tier2
K1:MU72812GK0	creatine-monohydrate	tier1
K1:MZI81HV01P	aprocitentan	tier1
K1:N02W67RKJS	mangafodipir	tier1
K1:N0A21N6RAU	deucravacitinib	tier2
K1:N0A3Z5XTC6	tropicamide	tier2
K1:N0K2Z502R6	guaiacum-officinale-resin	tier2
K1:N15SW1DIV8	bimagrumab	tier1
K1:N19A0T0E5J	parathyroid-hormone	tier1
K1:N1Q45E87DT	thiabendazole	tier2
K1:N20HL7Q941	camphor	tier1
K1:N29QWW3BUO	danazol	tier1
K1:N2GI8B1GK7	cefotaxime	tier2
K1:N2Z8ALG4U5	lynestrenol	tier1
K1:N3PA6559FT	esomeprazole	tier1
K1:N3RQ532IUT	amiodarone	tier2
K1:N3TB5AH8B9	ilunocitinib	tier2
K1:N658GY6L3E#tebn	tebentafusp-tebn	tier2
K1:N7T15V1FUY	setmelanotide	tier1
K1:N7U69T4SZR	olanzapine	tier2
K1:N824AOU5XV	pegvisomant	tier1
K1:N8ONU3L3PG	terbutaline	tier2
K1:N91BDP6H0X	choline	tier1
K1:N9288CD508	bloodroot	tier2
K1:N94833051K	fibrinogen-human	tier2
K1:N9YNS0M02X	acetylcholine	tier1
K1:NA71GR3TNV	epinephrine	tier2
K1:NA8320J834	eptifibatide	tier1
K1:NDU3J18APO	edoxaban	tier1
K1:NJX1653L36	benzyldimethyl-2-2-4-1-1-3-3-tetramethylbutyl-o-tolyl-oxy-ethoxy-ethyl-ammonium	tier2
K1:NLE429IZUC	rolapitant	tier2
K1:NOP2Y096GV	retatrutide	tier1
K1:NPT6P8P3UU	potassium-bitartrate	tier1
K1:NQO8R319LY	diphenidol	tier1
K1:NQX9KB6PCL	somatropin	tier1
K1:NU43IAG5BC	sodium-tripolyphosphate	tier2
K1:NU90V55F8I	sarilumab	tier1
K1:NVE3OIU59D	acer-campestre-leaf-bud	tier2
K1:NY22HMQ4BX	exemestane	tier1
K1:O0J6XJN02I	dutasteride	tier1
K1:O181101B5G	sodium-phosphate-32p	tier1
K1:O1R9FJ93ED	cefuroxime	tier2
K1:O2GMZ0LF5W	fluticasone	tier1
K1:O3FX965V0I	acetazolamide	tier1
K1:O3J8G9O825	ritonavir	tier1
K1:O478WX4004	staphylococcus-aureus	tier2
K1:O5CB12L4FN	diazoxide-choline	tier1
K1:O5TNM5N07U	duloxetine	tier1
K1:O7M2E4264D	rimexolone	tier2
K1:O80TY208ZW	arnica-montana	tier2
K1:O8232NY3SJ	starch-corn	tier1
K1:O9M39HTM5W	promazine	tier2
K1:OF5P57N2ZX	alanine	tier1
K1:OFM21057LP	calcium-chloride-anhydrous	tier1
K1:OL961R6O2C	felodipine	tier2
K1:OO2ABO9578	fisetin	tier1
K1:OON1HFZ4BA	cetrorelix	tier1
K1:OP35X9610Y	lonapegsomatropin	tier1
K1:OP401G7OJC	etanercept	tier1
K1:OP401G7OJC#szzs	etanercept-szzs	tier2
K1:OSP71S83EU	lorlatinib	tier2
K1:OYN3CCI6QE	tirzepatide	tier1
K1:OYY3447OMC	pamidronate	tier2
K1:OZ0E5Y15PZ	arnica-montana-flower	tier2
K1:P0GVQ9A4S5	dostarlimab	tier1
K1:P0YP7XQ8XB	albumin-chromated-cr-51-serum	tier1
K1:P188ANX8CK	trastuzumab	tier1
K1:P188ANX8CK#oysk	trastuzumab-and-hyaluronidase-oysk	tier1
K1:P188ANX8CK#zzxf	pertuzumab-trastuzumab-and-hyaluronidase-zzxf	tier1
K1:P1QW714R7M	imiquimod	tier1
K1:P2AWN9VSQ6	bortezomib-d-mannitol	tier2
K1:P2OMP71Y62	chamaecyparis-obtusa-wood-oil	tier2
K1:P3CTH044XJ	probucol	tier1
K1:P3M2575F3F	ursolic-acid	tier1
K1:P6708E7555	selenomethionine-75-se	tier2
K1:P7186074QC#noli	rozanolixizumab-noli	tier2
K1:P76B05O5V6	relugolix	tier1
K1:P80AL8J7ZP	balsalazide	tier1
K1:P88XT4IS4D	paclitaxel	tier2
K1:P93RUU11P7	inotuzumab-ozogamicin	tier2
K1:PB618V0K2W	borage	tier2
K1:PFR03EBU0H	calendula-officinalis-whole	tier2
K1:PJ0Y7AZB63	moclobemide	tier2
K1:PJX89V9R6N	clostridium-difficile	tier2
K1:PKI06M3IW0	rivastigmine	tier1
K1:PME3ETQ5WQ	paris-quadrifolia	tier2
K1:PP0SHH6V16	alirocumab	tier1
K1:PQ6CK8PD0R	sodium-ascorbate	tier1
K1:PQX0D8J21J	cetuximab	tier2
K1:PRS2K479R5	sunvozertinib	tier2
K1:PV866VZU2U	carboplatin	tier2
K1:PVI5M0M1GW	filgrastim	tier2
K1:PY4EET359T	yellow-fever-virus-strain-17d-204-live-antigen	tier1
K1:PYF7O1FV7F	fluvastatin	tier1
K1:Q0MQD1073Q	chlorthalidone	tier1
K1:Q153V49P3Z	alvimopan	tier2
K1:Q16TT9C5BK	bazedoxifene	tier1
K1:Q1J152VB1P	bromhexine	tier2
K1:Q20Q21Q62J	cisplatin	tier2
K1:Q2R47HGR7P	crisaborole	tier2
K1:Q369O8926L	resveratrol	tier1
K1:Q3H36W0J42	rhus-aromatica-root-bark	tier2
K1:Q3JTX2Q7TU	diazepam	tier2
K1:Q3OKS62Q6X	budesonide	tier1
K1:Q40Q9N063P	acetic-acid	tier2
K1:Q46947FE7K	peginterferon-alfa-2a	tier1
K1:Q508Q118JM	enalaprilat	tier1
K1:Q51BO43MG4	levothyroxine	tier1
K1:Q525PA8JJB	cefadroxil	tier2
K1:Q6C9WHR03O	tisagenlecleucel	tier2
K1:Q812464R06	hydromorphone	tier2
K1:Q8BIH59O7H	altretamine	tier2
K1:Q8X02027X3	gemfibrozil	tier1
K1:Q91187K011	tetraferric-tricitrate-decahydrate	tier2
K1:Q91FH1328A	methicillin	tier1
K1:QAO8PF7Q30	primaquine	tier1
K1:QBL8IZH14X	clocortolone-pivalate	tier2
K1:QC4F7FKK7I#svoa	faricimab-svoa	tier2
K1:QFP0P1DV7Z	sitagliptin	tier1
K1:QG07G580U0	artemisia-abrotanum-flowering-top	tier2
K1:QIC03ANI02	famciclovir	tier2
K1:QN83US2B0N	ascorbyl	tier2
K1:QRW9FCR9P2	cyclizine	tier2
K1:QTL48N278K	estropipate	tier2
K1:QUC7NX6WMB	sertraline	tier1
K1:QVZ3IAR3JS	toltrazuril	tier2
K1:QX10HYY4QV	sesame-oil	tier1
K1:QX3KXL1ZA2	naratriptan	tier2
K1:QX45B99R3J	mavacamten	tier2
K1:QZU4H47A3S	atazanavir	tier1
K1:QZV2W997JQ	chromium-picolinate	tier1
K1:R10H71BSWG	micafungin-2	tier2
K1:R16CO5Y76E	aspirin	tier1
K1:R23QIR6YBA	ruehssia-cundurango-bark	tier2
K1:R2M88A4HSI	bos-taurus-artery	tier2
K1:R3B637Y991	levacetylmethadol	tier1
K1:R3PSM6BEG8	malt	tier2
K1:R3UK8X3U3D	modafinil	tier1
K1:R43D2573WO	fosinopril	tier1
K1:R4KO0DY52L	chlorhexidine	tier1
K1:R4QX3D7GUF	frovatriptan	tier2
K1:R5I1HK0UBL	geranium-robertianum	tier2
K1:R60L0SM5BC	midazolam	tier2
K1:R60QEP13IC	rice-bran	tier2
K1:R72LW146E6	cephalothin	tier2
K1:R85M2X0D68	candesartan-cilexetil	tier1
K1:R87US8P740	levamfetamine	tier1
K1:R890C8J3N1	carbaril	tier1
K1:R9XLF1R1WM	frankincense	tier2
K1:RA96B954X6	erythritol	tier1
K1:RCU76P419D	leek	tier2
K1:RCZ2YJZ08S	menthol	tier1
K1:RE0V0T1ES0	resmetirom	tier1
K1:RGS4T2AS00	dimethicone-200	tier2
K1:RKA0GWXVH6	peptostreptococcus-anaerobius-dna	tier2
K1:RLM74T3Z9D	gadoversetamide-2	tier2
K1:RMW9V5RW38	trifluridine	tier1
K1:RRN67GMB0V	elexacaftor-ivacaftor-tezacaftor	tier1
K1:RRW32X4U1F	dienestrol	tier1
K1:RU3FE2Y4XI	riociguat	tier1
K1:RU45X2JN0Z	potassium-nitrate	tier1
K1:RUD5Y4SV0S	trenbolone-acetate	tier2
K1:RV23PE6426	magnolia-grandiflora-flower	tier2
K1:RV823G6G67	copper-gluconate	tier2
K1:RWM8CCW8GP	octreotide	tier1
K1:RZT8C352O1	lumasiran	tier2
K1:S07O44R1ZM	capsaicin	tier1
K1:S1F1DY68CA	alnus-viridis-subsp-crispa-leaf	tier2
K1:S270N0TRQY	hyaluronate	tier1
K1:S3GQZ2K36V	serplulimab	tier2
K1:S4M959U2IJ#mzwv	teplizumab-mzwv	tier2
K1:S53L777GM8	exagamglogene-autotemcel	tier2
K1:S54S8B99E8	carbon-disulfide	tier2
K1:S56D65XJ9G	eltrombopag	tier2
K1:S59502J185	ciclesonide	tier1
K1:S5VXA428R4	eslicarbazepine	tier1
K1:S5Z3U87QHF	phytonadione-e	tier2
K1:S62U433RMH	zaleplon	tier1
K1:S65743JHBS	gefitinib	tier2
K1:S6FVH88J8W	danio-rerio-egg	tier2
K1:S77P977AG8	voglibose	tier2
K1:S82A18Y42P	etripamil	tier2
K1:S88TT14065	oxygen	tier1
K1:S8A06QG2QE	difluprednate	tier1
K1:S8Q36MD2XX	candesartan	tier1
K1:S983QC7HKM	fenspiride	tier1
K1:S9X0KRJ00S	asunaprevir	tier2
K1:SFK828Q2DE	hydrangea	tier2
K1:SHS4PU80D9	tasimelteon	tier1
K1:SL7A75J492	betula-papyrifera-whole	tier2
K1:SMA5ZS5B22	ensartinib	tier2
K1:SOI2LOH54Z	zinc-oxide	tier1
K1:SQ8A3S5101	fostamatinib	tier1
K1:STL2W5LZ92	nickel-carbonate-hydroxide	tier2
K1:SUG9176GRW	practolol	tier1
K1:SV9W47ZLE1	fitusiran	tier2
K1:SWI8UOC4GS	fagus-sylvatica-whole	tier2
K1:SX0XJI3A11	degarelix	tier1
K1:SX6K58TVWC	glyburide	tier1
K1:SY7Q814VUP	calcium-2	tier1
K1:T18F433X4S	norethindrone	tier1
K1:T1JP1KYU9O	flortaucipir-f-18	tier1
K1:T2I5UM75DN	calcium-nitrite	tier1
K1:T3C89M417N	glutaral	tier2
K1:T3CHA1B51H	antipyrine	tier2
K1:T3MZ57OGIF	silver-nitrite	tier2
K1:T41737F88A	tisotumab-vedotin	tier2
K1:T4H8FMA7IM	siltuximab	tier1
K1:T58MSI464G	acarbose	tier1
K1:T5L8T28FGP	mineral-oil	tier2
K1:T7K20Y2GWY	corifollitropin-alfa	tier2
K1:T9FVH03HMZ#mknl	calaspargase-pegol-mknl	tier2
K1:T9O10FB50M	human-amniotic-membrane	tier2
K1:TE7660XO1C	glycine	tier1
K1:TEZ91L71V4	mephentermine	tier2
K1:TF5MPQ8WGY#clzb	zolbetuximab-clzb	tier2
K1:TG537D343B	desipramine	tier1
K1:TGJ6YZC4W7	streptococcus-pneumoniae-type-4-capsular-polysaccharide-diphtheria-crm197-protein-conjugate	tier1
K1:TI05AO53L7	betamethasone-acetate	tier2
K1:TK8ERE8P56	ribociclib	tier1
K1:TL2TJE8QTX	aminobenzoic-acid	tier2
K1:TL60C27RLH	metreleptin	tier1
K1:TLE92T7F1J	lead-monosilicate	tier2
K1:TN1B5910V2	xanthinol	tier2
K1:TN9BEX005G	bivalirudin	tier1
K1:TPY09G7XIR	fluorescein	tier2
K1:TR3MLJ1UAI	disulfiram	tier2
K1:TRS31EO6ZN	bos-taurus-bone	tier2
K1:TX5CYN1KMZ	indoximod	tier1
K1:TY34L4F9OZ	capmatinib	tier2
K1:TY3V24C029	flurpiridaz-f-18	tier2
K1:U09W5JOL3Z	helicobacter-pylori	tier2
K1:U14A832J8D	cinnamic-acid	tier2
K1:U202363UOS	fenofibrate	tier1
K1:U2I8T43Y7R	axicabtagene-ciloleucel	tier2
K1:U3H27498KS	lamotrigine	tier2
K1:U3P01618RT	fluorouracil	tier1
K1:U3RSY48JW5	benzocaine	tier1
K1:U4B223LS4X	jacobaea-maritima	tier2
K1:U59UGK3IPC#xiiy	ublituximab-xiiy	tier2
K1:U5SYW473RQ	telmisartan	tier1
K1:U6Q8Z01514	adefovir-dipivoxil	tier2
K1:U6WSN5SQ1Z	zinc-gluconate	tier1
K1:U9JLP7V031	lebrikizumab	tier1
K1:UA8SE1325T	gimeracil	tier2
K1:UBY79OCO9G	ferric-pyrophosphate-citrate	tier1
K1:UDM7Q7QWP8	benazepril-2	tier2
K1:UF599785JZ	fentanyl	tier1
K1:UFH8805FKA	st-johns-wort	tier1
K1:ULL76WPU5X	pentolinium	tier1
K1:ULW86O013H	glutathione-disulfide	tier1
K1:UM20QQM95Y	ifosfamide	tier2
K1:UMD07X179E	certolizumab-pegol	tier1
K1:UMD7G2653W	ibandronate	tier2
K1:UOW2C71PG5	inclisiran	tier1
K1:UPF5CJ93X7	melanotan-ii	tier1
K1:URX2UMQ8XV	conteltinib	tier1
K1:UV63W89SJM	calcium	tier2
K1:UY9LQ8P6HW	odesivimab	tier2
K1:UZX80K71OE	eszopiclone	tier1
K1:V0LH498RFO	ozenoxacin	tier2
K1:V10R70ML23	heptabarb	tier1
K1:V1L22WVE2S	zileuton	tier1
K1:V35562QSVT	indalpine	tier1
K1:V36I2B8LD5	jateorhiza-calumba-root	tier2
K1:V3FC0DK9XS	streptococcus-pneumoniae-type-20-capsular-polysaccharide-antigen	tier1
K1:V4SWI4RF4J	tetanus-immune-globulin	tier2
K1:V59P50X4UY	isomaltulose	tier1
K1:V63XWA605I	armodafinil	tier1
K1:V6D7VK2215	atrasentan	tier2
K1:V727AWD6ZZ	toxicodendron-diversilobum-leaf	tier2
K1:V99T50803M	sunitinib-2	tier2
K1:V9EFU16ZIF	methyltestosterone	tier1
K1:V9GU1EM8SF	interferon-beta	tier2
K1:V9MO595C9I	salsalate	tier1
K1:VB06AV5US8	echinacea-angustifolia	tier2
K1:VB0R961HZT	prednisone	tier1
K1:VB6F65I6F5	colostrum	tier1
K1:VC5I578BE3	quercus-robur-flower-bud	tier2
K1:VCQ006KQ1E	xylitol	tier1
K1:VF232WE742	ioflupane	tier2
K1:VG2QF83CGL	meloxicam	tier1
K1:VH659J61ZL	fumaria-officinalis-flowering-top	tier2
K1:VHD28S0H7F	mesna	tier1
K1:VIF565UC2G	tea-tree-oil	tier2
K1:VJO29R4CP9	clesrovimab	tier2
K1:VJO29R4CP9#cfor	clesrovimab-cfor	tier2
K1:VL0L558GCB	ardeparin	tier1
K1:VLL71EBS9Z	arlipoic-acid	tier2
K1:VP83E7434R	glibornuride	tier2
K1:VR5Y7PDT5W	isotonic-sodium-chloride-solution	tier2
K1:VS041H42XC	vitamin-d2	tier1
K1:VSW71SS07I	lachesis-muta-venom	tier2
K1:VZS48DSV42	salsolinol	tier2
K1:W00LYS4T26	manganese-sulfate	tier2
K1:W2ZU1RY8B0	green-tea	tier1
K1:W36ZG6FT64	sirolimus	tier1
K1:W4934JAQ65	topramezone	tier1
K1:W6KX9E6D8X	urea-c-13-2	tier2
K1:W72I5ZT78Z	loracarbef	tier1
K1:W733B0S9SD	methazolamide	tier2
K1:W8O17SJF3T	memantine	tier1
K1:W9YXS298BM	tubocurarine	tier2
K1:WC1U3R1YMI	vepdegestrant	tier1
K1:WE98HW412B	laminaria-japonica	tier1
K1:WFR23M21IE	capivasertib	tier1
K1:WH7BHQ0RB4	efanesoctocog-alfa	tier2
K1:WI4X0X7BPJ	hydrocortisone	tier1
K1:WK2XYI10QM	ibuprofen	tier1
K1:WOH1JD9AR8	olaparib	tier2
K1:WTT295HSY5	dulaglutide	tier1
K1:WV9CM0O67Z	panthenol	tier2
K1:WXR179L51S	isosorbide	tier1
K1:WYQ7N0BPYC	acetylcysteine	tier1
K1:WZG3J2MCOL	granisetron	tier2
K1:X05U0N2RCO	darolutamide	tier1
K1:X0MKX3GWU9	5-meo-dmt	tier1
K1:X1J18R4W8P	alendronate	tier2
K1:X39AL81KEB	metipranolol	tier1
K1:X3AOK514E6	eye	tier2
K1:X3P9A5HNYF	xenon-xe-133	tier2
K1:X4OV71U42S	pioglitazone	tier1
K1:X4W3ENH1CV	norepinephrine	tier1
K1:X4W7ZR7023	methylprednisolone	tier1
K1:X78UG0A0RN	dasatinib	tier1
K1:X7BCI5P86H	pork-kidney	tier2
K1:X7WDT95N5C	glipizide	tier1
K1:X89XV46R07	technetium-tc-99m-medronate-2	tier2
K1:X8XI70B5Z6	nitrofurazone	tier1
K1:XC41AVD567	nalfurafine	tier2
K1:XDK458E1J9	allantoin	tier1
K1:XG9ARL6P25	plozasiran	tier2
K1:XGF7L72M0F	fish-oil	tier1
K1:XII270YC6M	human-hepatitis-b-virus-immune-globulin	tier2
K1:XJM390A33U	rifapentine	tier2
K1:XL4HLC6JH6	hepatitis-b-virus-subtype-adw-hbsag-surface-protein-antigen	tier2
K1:XLR461MD3M	istiratumab	tier1
K1:XM03YJ541D	prazosin	tier1
K1:XPA88EAP6V	spinosad	tier2
K1:XSZ53G39H5#dbll	brolucizumab-dbll	tier2
K1:XTC0D02P6C	ambergris	tier2
K1:XTZ6AXU7KN	clenbuterol-2	tier2
K1:XU8S3M2QRZ	formic-acid	tier2
K1:XX73205DH5	sucralfate	tier2
K1:XXE1CET956	indomethacin	tier1
K1:Y14I1443UR	valine	tier1
K1:Y24T9BT2Q2	levmetamfetamine	tier2
K1:Y43GF64R34	lepirudin	tier2
K1:Y4907O6MFD	vasopressin	tier1
K1:Y513Q74WCG	phenprocoumon	tier1
K1:Y5929UIJ5N	opicapone	tier2
K1:Y5GMK36KGY	perindopril-erbumine	tier1
K1:Y5L2157C4J	tacrolimus	tier1
K1:Y64GQ0KC0A	teprotumumab	tier1
K1:Y7FKS2XWQH	triple-sulfa	tier1
K1:Y882YXF34X	calcium-acetate	tier2
K1:Y883P1Z2LT	atovaquone	tier2
K1:Y9H1V576FH	honey	tier2
K1:YB18NF020M	satralizumab	tier1
K1:YBK48BXK30	trazodone	tier1
K1:YEA9P21S8N	cicuta-virosa-root	tier2
K1:YEH1EZ96K6	loteprednol-etabonate	tier1
K1:YF1K15M17Y	temozolomide	tier2
K1:YF7V70N02B	ulipristal-acetate	tier1
K1:YFH4WC535J	pine-tar	tier2
K1:YI437801BE#kpkc	mogamulizumab-kpkc	tier2
K1:YKH834O4BH	adrenal	tier1
K1:YL5FZ2Y5U1	methotrexate	tier1
K1:YO460OQ37K	vandetanib	tier1
K1:YQE403BP4D	phenobarbital	tier1
K1:YSE9PPT4TH	sodium-hyaluronate	tier1
K1:YX9162EO3I	raloxifene	tier1
K1:YZ647Y5GC9	emodepside	tier2
K1:YZS2RPE8LE	strontium-2	tier2
K1:Z0H242BBR1	aspartame	tier1
K1:Z1R9N0A399	tenoxicam	tier2
K1:Z40X7EI2AF	ioxaglate	tier2
K1:Z468598HBV	phentolamine	tier1
K1:Z4L2A7J0MC	brompheniramine	tier2
K1:Z588009C7C	robenacoxib	tier2
K1:Z5N076G8YQ	fidaxomicin	tier1
K1:Z615FRW64N	paramethadione	tier1
K1:Z69D9E381Q	selenium-sulfide	tier2
K1:Z80293URPV	ozanimod	tier1
K1:Z9K9Y9WMVL	macitentan	tier1
K1:Z9W8997416	puerarin	tier1
K1:ZAD9OKH9JC	docosahexaenoic-acid	tier1
K1:ZCE93644N2	vorapaxar	tier2
K1:ZD4D8M32TL	donidalorsen	tier2
K1:ZH516LNZ10	piracetam	tier1
K1:ZMZ79891ZH	methylene-blue	tier1
K1:ZPS7Q5U53K	juglans-regia-fruit-rind-immature	tier2
K1:ZQI909440X	azelastine	tier2
K1:ZRW631PTZD	ferrous-tartrate	tier2
K1:ZS6D2ITA30	boldenone-undecylenate	tier2
K1:ZS9KD92H6V	metyrapone	tier1
K1:ZXE7LB03WC	arundo-pliniana-root	tier2
K1:ZY81Z83H0X	aloe-vera	tier1
K1:ZZ45AB24CA	heparin-sodium	tier1
K2:BPNZYADGDZPRTK-MAEUFBSDSA-N	exametazime	tier2
K2:BYBMHSADRRMVHY-UHFFFAOYSA-N	monomethyl	tier1
K2:DDHUTBKXLWCZCO-UHFFFAOYSA-N	pinaverium-bromide	tier2
K2:DOAKLVKFURWEDJ-RWDRXURGSA-N	daptomycin-2	tier2
K2:DSSYKIVIOFKYAU-UHFFFAOYSA-N	camphor-3	tier1
K2:FJLGEFLZQAZZCD-VAWYXSNFSA-N	fluvastatin-2	tier1
K2:GJUHUIXJLZINMA-MJCUULBUSA-N	estrogen	tier1
K2:GKIRPKYJQBWNGO-UHFFFAOYSA-N	clomiphene	tier1
K2:HCZKYJDFEPMADG-UHFFFAOYSA-N	nordihydroguaiaretic-acid	tier1
K2:HEOCBCNFKCOKBX-SDNWHVSQSA-N	enzacamene	tier2
K2:HTQBXNHDCUEHJF-XWLPCZSASA-N	exenatide-synthetic	tier1
K2:IMYZQPCYWPFTAG-UHFFFAOYSA-N	mecamylamine-2	tier2
K2:KDLNOQQQEBKBQM-HDFGVWRLSA-N	anagestone	tier1
K2:KOHIRBRYDXPAMZ-UHFFFAOYSA-N	nebivolol-2	tier1
K2:KXGCNMMJRFDFNR-WDRJZQOASA-N	linaclotide-2	tier2
K2:LVASCWIMLIKXLA-UHFFFAOYSA-N	halofuginone-2	tier1
K2:MKJIEFSOBYUXJB-LIJFRPJRSA-N	deutetrabenazine-2	tier2
K2:NDVASEGYNIMXJL-UHFFFAOYSA-N	citrus	tier2
K2:NYORQUCSPQVLTE-UHFFFAOYSA-N	ex-527	tier1
K2:ODQWQRRAPPTVAG-UHFFFAOYSA-N	doxepin	tier1
K2:OGBMKVWORPGQRR-UMXFMPSGSA-N	teriparatide	tier1
K2:OXWDLAHVJDUQJM-UHFFFAOYSA-N	antioxidant	tier1
K2:PUDHBTGHUJUUFI-SCTWWAJVSA-N	lanreotide	tier1
K2:PUPZLCDOIYMWBV-BYPYZUCNSA-N	1-3-butanediol	tier1
K2:SEBFKMXJBCUCAI-UHFFFAOYSA-N	silymarin	tier1
K2:SGEIEGAXKLMUIZ-XUVDNFPMSA-N	arimoclomol-3	tier2
K2:TZIRZGBAFTZREM-MKAGXXMWSA-N	pramlintide	tier1
K2:UCZDWGAJSOUHOU-VDBPWWIZSA-N	glp-1	tier1
K2:UGOZVNFCFYTPAZ-IOXYNQHNSA-N	insulin-detemir-recombinant	tier2
K2:VVZBFOKBSDGVGZ-UHFFFAOYSA-N	benzalkonium-chloride	tier2
K2:WNBILILJFBJQFP-SDLVTCPTSA-N	sandostatin	tier1
K2:WQZGKKKJIJFFOK-GASJEMHNSA-N	dextrose-2	tier1
K2:XEEQGYMUWCZPDN-UHFFFAOYSA-N	mefloquine-2	tier2
K2:XMAYWYJOQHXEEK-UHFFFAOYSA-N	ketoconazole-2	tier1
K2:XNOPRXBHLZRZKH-DSZYJQQASA-N	oxytocin-2	tier1
K2:XUFXOAAUWZOOIT-UGEKTDRHSA-N	acarbose-2	tier1
K2:YBGZDTIWKVFICR-UHFFFAOYSA-N	octinoxate-2	tier2
K2:YSDQQAXHVYUZIW-QCIJIYAXSA-N	liraglutide-2	tier2
K2:ZAKOWWREFLAJOT-ADUHFSDSSA-N	tocopherol-acetate	tier1
K2:ZCXUVYAZINUVJD-GLCXRVCCSA-N	fludeoxyglucose-18f	tier1
K2:ZFGMDIBRIDKWMY-PASTXAENSA-N	sodium-heparin	tier1
K2:ZKWQQXZUCOBISE-PGUPVMQBSA-N	eprinomectin	tier2
K3:CHEMBL1201525	technetium-tc-99m-polyphosphate-kit-2	tier1
K3:CHEMBL1201652	protein-hydrolysate-2	tier1
K3:CHEMBL2108866	starch	tier1
K3:CHEMBL2108964	insulin-isophane	tier1
K3:CHEMBL2108966	neutral-insulin-injection	tier1
K3:CHEMBL2108974	insulin-human-zinc	tier1
K3:CHEMBL5315093	autologous-cd34-enriched-cell-fraction-that-contains-cd34-cells-transduced-with-retroviral-vector-that-encodes-for-the	tier2
K3:CHEMBL5315099	ex-vivo-expanded-autologous-human-corneal-epithelial-cells-containing-stem-cells	tier2
K3:CHEMBL6068346	hepatitis-b-virus-s-protein-pre-s1-protein-and-pre-s2-protein-virus-like-particles	tier2
K3:CHEMBL6068353	vibrio-cholerae-inactivated	tier2
K3:CHEMBL6068360	influenza-a-virus-inactivated-whole-virion	tier2
K3:CHEMBL6068361	influenza-a-virus-inactivated-hemagglutinin	tier2
K3:CHEMBL6068362	influenza-a-virus-inactivated-neuraminidase	tier2
K3:CHEMBL6068363	influenza-a-virus-split-virion	tier2
K3:CHEMBL6068365	streptococcus-pneumoniae-polysaccharide-conjugated-to-corynebacterium-diphtheriae-toxoid	tier2
K3:CHEMBL6068385	influenza-b-virus-inactivated-neuraminidase	tier2
K4:agrimony	agrimony	tier2
K4:angelica	angelica	tier2
K4:arabinoxylan	arabinoxylan	tier1
K4:brain	brain	tier2
K4:carbon dioide	carbon-dioide	tier2
K4:chondroitin	chondroitin	tier1
K4:collagen peptides	collagen-peptides	tier1
K4:creatine gluconate	creatine-gluconate	tier1
K4:dibasic	anhydrous-dibasic	tier2
K4:fiber	fiber	tier1
K4:figwort	figwort	tier2
K4:fucoidan	fucoidan	tier1
K4:glucosamine	glucosamine-potassium-sulfate	tier1
K4:glutamine nitrate	glutamine-nitrate	tier1
K4:islelizumab jsgr#jsgr	islelizumab-jsgr	tier2
K4:liver	liver	tier2
K4:lovage	lovage	tier2
K4:marsdenia condurango bark	marsdenia-condurango-bark	tier2
K4:polygala	polygala	tier2
K4:red wine	red-wine	tier1
K4:schisandra	schisandra	tier2
K4:somatropin rdna origin	somatropin-rdna-origin	tier2
K4:technetium tc 99m polyphosphate kit	technetium-tc-99m-polyphosphate-kit	tier1
K4:technetium tc 99m teboroxime kit	technetium-tc-99m-teboroxime-kit	tier1
K4:tetradecyl	sodium-tetradecyl	tier2
K4:trolamine polypeptide oleate condensate	trolamine-polypeptide-oleate-condensate	tier1
K4:verard	verard	tier2
K4:yogurt	yogurt	tier1
