corpus_key,corpus_display_name,corpus_tier,corpus_unii,corpus_inchikey,inxight_record,normalised_name,inxight_unii,inxight_inchikey,ambiguous_pages_for_name,confirmation
K1:40S1VHN69B,Bleomycin,2,40S1VHN69B,,frdb-compound:112:BLEOMYCIN,bleomycin,,,1,none - corpus page and Inxight record share no UNII and no InChIKey; needs a human decision
K1:6UXW23996M,Cyclophosphamide (anhydrous),2,6UXW23996M,CMSMOCZEIVJLDB-UHFFFAOYSA-N,frdb-compound:114:CYCLOPHOSPHAMIDE,cyclophosphamide,8N3DW7272P,PWOQRKCAHTVFLB-UHFFFAOYSA-N,2,none - corpus page and Inxight record share no UNII and no InChIKey; needs a human decision
K1:ER09126G7A,Lornoxicam,2,ER09126G7A,WLHQHAUOOXYABV-UHFFFAOYSA-N,frdb-compound:114:CYCLOPHOSPHAMIDE,cyclophosphamide,8N3DW7272P,PWOQRKCAHTVFLB-UHFFFAOYSA-N,2,none - corpus page and Inxight record share no UNII and no InChIKey; needs a human decision
K1:A01LX40298,Methapyrilene,1,00S42N58OM,HNJJXZKZRAWDPF-UHFFFAOYSA-N,frdb-compound:270:METHAPYRILENE FUMARATE,methapyrilene,KJ5I25TXYL,OLGIEIJNOQGBSS-VQYXCCSOSA-N,1,none - corpus page and Inxight record share no UNII and no InChIKey; needs a human decision
K1:2URQ2N32W3,Calcium Lactate,2,2URQ2N32W3,MKJXYGKVIBWPFZ-UHFFFAOYSA-L,frdb-compound:332:CALCIUM MANDELATE,calcium,29CS07FZII,GCXSYHGQGJCRRW-UHFFFAOYSA-L,30,none - corpus page and Inxight record share no UNII and no InChIKey; needs a human decision
K1:5792C4VMFZ,Calcium Palmitate,3,5792C4VMFZ,HRBZRZSCMANEHQ-UHFFFAOYSA-L,frdb-compound:332:CALCIUM MANDELATE,calcium,29CS07FZII,GCXSYHGQGJCRRW-UHFFFAOYSA-L,30,none - corpus page and Inxight record share no UNII and no InChIKey; needs a human decision
K1:7UJQ5OPE7D,Carbonate Ion,1,7UJQ5OPE7D,BVKZGUZCCUSVTD-UHFFFAOYSA-N,frdb-compound:332:CALCIUM MANDELATE,calcium,29CS07FZII,GCXSYHGQGJCRRW-UHFFFAOYSA-L,30,none - corpus page and Inxight record share no UNII and no InChIKey; needs a human decision
K1:86117BWO7P,Calcium Citrate Anhydrous,1,86117BWO7P,FNAQSUUGMSOBHW-UHFFFAOYSA-H,frdb-compound:332:CALCIUM MANDELATE,calcium,29CS07FZII,GCXSYHGQGJCRRW-UHFFFAOYSA-L,30,none - corpus page and Inxight record share no UNII and no InChIKey; needs a human decision
K1:8EKI9QEE2H,Calcium Iodide,2,8EKI9QEE2H,UNMYWSMUMWPJLR-UHFFFAOYSA-L,frdb-compound:332:CALCIUM MANDELATE,calcium,29CS07FZII,GCXSYHGQGJCRRW-UHFFFAOYSA-L,30,none - corpus page and Inxight record share no UNII and no InChIKey; needs a human decision
K1:97Z1WI3NDX,"Calcium Phosphate, Unspecified Form",3,97Z1WI3NDX,,frdb-compound:332:CALCIUM MANDELATE,calcium,29CS07FZII,GCXSYHGQGJCRRW-UHFFFAOYSA-L,30,none - corpus page and Inxight record share no UNII and no InChIKey; needs a human decision
K1:9E7R5L6H31,Oxalic Acid,2,9E7R5L6H31,MUBZPKHOEPUJKR-UHFFFAOYSA-N,frdb-compound:332:CALCIUM MANDELATE,calcium,29CS07FZII,GCXSYHGQGJCRRW-UHFFFAOYSA-L,30,none - corpus page and Inxight record share no UNII and no InChIKey; needs a human decision
K1:9G34HU7RV0,Edetic Acid,2,7FLD91C86K,KCXVZYZYPLLWCC-UHFFFAOYSA-N,frdb-compound:332:CALCIUM MANDELATE,calcium,29CS07FZII,GCXSYHGQGJCRRW-UHFFFAOYSA-L,30,none - corpus page and Inxight record share no UNII and no InChIKey; needs a human decision
K1:C7X2M0VVNH,LIME,3,8CZS546954,BRPQOXSCLDDYGP-UHFFFAOYSA-N,frdb-compound:332:CALCIUM MANDELATE,calcium,29CS07FZII,GCXSYHGQGJCRRW-UHFFFAOYSA-L,30,none - corpus page and Inxight record share no UNII and no InChIKey; needs a human decision
K1:E934B3V59H,Calcium Sulfate Anhydrous,2,WAT0DDB505,OSGAYBCDTDRGGQ-UHFFFAOYSA-L,frdb-compound:332:CALCIUM MANDELATE,calcium,29CS07FZII,GCXSYHGQGJCRRW-UHFFFAOYSA-L,30,none - corpus page and Inxight record share no UNII and no InChIKey; needs a human decision
K1:30CPC5LDEX,Sulfadimethoxine,1,30CPC5LDEX,ZZORFUFYDOWNEF-UHFFFAOYSA-N,frdb-compound:354:SULFADIMETHOXINE SODIUM,sulfadimethoxine,49DG2B481W,DQDZQHMCPDUUPC-UHFFFAOYSA-N,1,none - corpus page and Inxight record share no UNII and no InChIKey; needs a human decision
K1:H0C805XYDE,Mepacrine,1,H0C805XYDE,GPKJTRJOBQGKQK-UHFFFAOYSA-N,frdb-compound:474:QUINACRINE HYDROCHLORIDE,quinacrine,G6242H2NAA,RZFNKJVCPDLQQA-UHFFFAOYSA-N,1,none - corpus page and Inxight record share no UNII and no InChIKey; needs a human decision
K1:81F061RQS4,Carbazochrome,3,81F061RQS4,XSXCZNVKFKNLPR-SDQBBNPISA-N,frdb-compound:577:CARBAZOCHROME SALICYLATE,carbazochrome,3H4OD401LF,CELKBRMLNUNCIP-AXAVVADUSA-M,1,none - corpus page and Inxight record share no UNII and no InChIKey; needs a human decision
K2:FBRAWBYQGRLCEK-RJFLZJKCSA-N,CLOBETASONE BUTYRATE,2,,FBRAWBYQGRLCEK-RJFLZJKCSA-N,frdb-compound:592:CLOBETASONE,clobetasone,LT69WY1J6D,XXIFVOHLGBURIG-OZCCCYNHSA-N,1,none - corpus page and Inxight record share no UNII and no InChIKey; needs a human decision
K1:2KL01R8ZV1,Dimazole,1,2KL01R8ZV1,WGMYEOIMVYADRJ-UHFFFAOYSA-N,frdb-compound:600:DIAMTHAZOLE DIHYDROCHLORIDE,diamthazole,3LF09TBB5W,FZNXAQMQVKBXDR-UHFFFAOYSA-N,1,none - corpus page and Inxight record share no UNII and no InChIKey; needs a human decision
K1:4W5HDS3936,Melengestrol Acetate,2,4W5HDS3936,UDKABVSQKJNZBH-DWNQPYOZSA-N,frdb-compound:656:MELENGESTROL,melengestrol,BX98J4T6JU,OKHAOBQKCCIRLO-IBVJIVQJSA-N,1,none - corpus page and Inxight record share no UNII and no InChIKey; needs a human decision
K1:3GJC60U4Q8,Sitafloxacin Anhydrous,3,3GJC60U4Q8,PNUZDKCDAWUEGK-CYZMBNFOSA-N,frdb-compound:723:SITAFLOXACIN,sitafloxacin,9TD681796G,MPORYQCGWFQFLA-ONPDANIMSA-N,1,none - corpus page and Inxight record share no UNII and no InChIKey; needs a human decision
K1:SVS3GU8AY8,Rosin (CHEMICAL),2,SVS3GU8AY8,KHPCPRHQVVSZAH-GUNCLKARSA-N,frdb-compound:857:ROSIN,rosin,88S87KL877,,1,none - corpus page and Inxight record share no UNII and no InChIKey; needs a human decision
K1:7DB37960CW,"Aconitic ACID, (E)-",3,7DB37960CW,GTZCVFVGUGFEME-HNQUOIGGSA-N,frdb-compound:868:ACONITIC ACID,aconiticacid,93371T1BXP,,1,none - corpus page and Inxight record share no UNII and no InChIKey; needs a human decision
K1:A1O5EUP7KS,.ALPHA.-D-N-ACETYLMANNOSAMINE,3,A1O5EUP7KS,OVRNDRQMDRJTHS-UOLFYFMNSA-N,frdb-compound:893:N-ACETYLMANNOSAMINE,acetylmannosamine,FPD5WTK4TS,KVWIBLJBIFTKIZ-XNJRRJNCSA-N,2,none - corpus page and Inxight record share no UNII and no InChIKey; needs a human decision
K1:X80PR7P73R,N-ACETYLMANNOSAMINE,3,X80PR7P73R,MBLBDJOUHNCFQT-WCTZXXKLSA-N,frdb-compound:893:N-ACETYLMANNOSAMINE,acetylmannosamine,FPD5WTK4TS,KVWIBLJBIFTKIZ-XNJRRJNCSA-N,2,none - corpus page and Inxight record share no UNII and no InChIKey; needs a human decision
K1:FLQ7571NPM,Thiamphenicol,3,283383NO13,OTVAEFIXJLOWRX-NXEZZACHSA-N,frdb-compound:1016:THIAMPHENICOL AMINOACETATE,thiamphenicolaminoacetate,W5H94CY6V6,AMGKHLVPQHMHGQ-ZYHUDNBSSA-N,1,none - corpus page and Inxight record share no UNII and no InChIKey; needs a human decision
K2:REACBNMPQDINOF-YBBIQVIJSA-N,Nandrolone,3,,REACBNMPQDINOF-YBBIQVIJSA-N,frdb-compound:1037:NANDROLONE CYCLOHEXYLPROPIONATE,nandrolonecyclohexylpropionate,K4NE48GG1Y,TXLCJMHILCSZJG-QNTYDACNSA-N,1,none - corpus page and Inxight record share no UNII and no InChIKey; needs a human decision
K1:699121PHCA,Docetaxel Anhydrous,2,699121PHCA,ZDZOTLJHXYCWBA-VCVYQWHSSA-N,frdb-compound:1086:DOCETAXEL,docetaxel,15H5577CQD,XCDIRYDKECHIPE-QHEQPUDQSA-N,2,none - corpus page and Inxight record share no UNII and no InChIKey; needs a human decision
K1:X9N27M888C,2'-EPI Docetaxel,2,X9N27M888C,ZDZOTLJHXYCWBA-KWUUUEAUSA-N,frdb-compound:1086:DOCETAXEL,docetaxel,15H5577CQD,XCDIRYDKECHIPE-QHEQPUDQSA-N,2,none - corpus page and Inxight record share no UNII and no InChIKey; needs a human decision
K1:8S95DH25XC,Levomefolic acid,1,8S95DH25XC,ZNOVTXRBGFNYRX-STQMWFEESA-N,frdb-compound:1088:LEVOMEFOLATE CALCIUM,levomefolate,A9R10K3F2F,VWBBRFHSPXRJQD-QNTKWALQSA-L,1,none - corpus page and Inxight record share no UNII and no InChIKey; needs a human decision
K1:2K5E83H3LL,Sibutramine,1,2K5E83H3LL,UNAANXDKBXWMLN-MRXNPFEDSA-N,frdb-compound:1164:SIBUTRAMINE HYDROCHLORIDE,sibutramine,OGM0YHD1WF,KFNNPQDSPLWLCX-UHFFFAOYSA-N,2,none - corpus page and Inxight record share no UNII and no InChIKey; needs a human decision
K1:WV5EC51866,Sibutramine,1,WV5EC51866,UNAANXDKBXWMLN-UHFFFAOYSA-N,frdb-compound:1164:SIBUTRAMINE HYDROCHLORIDE,sibutramine,OGM0YHD1WF,KFNNPQDSPLWLCX-UHFFFAOYSA-N,2,none - corpus page and Inxight record share no UNII and no InChIKey; needs a human decision
K1:85061HTR8T,Clocortolone Acetate,3,85061HTR8T,ARPLCFGLEYFDCN-CDACMRRYSA-N,frdb-compound:1244:CLOCORTOLONE,clocortolone,N8ZUB7XE0H,YMTMADLUXIRMGX-RFPWEZLHSA-N,2,none - corpus page and Inxight record share no UNII and no InChIKey; needs a human decision
K1:QBL8IZH14X,Clocortolone Pivalate,2,QBL8IZH14X,SXYZQZLHAIHKKY-GSTUPEFVSA-N,frdb-compound:1244:CLOCORTOLONE,clocortolone,N8ZUB7XE0H,YMTMADLUXIRMGX-RFPWEZLHSA-N,2,none - corpus page and Inxight record share no UNII and no InChIKey; needs a human decision
K1:O9U0F09D5X,Droperidol,1,O9U0F09D5X,RMEDXOLNCUSCGS-UHFFFAOYSA-N,frdb-compound:1281:DROPERIDOL LACTATE,droperidol,09NO5N37E0,CUYSTLHETVVORS-UHFFFAOYSA-N,1,none - corpus page and Inxight record share no UNII and no InChIKey; needs a human decision
K1:I3T12NR296,Prednienic Acid,3,I3T12NR296,MCKJPJYRCPANCC-XLXYOEISSA-N,frdb-compound:1356:LOTEPREDNOL,loteprednol,Z8CBU6KR16,YPZVAYHNBBHPTO-MXRBDKCISA-N,2,none - corpus page and Inxight record share no UNII and no InChIKey; needs a human decision
K1:YEH1EZ96K6,Loteprednol Etabonate,1,YEH1EZ96K6,DMKSVUSAATWOCU-HROMYWEYSA-N,frdb-compound:1356:LOTEPREDNOL,loteprednol,Z8CBU6KR16,YPZVAYHNBBHPTO-MXRBDKCISA-N,2,none - corpus page and Inxight record share no UNII and no InChIKey; needs a human decision
K1:3ZZ5BJ9F2Q,Difenoxin,2,3ZZ5BJ9F2Q,UFIVBRCCIRTJTN-UHFFFAOYSA-N,frdb-compound:1527:DIFENOXIN HYDROCHLORIDE,difenoxin,VQZ63K01IW,VMIZTXDGZPTKIK-UHFFFAOYSA-N,1,none - corpus page and Inxight record share no UNII and no InChIKey; needs a human decision
K1:C8I4BVN78E,Glutethimide,1,C8I4BVN78E,JMBQKKAJIKAWKF-UHFFFAOYSA-N,frdb-compound:1600:GLUTETHIMIDE MONOHYDRATE,glutethimide,8C221G270E,UIIRXSRRFRGPPE-UHFFFAOYSA-N,2,none - corpus page and Inxight record share no UNII and no InChIKey; needs a human decision
K1:IN5W64L102,Glutethimide,1,IN5W64L102,JMBQKKAJIKAWKF-ZDUSSCGKSA-N,frdb-compound:1600:GLUTETHIMIDE MONOHYDRATE,glutethimide,8C221G270E,UIIRXSRRFRGPPE-UHFFFAOYSA-N,2,none - corpus page and Inxight record share no UNII and no InChIKey; needs a human decision
K1:UM2XKY25DH,"NORELGESTROMIN, (E)-",2,UM2XKY25DH,ISHXLNHNDMZNMC-VTKCIJPMSA-N,frdb-compound:1624:NORELGESTROMIN,norelgestromin,R0TAY3X631,,1,none - corpus page and Inxight record share no UNII and no InChIKey; needs a human decision
K1:ULW86O013H,Oxiglutatione,1,ULW86O013H,YPZRWBKMTBYPTK-BJDJZHNGSA-N,frdb-compound:1628:OXIGLUTATIONE DISODIUM,oxiglutatione,GY131TX61G,DRFILBXQKYDTFW-JIWRMXRASA-L,1,none - corpus page and Inxight record share no UNII and no InChIKey; needs a human decision
K1:6FG8041S5B,Omacetaxine mepesuccinate,1,6FG8041S5B,HYFHYPWGAURHIV-JFIAXGOJSA-N,frdb-compound:1676:OMACETAXINE,omacetaxine,84MI6OYN4Z,YMNCVRSYJBNGLD-KURKYZTESA-N,1,none - corpus page and Inxight record share no UNII and no InChIKey; needs a human decision
K1:R87US8P740,Levamfetamine,1,R87US8P740,KWTSXDURSIMDCE-MRVPVSSYSA-N,frdb-compound:1730:LEVAMFETAMINE SULFATE,levamfetamine,Q0108737R7,PYHRZPFZZDCOPH-GGTCEIRZSA-N,1,none - corpus page and Inxight record share no UNII and no InChIKey; needs a human decision
K1:D86I0XLB13,Mitiglinide,3,D86I0XLB13,WPGGHFDDFPHPOB-BBWFWOEESA-N,frdb-compound:1818:MITIGLINIDE,mitiglinide,,,1,none - corpus page and Inxight record share no UNII and no InChIKey; needs a human decision
K1:2DS058H2CF,Fenfluramine,1,2DS058H2CF,DBGIVFWFUFKIQN-UHFFFAOYSA-N,frdb-compound:1861:FENFLURAMINE HYDROCHLORIDE,fenfluramine,3KC089243P,ZXKXJHAOUFHNAS-UHFFFAOYSA-N,3,none - corpus page and Inxight record share no UNII and no InChIKey; needs a human decision
K1:953A94Y45B,Levofenfluramine,3,953A94Y45B,DBGIVFWFUFKIQN-SECBINFHSA-N,frdb-compound:1861:FENFLURAMINE HYDROCHLORIDE,fenfluramine,3KC089243P,ZXKXJHAOUFHNAS-UHFFFAOYSA-N,3,none - corpus page and Inxight record share no UNII and no InChIKey; needs a human decision
K1:E35R3G56OV,Dexfenfluramine,1,E35R3G56OV,DBGIVFWFUFKIQN-VIFPVBQESA-N,frdb-compound:1861:FENFLURAMINE HYDROCHLORIDE,fenfluramine,3KC089243P,ZXKXJHAOUFHNAS-UHFFFAOYSA-N,3,none - corpus page and Inxight record share no UNII and no InChIKey; needs a human decision
K1:9IKM0I5T1E,Quercetin,1,9IKM0I5T1E,REFJWTPEDVJJIY-UHFFFAOYSA-N,frdb-compound:1924:QUERCETIN DIHYDRATE,quercetin,53B03V78A6,GMGIWEZSKCNYSW-UHFFFAOYSA-N,1,none - corpus page and Inxight record share no UNII and no InChIKey; needs a human decision
K1:W2X096QY97,Trimethobenzamide,2,W2X096QY97,FEZBIKUBAYAZIU-UHFFFAOYSA-N,frdb-compound:2003:TRIMETHOBENZAMIDE HYDROCHLORIDE,trimethobenzamide,WDQ5P1SX7Q,WIIZEEPFHXAUND-UHFFFAOYSA-N,1,none - corpus page and Inxight record share no UNII and no InChIKey; needs a human decision
K2:WDMFHQNUSVLQMS-XFYQWYMDSA-N,Bornelone,3,,WDMFHQNUSVLQMS-XFYQWYMDSA-N,frdb-compound:2047:BORNELONE,bornelone,LU86E5P72A,,1,none - corpus page and Inxight record share no UNII and no InChIKey; needs a human decision
K1:S6I030E0DA,Pipradrol,2,S6I030E0DA,XSWHNYGMWWVAIE-UHFFFAOYSA-N,frdb-compound:2175:PIPRADROL HYDROCHLORIDE,pipradrol,F6E46VR9Y2,KIFIYUHFHGSNHL-UHFFFAOYSA-N,1,none - corpus page and Inxight record share no UNII and no InChIKey; needs a human decision
K1:0B50MLU3H1,Cefoselis,3,0B50MLU3H1,BHXLLRXDAYEMPP-SBGRAJFYSA-N,frdb-compound:2198:CEFOSELIS SULFATE,cefoselis,6EY42207VS,LZOLCSVRFKCSEM-ZQCAECPKSA-N,1,none - corpus page and Inxight record share no UNII and no InChIKey; needs a human decision
K1:01ZG3TPX31,Bupropion,2,ZG7E5POY8O,SNPPWIUOZRMYNY-UHFFFAOYSA-N,frdb-compound:2234:BUPROPION MALEATE,bupropion,26NV8NXO4A,NJJFBMJGOYCQCX-BTJKTKAUSA-N,1,none - corpus page and Inxight record share no UNII and no InChIKey; needs a human decision
K1:33RU150WUN,PHENYLPROPANOLAMINE POLISTIREX,1,33RU150WUN,,frdb-compound:2239:PHENYLPROPANOLAMINE BITARTRATE,phenylpropanolamine,B48FTC099P,NCHHVLCKEUNWNJ-IOJVUJSNSA-N,4,none - corpus page and Inxight record share no UNII and no InChIKey; needs a human decision
K1:57B9YG5Y1E,"PHENYLPROPANOLAMINE, (-)-",1,33RU150WUN,DLNKOYKMWOXYQA-CBAPKCEASA-N,frdb-compound:2239:PHENYLPROPANOLAMINE BITARTRATE,phenylpropanolamine,B48FTC099P,NCHHVLCKEUNWNJ-IOJVUJSNSA-N,4,none - corpus page and Inxight record share no UNII and no InChIKey; needs a human decision
K1:7875H6443P,Phenylpropanolamine,1,7875H6443P,DLNKOYKMWOXYQA-VXNVDRBHSA-N,frdb-compound:2239:PHENYLPROPANOLAMINE BITARTRATE,phenylpropanolamine,B48FTC099P,NCHHVLCKEUNWNJ-IOJVUJSNSA-N,4,none - corpus page and Inxight record share no UNII and no InChIKey; needs a human decision
K2:DLNKOYKMWOXYQA-UHFFFAOYSA-N,Phenylpropanolamine,1,,DLNKOYKMWOXYQA-UHFFFAOYSA-N,frdb-compound:2239:PHENYLPROPANOLAMINE BITARTRATE,phenylpropanolamine,B48FTC099P,NCHHVLCKEUNWNJ-IOJVUJSNSA-N,4,none - corpus page and Inxight record share no UNII and no InChIKey; needs a human decision
K1:34P96M7C4K,Chloroquine,2,34P96M7C4K,WHTVZRBIWZFKQO-AWEZNQCLSA-N,frdb-compound:2274:CHLOROQUINE SULFATE,chloroquine,OE48649K6N,OJPWHUOVKVKBQB-UHFFFAOYSA-N,3,none - corpus page and Inxight record share no UNII and no InChIKey; needs a human decision
K1:4QWG6N8QKH,Hydroxychloroquine,1,8Q2869CNVH,XXSMGPRMXLTPCZ-UHFFFAOYSA-N,frdb-compound:2274:CHLOROQUINE SULFATE,chloroquine,OE48649K6N,OJPWHUOVKVKBQB-UHFFFAOYSA-N,3,none - corpus page and Inxight record share no UNII and no InChIKey; needs a human decision
K1:886U3H6UFF,Chloroquine,2,NT0J0815S5,WHTVZRBIWZFKQO-UHFFFAOYSA-N,frdb-compound:2274:CHLOROQUINE SULFATE,chloroquine,OE48649K6N,OJPWHUOVKVKBQB-UHFFFAOYSA-N,3,none - corpus page and Inxight record share no UNII and no InChIKey; needs a human decision
K1:I4744080IR,Pentobarbital,1,I4744080IR,WEXRUCMBJFQVBZ-UHFFFAOYSA-N,frdb-compound:2304:PENTOBARBITAL CALCIUM,pentobarbital,66V4W08X7J,VBJLHIJEIVBIHF-UHFFFAOYSA-L,2,none - corpus page and Inxight record share no UNII and no InChIKey; needs a human decision
K1:U7D0E1VOAM,"PENTOBARBITAL, (S)-",1,U7D0E1VOAM,WEXRUCMBJFQVBZ-ZETCQYMHSA-N,frdb-compound:2304:PENTOBARBITAL CALCIUM,pentobarbital,66V4W08X7J,VBJLHIJEIVBIHF-UHFFFAOYSA-L,2,none - corpus page and Inxight record share no UNII and no InChIKey; needs a human decision
K1:4KV4X8IF6V,Dicycloverine,1,4KV4X8IF6V,CURUTKGFNZGFSE-UHFFFAOYSA-N,frdb-compound:2320:DICYCLOMINE HYDROCHLORIDE,dicyclomine,CQ903KQA31,GUBNMFJOJGDCEL-UHFFFAOYSA-N,1,none - corpus page and Inxight record share no UNII and no InChIKey; needs a human decision
K1:13Z9HTH115,Alosetron,2,13Z9HTH115,JSWZEAMFRNKZNL-UHFFFAOYSA-N,frdb-compound:2358:ALOSETRON HYDROCHLORIDE,alosetron,2F5R1A46YW,FNYQZOVOVDSGJH-UHFFFAOYSA-N,1,none - corpus page and Inxight record share no UNII and no InChIKey; needs a human decision
K1:864P0921DW,Bromfenac,1,864P0921DW,ZBPLOVFIXSTCRZ-UHFFFAOYSA-N,frdb-compound:2370:BROMFENAC SODIUM,bromfenac,8ECV571Y37,PPOSVVJOVKVBPW-UHFFFAOYSA-L,1,none - corpus page and Inxight record share no UNII and no InChIKey; needs a human decision
K1:40R0UN508P,"CARBINOXAMINE, (R)-",1,40R0UN508P,OJFSXZCBGQGRNV-MRXNPFEDSA-N,frdb-compound:2372:CARBINOXAMINE FUMARATE,carbinoxamine,1E9GVB07FW,GVNWHCVWDRNXAZ-WLHGVMLRSA-N,2,none - corpus page and Inxight record share no UNII and no InChIKey; needs a human decision
K1:982A7M02H5,Carbinoxamine,1,02O55696WH,OJFSXZCBGQGRNV-UHFFFAOYSA-N,frdb-compound:2372:CARBINOXAMINE FUMARATE,carbinoxamine,1E9GVB07FW,GVNWHCVWDRNXAZ-WLHGVMLRSA-N,2,none - corpus page and Inxight record share no UNII and no InChIKey; needs a human decision
HOLD:existing:cisapride,Cisapride,1,UVL329170W,DCSUBABJRXZOMT-UHFFFAOYSA-N,frdb-compound:2387:CISAPRIDE MONOHYDRATE,cisapride,VZV0A4I38W,QBYYXIDJOFZORM-LBPAWUGGSA-N;QBYYXIDJOFZORM-IKGOIYPNSA-N,3,none - corpus page and Inxight record share no UNII and no InChIKey; needs a human decision
K1:UVL329170W,Cisapride,2,UVL329170W,DCSUBABJRXZOMT-IRLDBZIGSA-N,frdb-compound:2387:CISAPRIDE MONOHYDRATE,cisapride,VZV0A4I38W,QBYYXIDJOFZORM-LBPAWUGGSA-N;QBYYXIDJOFZORM-IKGOIYPNSA-N,3,none - corpus page and Inxight record share no UNII and no InChIKey; needs a human decision
K2:DCSUBABJRXZOMT-UHFFFAOYSA-N,Cisapride,1,,DCSUBABJRXZOMT-UHFFFAOYSA-N,frdb-compound:2387:CISAPRIDE MONOHYDRATE,cisapride,VZV0A4I38W,QBYYXIDJOFZORM-LBPAWUGGSA-N;QBYYXIDJOFZORM-IKGOIYPNSA-N,3,none - corpus page and Inxight record share no UNII and no InChIKey; needs a human decision
K1:27DXO59SAN,Tocainide,2,27DXO59SAN,BUJAGSGYPOAWEI-UHFFFAOYSA-N,frdb-compound:2504:TOCAINIDE HYDROCHLORIDE,tocainide,2K7I38CKN5,AMZACPWEJDQXGW-UHFFFAOYSA-N,1,none - corpus page and Inxight record share no UNII and no InChIKey; needs a human decision
K1:9MV14S8G3E,Pargyline,1,9MV14S8G3E,DPWPWRLQFGFJFI-UHFFFAOYSA-N,frdb-compound:2570:PARGYLINE HYDROCHLORIDE,pargyline,W70V6I2OMY,BCXCABRDBBWWGY-UHFFFAOYSA-N,1,none - corpus page and Inxight record share no UNII and no InChIKey; needs a human decision
K1:1ZPG1ELY14,Rose Bengal Potassium,2,1ZPG1ELY14,VDNLFJGJEQUWRB-UHFFFAOYSA-N,frdb-compound:2602:ROSE BENGAL SODIUM,rosebengal,956575SN5L,UWBXIFCTIZXXLS-UHFFFAOYSA-L,4,none - corpus page and Inxight record share no UNII and no InChIKey; needs a human decision
K1:72HML2UK6J,Itruvone,3,72HML2UK6J,CHOUAXDNNAVGHR-NWSAAYAGSA-N,frdb-compound:2602:ROSE BENGAL SODIUM,rosebengal,956575SN5L,UWBXIFCTIZXXLS-UHFFFAOYSA-L,4,none - corpus page and Inxight record share no UNII and no InChIKey; needs a human decision
K1:BIU7Q7W2SH,Rose Bengal Lactone,2,BIU7Q7W2SH,IICCLYANAQEHCI-UHFFFAOYSA-N,frdb-compound:2602:ROSE BENGAL SODIUM,rosebengal,956575SN5L,UWBXIFCTIZXXLS-UHFFFAOYSA-L,4,none - corpus page and Inxight record share no UNII and no InChIKey; needs a human decision
K1:S3FKL8RY1D,.ALPHA.-PYRROLIDINONONANOPHENONE,3,S3FKL8RY1D,RYJXAZXFWIWTOJ-UHFFFAOYSA-N,frdb-compound:2602:ROSE BENGAL SODIUM,rosebengal,956575SN5L,UWBXIFCTIZXXLS-UHFFFAOYSA-L,4,none - corpus page and Inxight record share no UNII and no InChIKey; needs a human decision
K1:D892HFI3XA,Iproniazid,2,D892HFI3XA,NYMGNSNKLVNMIA-UHFFFAOYSA-N,frdb-compound:3334:IPRONIAZID PHOSPHATE,iproniazid,8DE00V62TV,YPDVTKJXVHYWFY-UHFFFAOYSA-N,1,none - corpus page and Inxight record share no UNII and no InChIKey; needs a human decision
K2:CWRBDUIQDIHWJZ-SOFGYWHQSA-N,Bunamiodyl,1,,CWRBDUIQDIHWJZ-SOFGYWHQSA-N,frdb-compound:4009:BUNAMIODYL SODIUM,bunamiodyl,NTI7T2IEIE,JNUQEHHAXSHUMD-UHFFFAOYSA-M,1,none - corpus page and Inxight record share no UNII and no InChIKey; needs a human decision
K1:A6F645Q9HQ,Methopromazine,3,A6F645Q9HQ,BRABPYPSZVCCLR-UHFFFAOYSA-N,frdb-compound:5358:METHOXYPROMAZINE MALEATE,methoxypromazine,OR0RPY2Y2V,ZWLMLVIUWRUDBD-BTJKTKAUSA-N,1,none - corpus page and Inxight record share no UNII and no InChIKey; needs a human decision
K1:27B90X776A,Mibefradil,1,27B90X776A,HBNPJJILLOYFJU-VMPREFPWSA-N,frdb-compound:6859:MIBEFRADIL DIHYDROCHLORIDE,mibefradil,842TUP3PQ8,MTJLQTFHJIHXIX-GDUXWEAWSA-N,1,none - corpus page and Inxight record share no UNII and no InChIKey; needs a human decision
K1:1WZ12GTT67,Temafloxacin,1,1WZ12GTT67,QKDHBVNJCZBTMR-UHFFFAOYSA-N,frdb-compound:6892:TEMAFLOXACIN HYDROCHLORIDE,temafloxacin,OC5IGJ7J6I,DDVJEYDLTXRYAJ-UHFFFAOYSA-N,1,none - corpus page and Inxight record share no UNII and no InChIKey; needs a human decision
K1:822G987U9J,Zomepirac,1,822G987U9J,ZXVNMYWKKDOREA-UHFFFAOYSA-N,frdb-compound:6907:ZOMEPIRAC SODIUM,zomepirac,Y0185WZ209,ZJXLSCXDGPDZOL-UHFFFAOYSA-M,1,none - corpus page and Inxight record share no UNII and no InChIKey; needs a human decision
K1:7A314HQM0I,Pentetic Acid,2,1XRC28738T,QPCDCPDFJACHGM-UHFFFAOYSA-N,frdb-compound:7505:PENTETATE CALCIUM TRISODIUM,pentetate,G79YN26H5B,AYFCVLSUPGCQKD-UHFFFAOYSA-I,1,none - corpus page and Inxight record share no UNII and no InChIKey; needs a human decision
K1:CU38ZXW8ZG,(1-NAPHTHYLOXY)ACETONE,2,CU38ZXW8ZG,XLBISEPPFPYRSE-UHFFFAOYSA-N,frdb-compound:7509:ACETONE,acetone,1364PS73AF,CSCPPACGZOOCGX-UHFFFAOYSA-N,1,none - corpus page and Inxight record share no UNII and no InChIKey; needs a human decision
K2:MSWZFWKMSRAUBD-IVMDWMLBSA-N,Glucosamine,2,,MSWZFWKMSRAUBD-IVMDWMLBSA-N,frdb-compound:7524:GLUCOSAMINE,glucosamine,N08U5BOQ1K,FZHXIRIBWMQPQF-SLPGGIOYSA-N,2,none - corpus page and Inxight record share no UNII and no InChIKey; needs a human decision
K4:glucosamine,Glucosamine Potassium Sulfate,1,,,frdb-compound:7524:GLUCOSAMINE,glucosamine,N08U5BOQ1K,FZHXIRIBWMQPQF-SLPGGIOYSA-N,2,none - corpus page and Inxight record share no UNII and no InChIKey; needs a human decision
K1:62TEY51RR1,Bismuth Subsalicylate,2,62TEY51RR1,ZREIPSZUJIFJNP-UHFFFAOYSA-K,frdb-compound:7610:BISMUTH SODIUM TARTRATE,bismuth,GAP082Q6UF,YPQBHUDKOKUINZ-OLXYHTOASA-L,4,none - corpus page and Inxight record share no UNII and no InChIKey; needs a human decision
K1:A6I4E79QF1,Bismuth Oxide,2,A6I4E79QF1,TYIXMATWDRGMPF-UHFFFAOYSA-N,frdb-compound:7610:BISMUTH SODIUM TARTRATE,bismuth,GAP082Q6UF,YPQBHUDKOKUINZ-OLXYHTOASA-L,4,none - corpus page and Inxight record share no UNII and no InChIKey; needs a human decision
K1:H19J064BA5,Bismuth Subnitrate,2,H19J064BA5,HKZYQIFHJBPFHP-UHFFFAOYSA-N,frdb-compound:7610:BISMUTH SODIUM TARTRATE,bismuth,GAP082Q6UF,YPQBHUDKOKUINZ-OLXYHTOASA-L,4,none - corpus page and Inxight record share no UNII and no InChIKey; needs a human decision
K1:U015TT5I8H,Bismuth,2,U015TT5I8H,JCXGWMGPZLAOME-UHFFFAOYSA-N,frdb-compound:7610:BISMUTH SODIUM TARTRATE,bismuth,GAP082Q6UF,YPQBHUDKOKUINZ-OLXYHTOASA-L,4,none - corpus page and Inxight record share no UNII and no InChIKey; needs a human decision
K1:5B2658E0N2,Aminosalicylate,2,5B2658E0N2,WUBBRNOQWQTFEX-UHFFFAOYSA-N,frdb-compound:7945:POTASSIUM AMINOSALICYLATE,potassiumaminosalicylate,7N21461LKD,PRZJIMSXCLZGLT-UHFFFAOYSA-M,1,none - corpus page and Inxight record share no UNII and no InChIKey; needs a human decision
K1:UX6OWY2V7J,Codeine Anhydrous,1,11QV9BS0CB,OROGSEYTTFOCAN-DNJOTXNNSA-N,frdb-compound:7958:CODEINE,codeine,Q830PW7520,WRRSFOZOETZUPG-FFHNEAJVSA-N,1,none - corpus page and Inxight record share no UNII and no InChIKey; needs a human decision
"COMBO:{K1:1RTM4PAL0V,K1:9G34HU7RV0}",PIPERAZINE EDETATE CALCIUM,2,L4QEN8344Z,KCXVZYZYPLLWCC-UHFFFAOYSA-N,frdb-compound:7993:PIPERAZINE CITRATE,piperazine,63KP7FXF2I,CMNBASWUQKIYLL-UHFFFAOYSA-N,2,none - corpus page and Inxight record share no UNII and no InChIKey; needs a human decision
K1:1RTM4PAL0V,Piperazine,1,1RTM4PAL0V,GLUUGHFHXGJENI-UHFFFAOYSA-N,frdb-compound:7993:PIPERAZINE CITRATE,piperazine,63KP7FXF2I,CMNBASWUQKIYLL-UHFFFAOYSA-N,2,none - corpus page and Inxight record share no UNII and no InChIKey; needs a human decision
K1:318X4QY113,Gavestinel,3,318X4QY113,WZBNEZWCNKUOSM-VOTSOKGWSA-N,frdb-compound:8141:GV 150526A,gv150526a,80W7787JVB,GRSDSTMFQHAESM-UHDJGPCESA-M,1,none - corpus page and Inxight record share no UNII and no InChIKey; needs a human decision
K1:SUE285UG3S,PHENSERINE,3,SUE285UG3S,PBHFNBQPZCRWQP-QUCCMNQESA-N,frdb-compound:8150:PHENSERINE TARTRATE,phenserine,A2TJL9CO2K,XKKPTCVQEJZDGT-PWUAAHBCSA-N,2,none - corpus page and Inxight record share no UNII and no InChIKey; needs a human decision
K1:Z0O4TJ588O,Buntanetap,3,G18HAS9LKM,PBHFNBQPZCRWQP-AZUAARDMSA-N,frdb-compound:8150:PHENSERINE TARTRATE,phenserine,A2TJL9CO2K,XKKPTCVQEJZDGT-PWUAAHBCSA-N,2,none - corpus page and Inxight record share no UNII and no InChIKey; needs a human decision
K1:554245W62T,Tofogliflozin Anhydrous,2,554245W62T,VWVKUNOPTJGDOB-BDHVOXNPSA-N,frdb-compound:8287:TOFOGLIFLOZIN,tofogliflozin,P8DD8KX4O4,ZXOCGDDVNPDRIW-NHFZGCSJSA-N,1,none - corpus page and Inxight record share no UNII and no InChIKey; needs a human decision
K1:W5H7E45YT3,Banoxantrone,3,W5H7E45YT3,YZBAXVICWUUHGG-UHFFFAOYSA-N,frdb-compound:8296:BANOXANTRONE,banoxantrone,,,1,none - corpus page and Inxight record share no UNII and no InChIKey; needs a human decision
K1:3ZPX60DV8A,Motixafortide Acetate,1,3ZPX60DV8A,JJVZSYKFCOBILL-KZGZZEQFSA-N,frdb-compound:8463:BL-8040,bl8040,,,2,none - corpus page and Inxight record share no UNII and no InChIKey; needs a human decision
K2:JJVZSYKFCOBILL-DPNRMINZSA-N,Motixafortide,3,,JJVZSYKFCOBILL-DPNRMINZSA-N,frdb-compound:8463:BL-8040,bl8040,,,2,none - corpus page and Inxight record share no UNII and no InChIKey; needs a human decision
K2:MPYLDWFDPHRTEG-IFVNMTGRSA-N,Istaroxime,3,,MPYLDWFDPHRTEG-IFVNMTGRSA-N,frdb-compound:8712:ISTAROXIME,istaroxime,W8I9H2TPPL,,1,none - corpus page and Inxight record share no UNII and no InChIKey; needs a human decision
K1:TA63JX8X52,Mericitabine,3,TA63JX8X52,MLESJYFEMSJZLZ-MAAOGQSESA-N,frdb-compound:8784:MERICITABINE,mericitabine,05J68784G1,NYPIRLYMDJMKGW-VPCXQMTMSA-N,1,none - corpus page and Inxight record share no UNII and no InChIKey; needs a human decision
K1:A2I8C7HI9T,Methylparaben,2,A2I8C7HI9T,LXCFILQKKLGQFO-UHFFFAOYSA-N,frdb-compound:9678:METHYLPARABEN SODIUM,methylparaben,CR6K9C2NHK,PESXGULMKCKJCC-UHFFFAOYSA-M,1,none - corpus page and Inxight record share no UNII and no InChIKey; needs a human decision
K1:Z61I075U2W,Phenoxymethylpenicillin,2,146T0TU1JB,BPLBGHOLXOTWMN-MBNYWOFBSA-N,frdb-compound:9773:PENICILLIN V HYDRABAMINE,penicillinv,8T7T79P87L,IJXFBPWHGGIUAV-YQUITFMISA-N,1,none - corpus page and Inxight record share no UNII and no InChIKey; needs a human decision
K1:A7V27PHC7A,Quinine,1,42QO5P0NLM,LOUPRKONTZGTKE-WZBLMQSHSA-N,frdb-compound:9825:QUININE ASCORBATE,quinine,KAU4V10S2I,CJHQUYQRCLIWSW-JPGAVJPLSA-N,1,none - corpus page and Inxight record share no UNII and no InChIKey; needs a human decision
K1:OEI6OOU6IK,Poziotinib,3,OEI6OOU6IK,LPFWVDIFUFFKJU-UHFFFAOYSA-N,frdb-compound:10215:POZIOTINIB,poziotinib,X4Z7U6JL1C,OMYSOLOMWJFVNK-UHFFFAOYSA-N,1,none - corpus page and Inxight record share no UNII and no InChIKey; needs a human decision
K1:GA36S2O9C2,Tezampanel,3,GA36S2O9C2,ZXFRFPSZAKNPQQ-YTWAJWBKSA-N,frdb-compound:10249:TEZAMPANEL,tezampanel,6XN50U405Y,LNDYQNTTYXLTNH-RTBBDAMFSA-N,1,none - corpus page and Inxight record share no UNII and no InChIKey; needs a human decision
K2:XDBOQJCMEXOPMU-BAHYQGKPSA-N,Elocalcitol,3,,XDBOQJCMEXOPMU-BAHYQGKPSA-N,frdb-compound:10292:ELOCALCITOL,elocalcitol,2WDS5F2V6Q,LRLWXBHFPGSUOX-GJQYOBCGSA-N,1,none - corpus page and Inxight record share no UNII and no InChIKey; needs a human decision
K1:9BJ85K1J8S,Quisinostat,3,9BJ85K1J8S,PAWIYAYFNXQGAP-UHFFFAOYSA-N,frdb-compound:10335:QUISINOSTAT HYDROCHLORIDE,quisinostat,WUV1QHM1CS,TWNOICNTTFKOHQ-UHFFFAOYSA-N,1,none - corpus page and Inxight record share no UNII and no InChIKey; needs a human decision
K1:8GU15N96I8,4-(2-HYDROXY-3-ISOPROPYLAMINOPROPOXY)INDENE,3,3MZM7RWW00,MPGBPFMOOXKQRX-UHFFFAOYSA-N,frdb-compound:10400:INDENOLOL HYDROCHLORIDE,indenolol,2VLW0IV0ZQ,,1,none - corpus page and Inxight record share no UNII and no InChIKey; needs a human decision
K1:5UTX5635HP,Oxyquinoline,2,5UTX5635HP,MCJGNVYPOGVAJF-UHFFFAOYSA-N,frdb-compound:20066:8-HYDROXYQUINOLINE CITRATE,8hydroxyquinoline,K522O2O40B,GTOQWWQKBBZILU-UHFFFAOYSA-N,1,none - corpus page and Inxight record share no UNII and no InChIKey; needs a human decision
K1:415SHH325A,Adenosine phosphate,1,415SHH325A,UDMBCSSLTHHNCD-KQYNXXCUSA-N,frdb-compound:20719:ADENOSINE PHOSPHATE DIPOTASSIUM,adenosine,225M14T7DD,OYERHOIFBRDTSU-IDIVVRGQSA-L,5,none - corpus page and Inxight record share no UNII and no InChIKey; needs a human decision
K1:61D2G4IYVH,Adenosine Diphosphate,3,61D2G4IYVH,XTWYTFMLZFPYCI-KQYNXXCUSA-N,frdb-compound:20719:ADENOSINE PHOSPHATE DIPOTASSIUM,adenosine,225M14T7DD,OYERHOIFBRDTSU-IDIVVRGQSA-L,5,none - corpus page and Inxight record share no UNII and no InChIKey; needs a human decision
K1:AB2MK88Y6D,"PIA, (S)-",2,AB2MK88Y6D,RIRGCFBBHQEQQH-KFAHYOAQSA-N,frdb-compound:20719:ADENOSINE PHOSPHATE DIPOTASSIUM,adenosine,225M14T7DD,OYERHOIFBRDTSU-IDIVVRGQSA-L,5,none - corpus page and Inxight record share no UNII and no InChIKey; needs a human decision
K1:K72T3FS567,ADENOSINE,2,K72T3FS567,OIRDTQYFTABQOQ-KQYNXXCUSA-N,frdb-compound:20719:ADENOSINE PHOSPHATE DIPOTASSIUM,adenosine,225M14T7DD,OYERHOIFBRDTSU-IDIVVRGQSA-L,5,none - corpus page and Inxight record share no UNII and no InChIKey; needs a human decision
K1:RP8X0ZB061,Lactobacillus Crispatus Strain CTV-05,2,RP8X0ZB061,,frdb-compound:20719:ADENOSINE PHOSPHATE DIPOTASSIUM,adenosine,225M14T7DD,OYERHOIFBRDTSU-IDIVVRGQSA-L,5,none - corpus page and Inxight record share no UNII and no InChIKey; needs a human decision
K1:00DPD30SOY,Amsacrine,2,00DPD30SOY,XCPGHVQEEXUHNC-UHFFFAOYSA-N,frdb-compound:21589:AMSACRINE GLUCONATE,amsacrine,M4P91439UZ,XXNAQBNJPZNRSZ-IFWQJVLJSA-N,1,none - corpus page and Inxight record share no UNII and no InChIKey; needs a human decision
K1:3QPI1U3FV8,Butylparaben,2,3QPI1U3FV8,QFOHBWFCKVYLES-UHFFFAOYSA-N,frdb-compound:23835:BUTYLPARABEN SODIUM,butylparaben,MAR76J77VS,OGBHACNFHJJTQT-UHFFFAOYSA-M,1,none - corpus page and Inxight record share no UNII and no InChIKey; needs a human decision
K1:2URQ2N32W3,Calcium Lactate,2,2URQ2N32W3,MKJXYGKVIBWPFZ-UHFFFAOYSA-L,frdb-compound:24093:CALCIUM SALICYLATE,calcium,0841QCS0DK,VBIGULIJWJPALH-UHFFFAOYSA-L,30,none - corpus page and Inxight record share no UNII and no InChIKey; needs a human decision
K1:5792C4VMFZ,Calcium Palmitate,3,5792C4VMFZ,HRBZRZSCMANEHQ-UHFFFAOYSA-L,frdb-compound:24093:CALCIUM SALICYLATE,calcium,0841QCS0DK,VBIGULIJWJPALH-UHFFFAOYSA-L,30,none - corpus page and Inxight record share no UNII and no InChIKey; needs a human decision
K1:7UJQ5OPE7D,Carbonate Ion,1,7UJQ5OPE7D,BVKZGUZCCUSVTD-UHFFFAOYSA-N,frdb-compound:24093:CALCIUM SALICYLATE,calcium,0841QCS0DK,VBIGULIJWJPALH-UHFFFAOYSA-L,30,none - corpus page and Inxight record share no UNII and no InChIKey; needs a human decision
K1:86117BWO7P,Calcium Citrate Anhydrous,1,86117BWO7P,FNAQSUUGMSOBHW-UHFFFAOYSA-H,frdb-compound:24093:CALCIUM SALICYLATE,calcium,0841QCS0DK,VBIGULIJWJPALH-UHFFFAOYSA-L,30,none - corpus page and Inxight record share no UNII and no InChIKey; needs a human decision
K1:8EKI9QEE2H,Calcium Iodide,2,8EKI9QEE2H,UNMYWSMUMWPJLR-UHFFFAOYSA-L,frdb-compound:24093:CALCIUM SALICYLATE,calcium,0841QCS0DK,VBIGULIJWJPALH-UHFFFAOYSA-L,30,none - corpus page and Inxight record share no UNII and no InChIKey; needs a human decision
K1:97Z1WI3NDX,"Calcium Phosphate, Unspecified Form",3,97Z1WI3NDX,,frdb-compound:24093:CALCIUM SALICYLATE,calcium,0841QCS0DK,VBIGULIJWJPALH-UHFFFAOYSA-L,30,none - corpus page and Inxight record share no UNII and no InChIKey; needs a human decision
K1:9E7R5L6H31,Oxalic Acid,2,9E7R5L6H31,MUBZPKHOEPUJKR-UHFFFAOYSA-N,frdb-compound:24093:CALCIUM SALICYLATE,calcium,0841QCS0DK,VBIGULIJWJPALH-UHFFFAOYSA-L,30,none - corpus page and Inxight record share no UNII and no InChIKey; needs a human decision
K1:9G34HU7RV0,Edetic Acid,2,7FLD91C86K,KCXVZYZYPLLWCC-UHFFFAOYSA-N,frdb-compound:24093:CALCIUM SALICYLATE,calcium,0841QCS0DK,VBIGULIJWJPALH-UHFFFAOYSA-L,30,none - corpus page and Inxight record share no UNII and no InChIKey; needs a human decision
K1:C7X2M0VVNH,LIME,3,8CZS546954,BRPQOXSCLDDYGP-UHFFFAOYSA-N,frdb-compound:24093:CALCIUM SALICYLATE,calcium,0841QCS0DK,VBIGULIJWJPALH-UHFFFAOYSA-L,30,none - corpus page and Inxight record share no UNII and no InChIKey; needs a human decision
K1:E934B3V59H,Calcium Sulfate Anhydrous,2,WAT0DDB505,OSGAYBCDTDRGGQ-UHFFFAOYSA-L,frdb-compound:24093:CALCIUM SALICYLATE,calcium,0841QCS0DK,VBIGULIJWJPALH-UHFFFAOYSA-L,30,none - corpus page and Inxight record share no UNII and no InChIKey; needs a human decision
K1:3DPK9KFN2M,CHOLESTERYL OLEATE,3,3DPK9KFN2M,RJECHNNFRHZQKU-RMUVNZEASA-N,frdb-compound:24953:CHOLESTERYL SUCCINATE,cholesteryl,T3J4KS4201,WLNARFZDISHUGS-MIXBDBMTSA-N,2,none - corpus page and Inxight record share no UNII and no InChIKey; needs a human decision
K1:KU576NT9O9,Cholesteryl Sulfate,3,KU576NT9O9,BHYOQNUELFTYRT-DPAQBDIFSA-N,frdb-compound:24953:CHOLESTERYL SUCCINATE,cholesteryl,T3J4KS4201,WLNARFZDISHUGS-MIXBDBMTSA-N,2,none - corpus page and Inxight record share no UNII and no InChIKey; needs a human decision
K1:B035PIS86W,DIETHYLAMINE,3,B035PIS86W,HPNMFZURTQLUMO-UHFFFAOYSA-N,frdb-compound:27432:DIETHYLAMINE SALICYLATE,diethylamine,5V7PT38BJU,JGMKRAUEFASZKH-UHFFFAOYSA-N,1,none - corpus page and Inxight record share no UNII and no InChIKey; needs a human decision
K2:ZMGUKFHHNQMKJI-CIOHCNBKSA-N,DIMETHYLCURCUMIN,3,,ZMGUKFHHNQMKJI-CIOHCNBKSA-N,frdb-compound:27980:DIMETHYLCURCUMIN,dimethylcurcumin,D60XLY608D,HMJSBVCDPKODEX-NXZHAISVSA-N,1,none - corpus page and Inxight record share no UNII and no InChIKey; needs a human decision
K2:BSMNRYCSBFHEMQ-UHFFFAOYSA-N,DOV-216303,3,,BSMNRYCSBFHEMQ-UHFFFAOYSA-N,frdb-compound:28748:DOV-216303,dov216303,06S4712H0T,KAGBHVBIOJBGBD-NINOIYOQSA-N;KAGBHVBIOJBGBD-IBYXRORRSA-N,1,none - corpus page and Inxight record share no UNII and no InChIKey; needs a human decision
K1:334895S862,Doxycycline Anhydrous,2,19XTS3T51U,JBIWCJUYHHGXTC-AKNGSSGZSA-N,frdb-compound:28763:DOXYCYCLINE,doxycycline,N12000U13O,XQTWDDCIUJNLTR-CVHRZJFOSA-N,2,none - corpus page and Inxight record share no UNII and no InChIKey; needs a human decision
K1:F8VB5M810T,Tetracycline,2,6B7BK5H33B,OFVLGDICTFRJMM-WESIUVDSSA-N,frdb-compound:28763:DOXYCYCLINE,doxycycline,N12000U13O,XQTWDDCIUJNLTR-CVHRZJFOSA-N,2,none - corpus page and Inxight record share no UNII and no InChIKey; needs a human decision
K1:08O86EX0J4,EQUILIN,3,08O86EX0J4,WKRLQDKEXYKHJB-HFTRVMKXSA-N,frdb-compound:29094:EQUILIN SULFATE,equilin,D507VOE6VN,YJBYRYVLFAUXBJ-HFTRVMKXSA-N,1,none - corpus page and Inxight record share no UNII and no InChIKey; needs a human decision
K1:FE5SPV1Z6G,ETHACIZINE,3,FE5SPV1Z6G,PQXGNJKJMFUPPM-UHFFFAOYSA-N,frdb-compound:29254:ETHACIZINE HYDROCHLORIDE,ethacizine,260059T81O,VHNXQKLWIQHSOY-UHFFFAOYSA-N,1,none - corpus page and Inxight record share no UNII and no InChIKey; needs a human decision
K1:46U771ERWK,ETHYL CHLORIDE,2,46U771ERWK,HRYZWHHZPQKTII-UHFFFAOYSA-N,frdb-compound:29496:ETHYL FUMARATE,ethyl,Y3W849NG2N,XLYMOEINVGRTEX-ONEGZZNKSA-N,4,none - corpus page and Inxight record share no UNII and no InChIKey; needs a human decision
K1:555U6TZ2MV,ETHYL SALICYLATE,2,555U6TZ2MV,GYCKQBWUSACYIF-UHFFFAOYSA-N,frdb-compound:29496:ETHYL FUMARATE,ethyl,Y3W849NG2N,XLYMOEINVGRTEX-ONEGZZNKSA-N,4,none - corpus page and Inxight record share no UNII and no InChIKey; needs a human decision
K1:UFD2LZ005D,Ethyl Butyrate,3,UFD2LZ005D,OBNCKNCVKJNDBV-UHFFFAOYSA-N,frdb-compound:29496:ETHYL FUMARATE,ethyl,Y3W849NG2N,XLYMOEINVGRTEX-ONEGZZNKSA-N,4,none - corpus page and Inxight record share no UNII and no InChIKey; needs a human decision
K2:QUPDWYMUPZLYJZ-UHFFFAOYSA-N,Ethyl,2,,QUPDWYMUPZLYJZ-UHFFFAOYSA-N,frdb-compound:29496:ETHYL FUMARATE,ethyl,Y3W849NG2N,XLYMOEINVGRTEX-ONEGZZNKSA-N,4,none - corpus page and Inxight record share no UNII and no InChIKey; needs a human decision
K1:Z22628B598,Etomidate,2,Z22628B598,NPUKDXXFDDZOKR-LLVKDONJSA-N,frdb-compound:29794:ETOMIDATE HYDROCHLORIDE,etomidate,ZUM3W5027S,NCDXBSVHIGDPOE-RFVHGSKJSA-N,1,none - corpus page and Inxight record share no UNII and no InChIKey; needs a human decision
K1:A0E0NMA80F,Fosfestrol,2,A0E0NMA80F,NLORYLAYLIXTID-ISLYRVAYSA-N,frdb-compound:30402:FOSFESTROL SODIUM,fosfestrol,G9I1882VSD,XGZAXRQNRRXUMY-MJCKVQKWSA-J,1,none - corpus page and Inxight record share no UNII and no InChIKey; needs a human decision
K1:05RMF7YPWN,Hydrocortisone Butyrate,1,05RMF7YPWN,BMCQMVFGOVHVNG-TUFAYURCSA-N,frdb-compound:31800:HYDROCORTISONE TEBUTATE,hydrocortisone,FXJ67LWZ4S,FNFPHNZQOKBKHN-KAJVQRHHSA-N,9,none - corpus page and Inxight record share no UNII and no InChIKey; needs a human decision
K1:2340UP1L2G,Hydrocortisone aceponate,2,2340UP1L2G,MFBMYAOAMQLLPK-FZNHGJLXSA-N,frdb-compound:31800:HYDROCORTISONE TEBUTATE,hydrocortisone,FXJ67LWZ4S,FNFPHNZQOKBKHN-KAJVQRHHSA-N,9,none - corpus page and Inxight record share no UNII and no InChIKey; needs a human decision
K1:2Y87E22X71,Hydrocortisone Phosphate,1,0388G963HY,BGSOJVFOEQLVMH-VWUMJDOOSA-N,frdb-compound:31800:HYDROCORTISONE TEBUTATE,hydrocortisone,FXJ67LWZ4S,FNFPHNZQOKBKHN-KAJVQRHHSA-N,9,none - corpus page and Inxight record share no UNII and no InChIKey; needs a human decision
K1:3X7931PO74,HYDROCORTISONE ACETATE,1,3X7931PO74,ALEXXDVDDISNDU-JZYPGELDSA-N,frdb-compound:31800:HYDROCORTISONE TEBUTATE,hydrocortisone,FXJ67LWZ4S,FNFPHNZQOKBKHN-KAJVQRHHSA-N,9,none - corpus page and Inxight record share no UNII and no InChIKey; needs a human decision
K1:4XDY25L70B,Hydrocortisone Cypionate,1,4XDY25L70B,DLVOSEUFIRPIRM-KAQKJVHQSA-N,frdb-compound:31800:HYDROCORTISONE TEBUTATE,hydrocortisone,FXJ67LWZ4S,FNFPHNZQOKBKHN-KAJVQRHHSA-N,9,none - corpus page and Inxight record share no UNII and no InChIKey; needs a human decision
K1:68717P8FUZ,HYDROCORTISONE VALERATE,2,68717P8FUZ,FZCHYNWYXKICIO-FZNHGJLXSA-N,frdb-compound:31800:HYDROCORTISONE TEBUTATE,hydrocortisone,FXJ67LWZ4S,FNFPHNZQOKBKHN-KAJVQRHHSA-N,9,none - corpus page and Inxight record share no UNII and no InChIKey; needs a human decision
K1:IHV1VP592V,Hydrocortisone Hemisuccinate Anhydrous,2,50LQB69S1Z,VWQWXZAWFPZJDA-CGVGKPPMSA-N,frdb-compound:31800:HYDROCORTISONE TEBUTATE,hydrocortisone,FXJ67LWZ4S,FNFPHNZQOKBKHN-KAJVQRHHSA-N,9,none - corpus page and Inxight record share no UNII and no InChIKey; needs a human decision
K1:O6550D6K3A,Hydrocortisone Probutate,1,O6550D6K3A,FOGXJPFPZOHSQS-AYVLZSQQSA-N,frdb-compound:31800:HYDROCORTISONE TEBUTATE,hydrocortisone,FXJ67LWZ4S,FNFPHNZQOKBKHN-KAJVQRHHSA-N,9,none - corpus page and Inxight record share no UNII and no InChIKey; needs a human decision
K1:WI4X0X7BPJ,Hydrocortisone,1,WI4X0X7BPJ,JYGXADMDTFJGBT-VWUMJDOOSA-N,frdb-compound:31800:HYDROCORTISONE TEBUTATE,hydrocortisone,FXJ67LWZ4S,FNFPHNZQOKBKHN-KAJVQRHHSA-N,9,none - corpus page and Inxight record share no UNII and no InChIKey; needs a human decision
K1:44RAL3456C,Metamfetamine,1,44RAL3456C,MYWUZJCMWCOHBA-VIFPVBQESA-N,frdb-compound:34661:METHAMPHETAMINE SACCHARATE,methamphetamine,K2J544L5HP,RACLVLZTMNZFLJ-SSNDBKPTSA-N,2,none - corpus page and Inxight record share no UNII and no InChIKey; needs a human decision
K1:Y24T9BT2Q2,Levmetamfetamine,2,Y24T9BT2Q2,MYWUZJCMWCOHBA-SECBINFHSA-N,frdb-compound:34661:METHAMPHETAMINE SACCHARATE,methamphetamine,K2J544L5HP,RACLVLZTMNZFLJ-SSNDBKPTSA-N,2,none - corpus page and Inxight record share no UNII and no InChIKey; needs a human decision
K1:276897E67U,"Potassium LACTATE, DL-",2,87V1KMK4QV,PHZLMBHDXVLRIX-UHFFFAOYSA-M,frdb-compound:35563:MONOPOTASSIUM GLUTAMATE ANHYDROUS,monopotassium,GQ82EXX32T,HQEROMHPIOLGCB-DFWYDOINSA-M,2,none - corpus page and Inxight record share no UNII and no InChIKey; needs a human decision
K1:OC4598NZEQ,POTASSIUM ASPARTATE,2,OC4598NZEQ,YKZPPPNXRZHVGX-PXYKVGKMSA-L,frdb-compound:35563:MONOPOTASSIUM GLUTAMATE ANHYDROUS,monopotassium,GQ82EXX32T,HQEROMHPIOLGCB-DFWYDOINSA-M,2,none - corpus page and Inxight record share no UNII and no InChIKey; needs a human decision
"COMBO:{K1:4Z8Y51M438,K1:Q42T66VG0C}",PENICILLIN G PROCAINE,2,17R794ESYN,JGSARLDLIJGVTE-MBNYWOFBSA-N,frdb-compound:39159:PENICILLIN G ALUMINUM,penicilling,1C87B1N51X,OUHOSEHKMRWIFD-HMGFDHFNSA-K,2,none - corpus page and Inxight record share no UNII and no InChIKey; needs a human decision
K1:Q42T66VG0C,Penicillin G,2,O3S7RWT8R5,JGSARLDLIJGVTE-MBNYWOFBSA-N,frdb-compound:39159:PENICILLIN G ALUMINUM,penicilling,1C87B1N51X,OUHOSEHKMRWIFD-HMGFDHFNSA-K,2,none - corpus page and Inxight record share no UNII and no InChIKey; needs a human decision
"COMBO:{K1:4Z8Y51M438,K1:Q42T66VG0C}",PENICILLIN G PROCAINE,2,17R794ESYN,JGSARLDLIJGVTE-MBNYWOFBSA-N,frdb-compound:39162:PENICILLIN G HYDRABAMINE,penicilling,667Y1107D3,BIPGVSDEAYGJOG-YQUITFMISA-N,2,none - corpus page and Inxight record share no UNII and no InChIKey; needs a human decision
K1:Q42T66VG0C,Penicillin G,2,O3S7RWT8R5,JGSARLDLIJGVTE-MBNYWOFBSA-N,frdb-compound:39162:PENICILLIN G HYDRABAMINE,penicilling,667Y1107D3,BIPGVSDEAYGJOG-YQUITFMISA-N,2,none - corpus page and Inxight record share no UNII and no InChIKey; needs a human decision
K1:Y5GMK36KGY,Perindopril,1,1964X464OJ,IPVQLZZIHOAWMC-QXKUPLGCSA-N,frdb-compound:39388:PERINDOPRIL ARGININE,perindopril,TFT5IM1KGB,RYCSJJXKEWBUTI-YDYAIEMNSA-N,1,none - corpus page and Inxight record share no UNII and no InChIKey; needs a human decision
"COMBO:{K1:1RTM4PAL0V,K1:9G34HU7RV0}",PIPERAZINE EDETATE CALCIUM,2,L4QEN8344Z,KCXVZYZYPLLWCC-UHFFFAOYSA-N,frdb-compound:39996:PIPERAZINE TARTRATE,piperazine,SM51XZC901,VNFVKWMKVDOSKT-LREBCSMRSA-N,2,none - corpus page and Inxight record share no UNII and no InChIKey; needs a human decision
K1:1RTM4PAL0V,Piperazine,1,1RTM4PAL0V,GLUUGHFHXGJENI-UHFFFAOYSA-N,frdb-compound:39996:PIPERAZINE TARTRATE,piperazine,SM51XZC901,VNFVKWMKVDOSKT-LREBCSMRSA-N,2,none - corpus page and Inxight record share no UNII and no InChIKey; needs a human decision
K1:ZU8OM8V5WF,SUPINOXIN,3,ZU8OM8V5WF,KAKPGJJRYRYSTP-UHFFFAOYSA-N,frdb-compound:41546:RX-5902,rx5902,,,1,none - corpus page and Inxight record share no UNII and no InChIKey; needs a human decision
K1:40D08182TT,Zotiraciclib,3,3VF50SU4RZ,VXBAJLGYBMTJCY-NSCUHMNNSA-N,frdb-compound:41721:SB-1317,sb1317,,,1,none - corpus page and Inxight record share no UNII and no InChIKey; needs a human decision
K1:CJN36EQM0H,PYROTINIB,3,CJN36EQM0H,SADXACCFNXBCFY-IYNHSRRRSA-N,frdb-compound:41929:SHR-1258,shr1258,,,1,none - corpus page and Inxight record share no UNII and no InChIKey; needs a human decision
K1:1NG558X5VJ,Strontium Bromide,2,1NG558X5VJ,YJPVTCSBVRMESK-UHFFFAOYSA-L,frdb-compound:42994:STRONTIUM LACTATE,strontium,DC1ZYY6LNZ,CCUZKVDGQHXAFK-UHFFFAOYSA-L,12,none - corpus page and Inxight record share no UNII and no InChIKey; needs a human decision
K1:41YPU4MMCA,Strontium Carbonate,2,41YPU4MMCA,LEDMRZGFZIAGGB-UHFFFAOYSA-L,frdb-compound:42994:STRONTIUM LACTATE,strontium,DC1ZYY6LNZ,CCUZKVDGQHXAFK-UHFFFAOYSA-L,12,none - corpus page and Inxight record share no UNII and no InChIKey; needs a human decision
K1:64RA22280P,Strontium Oxide,2,64RA22280P,IATRAKWUXMZMIY-UHFFFAOYSA-N,frdb-compound:42994:STRONTIUM LACTATE,strontium,DC1ZYY6LNZ,CCUZKVDGQHXAFK-UHFFFAOYSA-L,12,none - corpus page and Inxight record share no UNII and no InChIKey; needs a human decision
K1:7Q3KX2L47F,Strontium Sulfate,2,7Q3KX2L47F,UBXAKNTVXQMEAG-UHFFFAOYSA-L,frdb-compound:42994:STRONTIUM LACTATE,strontium,DC1ZYY6LNZ,CCUZKVDGQHXAFK-UHFFFAOYSA-L,12,none - corpus page and Inxight record share no UNII and no InChIKey; needs a human decision
K1:B7CF3BD0TT,Strontium Phosphate,2,B7CF3BD0TT,JOPDZQBPOWAEHC-UHFFFAOYSA-H,frdb-compound:42994:STRONTIUM LACTATE,strontium,DC1ZYY6LNZ,CCUZKVDGQHXAFK-UHFFFAOYSA-L,12,none - corpus page and Inxight record share no UNII and no InChIKey; needs a human decision
K1:BDG873AQZL,Strontium Nitrate,2,BDG873AQZL,DHEQXMRUPNDRPG-UHFFFAOYSA-N,frdb-compound:42994:STRONTIUM LACTATE,strontium,DC1ZYY6LNZ,CCUZKVDGQHXAFK-UHFFFAOYSA-L,12,none - corpus page and Inxight record share no UNII and no InChIKey; needs a human decision
K1:EFY8GJS81Z,Strontium Fluoride,2,EFY8GJS81Z,FVRNDBHWWSPNOM-UHFFFAOYSA-L,frdb-compound:42994:STRONTIUM LACTATE,strontium,DC1ZYY6LNZ,CCUZKVDGQHXAFK-UHFFFAOYSA-L,12,none - corpus page and Inxight record share no UNII and no InChIKey; needs a human decision
K1:EKE8PS9J6Z,STRONTIUM CHLORIDE,2,EKE8PS9J6Z,AHBGXTDRMVNFER-UHFFFAOYSA-L,frdb-compound:42994:STRONTIUM LACTATE,strontium,DC1ZYY6LNZ,CCUZKVDGQHXAFK-UHFFFAOYSA-L,12,none - corpus page and Inxight record share no UNII and no InChIKey; needs a human decision
K1:F6V5HOR0O5,Strontium Iodide,2,F6V5HOR0O5,KRIJWFBRWPCESA-UHFFFAOYSA-L,frdb-compound:42994:STRONTIUM LACTATE,strontium,DC1ZYY6LNZ,CCUZKVDGQHXAFK-UHFFFAOYSA-L,12,none - corpus page and Inxight record share no UNII and no InChIKey; needs a human decision
K1:O09USB7Z44,Strontium Chloride Hexahydrate,2,O09USB7Z44,AMGRXJSJSONEEG-UHFFFAOYSA-L,frdb-compound:42994:STRONTIUM LACTATE,strontium,DC1ZYY6LNZ,CCUZKVDGQHXAFK-UHFFFAOYSA-L,12,none - corpus page and Inxight record share no UNII and no InChIKey; needs a human decision
K1:1NG558X5VJ,Strontium Bromide,2,1NG558X5VJ,YJPVTCSBVRMESK-UHFFFAOYSA-L,frdb-compound:43003:STRONTIUM SALICYLATE,strontium,OGF9EV99TC,BJTJYQIAHXROJC-UHFFFAOYSA-L,12,none - corpus page and Inxight record share no UNII and no InChIKey; needs a human decision
K1:41YPU4MMCA,Strontium Carbonate,2,41YPU4MMCA,LEDMRZGFZIAGGB-UHFFFAOYSA-L,frdb-compound:43003:STRONTIUM SALICYLATE,strontium,OGF9EV99TC,BJTJYQIAHXROJC-UHFFFAOYSA-L,12,none - corpus page and Inxight record share no UNII and no InChIKey; needs a human decision
K1:64RA22280P,Strontium Oxide,2,64RA22280P,IATRAKWUXMZMIY-UHFFFAOYSA-N,frdb-compound:43003:STRONTIUM SALICYLATE,strontium,OGF9EV99TC,BJTJYQIAHXROJC-UHFFFAOYSA-L,12,none - corpus page and Inxight record share no UNII and no InChIKey; needs a human decision
K1:7Q3KX2L47F,Strontium Sulfate,2,7Q3KX2L47F,UBXAKNTVXQMEAG-UHFFFAOYSA-L,frdb-compound:43003:STRONTIUM SALICYLATE,strontium,OGF9EV99TC,BJTJYQIAHXROJC-UHFFFAOYSA-L,12,none - corpus page and Inxight record share no UNII and no InChIKey; needs a human decision
K1:B7CF3BD0TT,Strontium Phosphate,2,B7CF3BD0TT,JOPDZQBPOWAEHC-UHFFFAOYSA-H,frdb-compound:43003:STRONTIUM SALICYLATE,strontium,OGF9EV99TC,BJTJYQIAHXROJC-UHFFFAOYSA-L,12,none - corpus page and Inxight record share no UNII and no InChIKey; needs a human decision
K1:BDG873AQZL,Strontium Nitrate,2,BDG873AQZL,DHEQXMRUPNDRPG-UHFFFAOYSA-N,frdb-compound:43003:STRONTIUM SALICYLATE,strontium,OGF9EV99TC,BJTJYQIAHXROJC-UHFFFAOYSA-L,12,none - corpus page and Inxight record share no UNII and no InChIKey; needs a human decision
K1:EFY8GJS81Z,Strontium Fluoride,2,EFY8GJS81Z,FVRNDBHWWSPNOM-UHFFFAOYSA-L,frdb-compound:43003:STRONTIUM SALICYLATE,strontium,OGF9EV99TC,BJTJYQIAHXROJC-UHFFFAOYSA-L,12,none - corpus page and Inxight record share no UNII and no InChIKey; needs a human decision
K1:EKE8PS9J6Z,STRONTIUM CHLORIDE,2,EKE8PS9J6Z,AHBGXTDRMVNFER-UHFFFAOYSA-L,frdb-compound:43003:STRONTIUM SALICYLATE,strontium,OGF9EV99TC,BJTJYQIAHXROJC-UHFFFAOYSA-L,12,none - corpus page and Inxight record share no UNII and no InChIKey; needs a human decision
K1:F6V5HOR0O5,Strontium Iodide,2,F6V5HOR0O5,KRIJWFBRWPCESA-UHFFFAOYSA-L,frdb-compound:43003:STRONTIUM SALICYLATE,strontium,OGF9EV99TC,BJTJYQIAHXROJC-UHFFFAOYSA-L,12,none - corpus page and Inxight record share no UNII and no InChIKey; needs a human decision
K1:O09USB7Z44,Strontium Chloride Hexahydrate,2,O09USB7Z44,AMGRXJSJSONEEG-UHFFFAOYSA-L,frdb-compound:43003:STRONTIUM SALICYLATE,strontium,OGF9EV99TC,BJTJYQIAHXROJC-UHFFFAOYSA-L,12,none - corpus page and Inxight record share no UNII and no InChIKey; needs a human decision
K1:Y7FKS2XWQH,Sulfathiazole,1,Y7FKS2XWQH,JNMRHUJNCSQMMB-UHFFFAOYSA-N,frdb-compound:43124:SULFATHIAZOLE SODIUM MONOHYDRATE,sulfathiazole,W6NDW4K12P,PEVALAQKCXISJZ-UHFFFAOYSA-N,1,none - corpus page and Inxight record share no UNII and no InChIKey; needs a human decision
K1:F4YU4LON7I,Tenofovir Disoproxil,2,05F4G8DO5I,JFVZFKDSXNQEJW-CQSZACIVSA-N,frdb-compound:43365:TENOFOVIR DISOPROXIL SUCCINATE,tenofovirdisoproxil,94882WB39E,CCGIINMVANPRGB-PFEQFJNWSA-N,2,none - corpus page and Inxight record share no UNII and no InChIKey; needs a human decision
K1:W4HFE001U5,Tenofovir Anhydrous,2,99YXE507IL,SGOIRFVFHAKUTI-ZCFIWIBFSA-N,frdb-compound:43365:TENOFOVIR DISOPROXIL SUCCINATE,tenofovirdisoproxil,94882WB39E,CCGIINMVANPRGB-PFEQFJNWSA-N,2,none - corpus page and Inxight record share no UNII and no InChIKey; needs a human decision
K1:A78GF17HJS,Urapidil,1,A78GF17HJS,ICMGLRUYEQNHPF-UHFFFAOYSA-N,frdb-compound:44964:URAPIDIL HYDROCHLORIDE,urapidil,PVU92PZO12,KTMLZVUAXJERAT-UHFFFAOYSA-N,1,none - corpus page and Inxight record share no UNII and no InChIKey; needs a human decision
K1:3JU1DU3652,Zuclomifene,3,3JU1DU3652,GKIRPKYJQBWNGO-QPLCGJKRSA-N,frdb-compound:45584:ZUCLOMIPHENE CITRATE,zuclomiphene,UY5X264QZV,PYTMYKVIJXPNBD-OQKDUQJOSA-N,1,none - corpus page and Inxight record share no UNII and no InChIKey; needs a human decision
K1:2YHB6175DO,Cyproheptadine,2,2YHB6175DO,JJCFRYNCJDLXIK-UHFFFAOYSA-N,frdb-compound:46021:CYPROHEPTADINE HYDROCHLORIDE ANHYDROUS,cyproheptadine,0S9323MCT0,ZPMVNZLARAEGHB-UHFFFAOYSA-N,1,none - corpus page and Inxight record share no UNII and no InChIKey; needs a human decision
K1:DRG21OQ517,Opaganib,3,DRG21OQ517,CAOTVXGYTWCKQE-UHFFFAOYSA-N,frdb-compound:46260:ABC-294640,abc294640,RFN6U0F30B,BXGLNXNRKRUYTH-UHFFFAOYSA-N,1,none - corpus page and Inxight record share no UNII and no InChIKey; needs a human decision
K1:JMS50MPO89,Losartan,1,3ST302B24A,PSIFNNKUMBGKDQ-UHFFFAOYSA-N,frdb-compound:46630:EXP-3174,exp3174,GD76OCH73X,ZEUXAIYYDDCIRX-UHFFFAOYSA-N,1,none - corpus page and Inxight record share no UNII and no InChIKey; needs a human decision
K1:426X066ELK,Forodesine,2,426X066ELK,IWKXDMQDITUYRK-KUBHLMPHSA-N,frdb-compound:47321:FORODESINE HYDROCHLORIDE,forodesine,6SN82Y9U73,WEIAMZKHBCLFOG-QPAIBFMUSA-N,1,none - corpus page and Inxight record share no UNII and no InChIKey; needs a human decision
K1:18IZ008EU6,Temocapril,3,18IZ008EU6,FIQOFIRCTOWDOW-BJLQDIEVSA-N,frdb-compound:47387:TEMOCAPRIL HCL,temocaprilhcl,8G820I95VP,XDDQNOKKZKHBIX-ASBZXGSUSA-N,1,none - corpus page and Inxight record share no UNII and no InChIKey; needs a human decision
K1:GB2433A4M3,Dapoxetine,3,GB2433A4M3,USRHYDPUVLEVMC-FQEVSTJZSA-N,frdb-compound:47398:DAPOXETINE HCL,dapoxetinehcl,U4OHT63MRI,IHWDIQRWYNMKFM-BDQAORGHSA-N,1,none - corpus page and Inxight record share no UNII and no InChIKey; needs a human decision
K1:621G617227,Fesoterodine,2,621G617227,DCCSDBARQIPTGU-HSZRJFAPSA-N,frdb-compound:47518:FESOTERODINE FUMARATE,fesoterodine,EOS72165S7,MWHXMIASLKXGBU-RNCYCKTQSA-N,1,none - corpus page and Inxight record share no UNII and no InChIKey; needs a human decision
K1:F5EOM0LD8E,Tolperisone,3,F5EOM0LD8E,FSKFPVLPFLJRQB-UHFFFAOYSA-N,frdb-compound:47561:TOLPERISONE HYDROCHLORIDE,tolperisone,8Z075K2TIG,ZBUVYROEHQQAKL-UHFFFAOYSA-N,1,none - corpus page and Inxight record share no UNII and no InChIKey; needs a human decision
K2:PDTYLGXVBIWRIM-UHFFFAOYSA-N,SB-242235,3,,PDTYLGXVBIWRIM-UHFFFAOYSA-N,frdb-compound:47734:SB 242235,sb242235,,,1,none - corpus page and Inxight record share no UNII and no InChIKey; needs a human decision
K1:54T74394F8,IADADEMSTAT,3,54T74394F8,ALHBJBCQLJZYON-ZQDZILKHSA-N,frdb-compound:48567:ORY-1001,ory1001,XC0UT08SNJ,VHNNYAVEBXCOSG-QCEMKRCNSA-N,1,none - corpus page and Inxight record share no UNII and no InChIKey; needs a human decision
K1:5H31GI9502,WIN-55212-2,3,5H31GI9502,HQVHOQAKMCMIIM-HXUWFJFHSA-N,"frdb-compound:48979:WIN 55,212-2 MESYLATE",win552122,2J851TP7VJ,FSGCSTPOPBJYSX-VEIFNGETSA-N,1,none - corpus page and Inxight record share no UNII and no InChIKey; needs a human decision
K1:8R3V6LDU0V,BAY-1436032,3,8R3V6LDU0V,RNMAUIMMNAHKQR-QFBILLFUSA-N,frdb-compound:49263:BAY-1436032,bay1436032,,,1,none - corpus page and Inxight record share no UNII and no InChIKey; needs a human decision
K4:menthyl,Menthyl,2,,,"frdb-compound:49406:MENTHYL SALICYLATE, (+/-)-",menthylsalicylate,43XOA705ZD,SJOXEWUZWQYCGL-DVOMOZLQSA-N;SJOXEWUZWQYCGL-ZENOOKHLSA-N,1,none - corpus page and Inxight record share no UNII and no InChIKey; needs a human decision
"COMBO:{K1:QLZ991V4A2,K1:TZ47U051FI}",DEXTROAMPHETAMINE SACCHARATE,2,G83415V073,DSLZVSRJTYRBFB-LLEIAEIESA-N,frdb-compound:49416:DEXTROAMPHETAMINE TANNATE,dextroamphetamine,500Y9JV943,LZHILFCCEFOKOG-VFRRKMCSSA-N,4,none - corpus page and Inxight record share no UNII and no InChIKey; needs a human decision
HOLD:existing:dextroamphetamine-saccharate,Dextroamphetamine Saccharate,1,G83415V073,KWTSXDURSIMDCE-QMMMGPOBSA-N,frdb-compound:49416:DEXTROAMPHETAMINE TANNATE,dextroamphetamine,500Y9JV943,LZHILFCCEFOKOG-VFRRKMCSSA-N,4,none - corpus page and Inxight record share no UNII and no InChIKey; needs a human decision
K1:CK833KGX7E,Amfetamine,2,H527KAP6L5,KWTSXDURSIMDCE-UHFFFAOYSA-N,frdb-compound:49416:DEXTROAMPHETAMINE TANNATE,dextroamphetamine,500Y9JV943,LZHILFCCEFOKOG-VFRRKMCSSA-N,4,none - corpus page and Inxight record share no UNII and no InChIKey; needs a human decision
K1:TZ47U051FI,Dexamfetamine,1,JJ768O327N,KWTSXDURSIMDCE-QMMMGPOBSA-N,frdb-compound:49416:DEXTROAMPHETAMINE TANNATE,dextroamphetamine,500Y9JV943,LZHILFCCEFOKOG-VFRRKMCSSA-N,4,none - corpus page and Inxight record share no UNII and no InChIKey; needs a human decision
K1:6LGR0RYY5Q,Romaciclib,3,SDM3M518PJ,FSBMCTDYWXIBLM-UHFFFAOYSA-N,frdb-compound:50268:SEL-120-34A,sel12034a,,,1,none - corpus page and Inxight record share no UNII and no InChIKey; needs a human decision
K1:L6EE7H64YF,GSK-3008348 FREE BASE,3,33W7SJ9TBX,ZMXBIIQMSGOIRZ-RCZVLFRGSA-N,frdb-compound:58506:GSK-3008348,gsk3008348,,,1,none - corpus page and Inxight record share no UNII and no InChIKey; needs a human decision
K1:770140J08A,Imaradenant,3,770140J08A,NCWQLHHDGDXIJN-UHFFFAOYSA-N,frdb-compound:58781:IMARADENANT,imaradenant,,,1,none - corpus page and Inxight record share no UNII and no InChIKey; needs a human decision
K1:IFD73D535A,Numidargistat,3,IFD73D535A,ZZJLMZYUGLJBSO-LAEOZQHASA-N,frdb-compound:58924:CB-1158,cb1158,,,1,none - corpus page and Inxight record share no UNII and no InChIKey; needs a human decision
K1:HNE676755I,"3,3',4',5-TETRACHLOROSALICYLANILIDE",1,HNE676755I,SJQBHPJLLIJASD-UHFFFAOYSA-N,"frdb-compound:59528:3,3',4,5'-TETRACHLOROSALICYLANILIDE",3345tetrachlorosalicylanilide,4H8SC2479J,ZJIQNOMMMRNUEM-UHFFFAOYSA-N,1,none - corpus page and Inxight record share no UNII and no InChIKey; needs a human decision
K1:WJA5UO9E10,Orelabrutinib,3,WJA5UO9E10,MZPVEMOYADUARK-UHFFFAOYSA-N,frdb-compound:59564:ORELABRUTINIB,orelabrutinib,,,1,none - corpus page and Inxight record share no UNII and no InChIKey; needs a human decision
K1:143NQ3779B,Calcipotriol,2,143NQ3779B,LWQQLNNNIPYSNX-UROSTWAQSA-N,frdb-compound:59565:BETAMETHASONE VALERATE,betamethasone,,,8,none - corpus page and Inxight record share no UNII and no InChIKey; needs a human decision
K1:50FH5AG9RW,BETAMETHASONE BUTYRATE PROPIONATE,3,50FH5AG9RW,VXOWJCTXWVWLLC-REGDIAEZSA-N,frdb-compound:59565:BETAMETHASONE VALERATE,betamethasone,,,8,none - corpus page and Inxight record share no UNII and no InChIKey; needs a human decision
K1:826Y60901U,BETAMETHASONE DIPROPIONATE,2,826Y60901U,CIWBQSYVNNPZIQ-XYWKZLDCSA-N,frdb-compound:59565:BETAMETHASONE VALERATE,betamethasone,,,8,none - corpus page and Inxight record share no UNII and no InChIKey; needs a human decision
K1:877K0XW47A,BETAMETHASONE BENZOATE,2,877K0XW47A,SOQJPQZCPBDOMF-YCUXZELOSA-N,frdb-compound:59565:BETAMETHASONE VALERATE,betamethasone,,,8,none - corpus page and Inxight record share no UNII and no InChIKey; needs a human decision
K1:9842X06Q6M,Betamethasone,1,9842X06Q6M,UREBDLICKHMUKA-DVTGEIKXSA-N,frdb-compound:59565:BETAMETHASONE VALERATE,betamethasone,,,8,none - corpus page and Inxight record share no UNII and no InChIKey; needs a human decision
K1:9IFA5XM7R2,BETAMETHASONE VALERATE,2,9IFA5XM7R2,SNHRLVCMMWUAJD-SUYDQAKGSA-N,frdb-compound:59565:BETAMETHASONE VALERATE,betamethasone,,,8,none - corpus page and Inxight record share no UNII and no InChIKey; needs a human decision
K1:TI05AO53L7,BETAMETHASONE ACETATE,2,TI05AO53L7,AKUJBENLRBOFTD-QZIXMDIESA-N,frdb-compound:59565:BETAMETHASONE VALERATE,betamethasone,,,8,none - corpus page and Inxight record share no UNII and no InChIKey; needs a human decision
K1:YJO1F9W10R,Betamethasone Phosphate,2,7BK02SCL3W,VQODGRNSFPNSQE-DVTGEIKXSA-N,frdb-compound:59565:BETAMETHASONE VALERATE,betamethasone,,,8,none - corpus page and Inxight record share no UNII and no InChIKey; needs a human decision
K1:2834W8D6GK,Atabecestat,3,2834W8D6GK,VLLFGVHGKLDDLW-SFHVURJKSA-N,frdb-compound:59566:ATABECESTAT,atabecestat,,,1,none - corpus page and Inxight record share no UNII and no InChIKey; needs a human decision
K2:MXNGYQJJYRVGGJ-QFIPXVFZSA-N,AZD-7624,3,,MXNGYQJJYRVGGJ-QFIPXVFZSA-N,frdb-compound:59568:AZD-7624,azd7624,,,1,none - corpus page and Inxight record share no UNII and no InChIKey; needs a human decision
K1:ZH8CPX4YNB,ONO-2952,3,ZH8CPX4YNB,ZBQMTQGDBFZUBG-NRFANRHFSA-N,frdb-compound:59570:ONO-2952,ono2952,,,1,none - corpus page and Inxight record share no UNII and no InChIKey; needs a human decision
K1:7OM98IUD1O,Gartisertib,3,7OM98IUD1O,QAYHKBLKSXWOEO-UHFFFAOYSA-N,frdb-compound:59572:VX-803,vx803,,,1,none - corpus page and Inxight record share no UNII and no InChIKey; needs a human decision
K1:31M3WLJ3KG,Belvarafenib,3,31M3WLJ3KG,KVCQTKNUUQOELD-UHFFFAOYSA-N,frdb-compound:59575:BELVARAFENIB,belvarafenib,,,1,none - corpus page and Inxight record share no UNII and no InChIKey; needs a human decision
K1:F6XR3O34V2,Amredobresib,3,F6XR3O34V2,JLUUVUUYIXBDCG-UHFFFAOYSA-N,frdb-compound:59577:BI-894999,bi894999,,,1,none - corpus page and Inxight record share no UNII and no InChIKey; needs a human decision
K1:28P3DU6DB3,Giredestrant,3,28P3DU6DB3,GQCXHIKRWBIQMD-AKJBCIBTSA-N,frdb-compound:59580:GIREDESTRANT,giredestrant,,,1,none - corpus page and Inxight record share no UNII and no InChIKey; needs a human decision
K1:DN9IUI24GP,Danuglipron,3,2HJV78O0SS,HYBAKUMPISVZQP-DEOSSOPVSA-N,frdb-compound:59583:PF-06882961,pf06882961,,,1,none - corpus page and Inxight record share no UNII and no InChIKey; needs a human decision
K1:Y7HJ4D4CRT,ODM-203,3,Y7HJ4D4CRT,ZJFCBQXPTQSTCZ-UHFFFAOYSA-N,frdb-compound:59588:ODM-203,odm203,,,1,none - corpus page and Inxight record share no UNII and no InChIKey; needs a human decision
K2:KPQQGHGDBBJGFA-QNGWXLTQSA-N,MK-8353,3,,KPQQGHGDBBJGFA-QNGWXLTQSA-N,frdb-compound:59591:MK-8353,mk8353,,,1,none - corpus page and Inxight record share no UNII and no InChIKey; needs a human decision
K1:7JTT036WGX,Gumarontinib,3,7JTT036WGX,RYBLECYFLJXEJX-UHFFFAOYSA-N,frdb-compound:59595:GLUMETINIB,glumetinib,,,1,none - corpus page and Inxight record share no UNII and no InChIKey; needs a human decision
K1:A6U64OU57E,Lanraplenib,3,A6U64OU57E,XCIGZBVOUQVIPI-UHFFFAOYSA-N,frdb-compound:59604:LANRAPLENIB,lanraplenib,,,1,none - corpus page and Inxight record share no UNII and no InChIKey; needs a human decision
K1:JTZ51LIXN4,NEMTABRUTINIB,3,JTZ51LIXN4,JSFCZQSJQXFJDS-QAPCUYQASA-N,frdb-compound:59609:ARQ-531,arq531,,,1,none - corpus page and Inxight record share no UNII and no InChIKey; needs a human decision
K1:WBH8AY6ENB,Lerociclib,3,WBH8AY6ENB,YPJRHEKCFKOVRT-UHFFFAOYSA-N,frdb-compound:59611:LEROCICLIB,lerociclib,,,1,none - corpus page and Inxight record share no UNII and no InChIKey; needs a human decision
K2:JUPOTOIJLKDAPF-UHFFFAOYSA-N,ARRY-382,3,,JUPOTOIJLKDAPF-UHFFFAOYSA-N,frdb-compound:59615:ARRY-382,arry382,,,1,none - corpus page and Inxight record share no UNII and no InChIKey; needs a human decision
K1:2BTG5MX2Q2,USL-311,3,2BTG5MX2Q2,XNUNVQKARNSSEO-UHFFFAOYSA-N,frdb-compound:59617:USL-311,usl311,,,1,none - corpus page and Inxight record share no UNII and no InChIKey; needs a human decision
K1:Q5BB91JL0V,Limantrafin,3,Q5BB91JL0V,WHIWGRCYMQLLAO-UHFFFAOYSA-N,frdb-compound:59624:CB-103,cb103,,,1,none - corpus page and Inxight record share no UNII and no InChIKey; needs a human decision
K1:V4E0A9M44Q,Etavopivat,3,V4E0A9M44Q,KZFFYEPYCVDOGE-LJQANCHMSA-N,frdb-compound:59625:ETAVOPIVAT,etavopivat,,,1,none - corpus page and Inxight record share no UNII and no InChIKey; needs a human decision
K1:N8Q12KU2SW,Vodobatinib,3,N8Q12KU2SW,ZQOBVMHBVWNVBG-UHFFFAOYSA-N,frdb-compound:59628:VODOBATINIB,vodobatinib,,,1,none - corpus page and Inxight record share no UNII and no InChIKey; needs a human decision
K1:XE10NJQ95M,Firsocostat,3,XE10NJQ95M,ZZWWXIBKLBMSCS-FQEVSTJZSA-N,frdb-compound:59629:FIRSOCOSTAT,firsocostat,,,1,none - corpus page and Inxight record share no UNII and no InChIKey; needs a human decision
K1:KF4ZI0CJ7M,Fidrisertib,3,KF4ZI0CJ7M,SWVYYNLRVIYURK-AREMUKBSSA-N,frdb-compound:59630:BLU-782,blu782,,,1,none - corpus page and Inxight record share no UNII and no InChIKey; needs a human decision
K1:S1Z7Y5G56T,Camonsertib,3,S1Z7Y5G56T,YIHHYCIYAIVQKX-MBIULKOWSA-N,frdb-compound:59631:RP-3500,rp3500,,,1,none - corpus page and Inxight record share no UNII and no InChIKey; needs a human decision
K1:1WX8O5XV4R,AK-01,3,1WX8O5XV4R,YQQZZYYQTCPEAS-OYLFLEFRSA-N,frdb-compound:59632:LY-3295668,ly3295668,,,1,none - corpus page and Inxight record share no UNII and no InChIKey; needs a human decision
K1:BL5NEF7JDK,ODM-207,3,BL5NEF7JDK,YVGWSVHZXWFLIT-UHFFFAOYSA-N,frdb-compound:59634:ODM-207,odm207,,,1,none - corpus page and Inxight record share no UNII and no InChIKey; needs a human decision
K1:PJX9GH268R,BMS-986142,3,PJX9GH268R,ZRYMMWAJAFUANM-INIZCTEOSA-N,frdb-compound:59637:BMS-986142,bms986142,,,1,none - corpus page and Inxight record share no UNII and no InChIKey; needs a human decision
K3:CHEMBL3545221,AZD2423,3,,,frdb-compound:59640:AZD-2423,azd2423,,,1,none - corpus page and Inxight record share no UNII and no InChIKey; needs a human decision
K1:JM8C1SFX0U,Danicopan,2,JM8C1SFX0U,PIBARDGJJAGJAJ-NQIIRXRSSA-N,frdb-compound:59643:DANICOPAN,danicopan,,,1,none - corpus page and Inxight record share no UNII and no InChIKey; needs a human decision
K1:TBF1NHY02O,Amcenestrant,3,TBF1NHY02O,KISZAGQTIXIVAR-VWLOTQADSA-N,frdb-compound:59645:SAR-439859,sar439859,,,1,none - corpus page and Inxight record share no UNII and no InChIKey; needs a human decision
K1:F40IRN5981,Ibcasertib,3,F40IRN5981,BRKWREZNORONDU-UHFFFAOYSA-N,frdb-compound:59648:CHIAURANIB,chiauranib,,,1,none - corpus page and Inxight record share no UNII and no InChIKey; needs a human decision
K1:2ZT81PV5UM,Izencitinib,3,2ZT81PV5UM,DADAEARVGOQWHV-OSYLJGHBSA-N,frdb-compound:59652:IZENCITINIB,izencitinib,,,1,none - corpus page and Inxight record share no UNII and no InChIKey; needs a human decision
K1:EC2P9H3A8S,PF-06835919,3,EC2P9H3A8S,MDUYWDNWFXSMJJ-XWLWVQCSSA-N,frdb-compound:59653:PF-06835919,pf06835919,,,1,none - corpus page and Inxight record share no UNII and no InChIKey; needs a human decision
K1:4RZD8LK83V,Zapnometinib,3,4RZD8LK83V,XCNBGWKQXRQKSA-UHFFFAOYSA-N,frdb-compound:59654:ZAPNOMETINIB,zapnometinib,,,1,none - corpus page and Inxight record share no UNII and no InChIKey; needs a human decision
K1:NMZ08KM76Z,Tropifexor,3,NMZ08KM76Z,VYLOOGHLKSNNEK-PIIMJCKOSA-N,frdb-compound:59656:TROPIFEXOR,tropifexor,,,1,none - corpus page and Inxight record share no UNII and no InChIKey; needs a human decision
K1:CJ1PL0TE6J,Nidufexor,3,CJ1PL0TE6J,JYTIXGYXBIBOMN-UHFFFAOYSA-N,frdb-compound:59657:NIDUFEXOR,nidufexor,,,1,none - corpus page and Inxight record share no UNII and no InChIKey; needs a human decision
K1:7CZ390V26X,Enpatoran,3,7CZ390V26X,BJXYHBKEQFQVES-NWDGAFQWSA-N,frdb-compound:59661:ENPATORAN,enpatoran,,,1,none - corpus page and Inxight record share no UNII and no InChIKey; needs a human decision
K1:YP8G3I74EL,Vorolanib,3,YP8G3I74EL,KMIOJWCYOHBUJS-HAKPAVFJSA-N,frdb-compound:59663:VOROLANIB,vorolanib,,,1,none - corpus page and Inxight record share no UNII and no InChIKey; needs a human decision
K1:8CZ82ZYY9X,Tolebrutinib,2,8CZ82ZYY9X,KOEUOFPEZFUWRF-LJQANCHMSA-N,frdb-compound:59664:TOLEBRUTINIB,tolebrutinib,,,1,none - corpus page and Inxight record share no UNII and no InChIKey; needs a human decision
K1:5G1WE425BI,"RILZABRUTINIB, (E)-",2,NWN58M4F5T,LCFFREMLXLZNHE-GBOLQPHISA-N,frdb-compound:59665:RILZABRUTINIB,rilzabrutinib,,,2,none - corpus page and Inxight record share no UNII and no InChIKey; needs a human decision
K1:NWN58M4F5T,Rilzabrutinib,2,NWN58M4F5T,,frdb-compound:59665:RILZABRUTINIB,rilzabrutinib,,,2,none - corpus page and Inxight record share no UNII and no InChIKey; needs a human decision
K1:A49A7A5YN4,Firmonertinib,3,A49A7A5YN4,GHKOONMJXNWOIW-UHFFFAOYSA-N,frdb-compound:59667:ALFLUTINIB,alflutinib,,,1,none - corpus page and Inxight record share no UNII and no InChIKey; needs a human decision
K1:TWF0ML1CK8,Fuzuloparib,3,TWF0ML1CK8,XJGXCBHXFWBOTN-UHFFFAOYSA-N,frdb-compound:59669:FLUZOPARIB,fluzoparib,,,1,none - corpus page and Inxight record share no UNII and no InChIKey; needs a human decision
