"req_id","source_section","requirement","status","severity","evidence","evidence_class","document","user_impact","safety_privacy_impact","proposed_owner","dependency","confidence","acceptance_test"
"V19-IA-001","§2.1 / §16","One connected global navigation: Today, Community, Protocols, Wiki, Marketplace + persistent avatar opens Profile","partial","P2","Hydrated nav at 1440x900 on / = 7 links: 'RNAwiki -> /', 'Solve -> /solve', 'Where it hurts -> /where', 'My Plan -> /plan', 'Learn -> /learn', 'A-Z -> /az', 'Browse -> /browse' (puppeteer, header/nav anchors). curl: /today 404, /community 404, /marketplace 404, /protocols 404, /wiki 404. No avatar control in header.","OBSERVED FACT","hydrated + prerendered","A v1.9 user cannot reach Community or Marketplace at all; 'My Plan' is the only Today-like destination.","none directly","UX macro","none","high","At 1024/1280/1440/1728 the hydrated header exposes 5 named destinations with a current-state indicator and one avatar control that navigates to a profile route returning 200."
"V19-IA-002","§2.2 / §16","Contextual wiki return: opaque expiring session-stored context object; health state never in URL","absent","P1","/usr/bin/grep -ac 'Back to today' site/app.js = 0. No return-context store exists; mountExercise (site/app.js:8682) renders crumbs Home > Learn > {name} only. Plan rows link out with <a class='trk-i' href='#/exercise/{id}'> (site/app.js ~5985) and nothing carries the opener back.","OBSERVED FACT","code","A user who opens an exercise from their plan loses their place and must re-navigate; the loop 'do the action' breaks at the wiki hop.","Low. No health state is currently placed in a URL either (nothing to leak yet).","UX macro","V19-IA-001","high","Opening a wiki record from the plan renders a dominant 'Back to today's action' control; sessionStorage holds an opaque key; the wiki URL contains no pid/rcid/symptom; after expiry the page shows the authored context-expired copy."
"V19-IA-003","§2.4 / §16","Connected route journey with loading/permission/404/stale-context and no direct-enrollment or auto-scheduling escape","partial","P2","Real loading states exist (studioLoading site/app.js:9061, planLoading:5115, profileLoading). Real HTTP 404 exists (server.js:3070 notFoundPage, /nonexistent-xyz -> 404). Permission-denied and stale-context states are not implemented; 5 of the 8 v1.9 destination routes 404 (see V19-IA-001).","OBSERVED FACT","prerendered + code","Half the v1.9 journeys have no destination to connect.","none","UX macro","V19-IA-001","high","Every row of the §2.4 table resolves to a repo route that returns 200 and renders loading / permission / 404 / stale-context / return states."
"V19-IA-004","§2.3 / §16","Immutable ApprovedBlock id+version continuity; mismatch fails closed","partial","P1","studio_protocols.spec stores {k,id} references with 'EVERY KEY OTHER THAN k AND id IS AN OVERRIDE, AND ABSENCE MEANS INHERITANCE' (db.js:496-560 comment block) - correct identity-not-copy design. But there is NO version field on the referenced block: the corpus is a build artefact with no per-record version, and db.js states base_pid/base_rcid are 'NOT a foreign key ... the renderer degrades to started from scratch if a root cause is ever retired'.","OBSERVED FACT","code","A corpus correction silently changes every protocol that used the block, with no stale/updated notice to the participant.","Safety-relevant: a contraindication added to a compound reaches an existing plan with no 'this changed' state.","Content macro + integrator","build/parse.js record versioning","high","Every plan/studio item resolves an id AND a version; a version the corpus no longer has renders an explicit unavailable/stale state and never substitutes a similarly named block; assert gate added and proven by reintroducing a stale reference."
"V19-BLD-001","§3.3 / §16","Questions -> possible reason -> Plan -> Check-in grammar visible as four numbered stages","partial","P1","The four stages exist as separate ROUTES, not one grammar: /solve (questions) -> /problem/<id> (causes) -> /protocol/<id>/<rcid> (plan) -> /plan check-ins. Hydrated /problem/knee-pain = 8,500 words, H2s 'First - when this is not a self-care problem', 'Which one is you? - the 6 causes side by side', 'What's actually causing this - the 6 common causes in full'. The word 'Check-in' appears 1x in site/app.js; 'What may be going on' 0x; 'Possible reason' 0x.","OBSERVED FACT","hydrated","The model is implicit in the route order and never named, so a creator or reader is never told what the four stages are.","See V19-VOCAB-001 - the current wording asserts causation.","UX macro","none","high","A creator opening the builder sees four numbered column headings using the exact §1.1 vocabulary within one five-second view."
"V19-BLD-002","§3.5 / §16","One reserved bottom workbench; selecting a node never overlays or moves the map","absent","P2","No canvas, no node selection, no workbench. /studio hydrated = 1 h1 'Build a protocol', 126 words, 0 chapters, 0 details (qa/probe.mjs /studio). Builder UI is the linear step wizard renderPlanBuilder (site/app.js:5346) and the phone Studio (site/app.js:8795+, comment: 'THERE IS NO DRAG HANDLE').","OBSERVED FACT","hydrated","No visual flow builder exists to evaluate.","none","UX macro","V19-BLD-001","high","Selecting any node updates exactly one reserved region; screenshot diff shows zero map translation and zero overlay."
"V19-BLD-003","§3.5 §3.9 / §16","One Add command per focus; destination Plan inferred from selection","partial","P2","renderPlanBuilder has one add affordance per step ('+ Add your own {word}' + search, site/app.js:5380-5395) which satisfies the spirit. But the Studio has a separate 4-tab add sheet (ST_TAB, site/app.js:8828) and renderPlanFunctions has a third. Three different add surfaces exist across two builders.","OBSERVED FACT","code","Two parallel builders (plan wizard and Studio) with different add models is the duplicated-Add defect the spec names.","none","UX macro","decide which builder survives","medium","Exactly one Add affordance is present for the current focus in the surviving builder; the destination Plan is never re-asked."
"V19-BLD-004","§3.9 / §16","Curated selection: four families, at most 3 initial best-fit reviewed matches, full search secondary","partial","P2","Four families exist as kinds: ST_KIND = {c:'compound', x:'movement', f:'food', fn:'tool'} (site/app.js:8825). But there is no 'at most three best-fit' step - catalogSearch returns the full hit list and renderPlanBuilder renders all of it (site/app.js:5388-5395). The withheld-compound disclosure IS implemented and is a genuine strength (build-held copy, site/app.js:5390).","OBSERVED FACT","code","A novice is handed a library search instead of three reviewed defaults.","Positive: the restricted-compound withholding line is correct and build-gated.","UX macro","none","high","The Add flow shows at most 3 reviewed matches above the fold and the full-library search is reachable only below them."
"V19-BLD-005","§3.9 §3.10 / §16","Progressive professional settings: default Add succeeds; exact fields within two intentional interactions","partial","P2","Studio overrides exist (dose stepper, days, reorder - task #30 marked complete; ST spec keys dose/days/sets/reps in db.js:496 comment). Exercise professional fields present in data: prescription keys measured = source(873) sets(873) reps(750) tempo(750) rest(873) hold(123) cue(123). Absent from the schema entirely: side mode, load mode/unit, effort RPE/RIR, range, frequency/session slot, equipment substitutions, progression criteria.","OBSERVED FACT","code + data","A creator cannot express side, load or effort, so the prescription a participant sees is incomplete.","Low","Content macro","exercise schema extension","high","Every §3.10 Exercise field is enterable, and reachable within two intentional interactions from a successful default Add."
"V19-BLD-006","§3.9 / §16","No auto-open after Add; success returns to the selected Plan","existing","P3","renderPlanBuilder addExtra() (site/app.js:5382) sets the draft and calls renderPlan() - it re-renders the same step, opens no inspector.","OBSERVED FACT","code","Already correct in the surviving builder.","none","UX macro","none","high","Adding an item leaves the optional editor closed; measured with a DOM diff before/after Add."
"V19-BLD-007","§3.8 / §16","Fixed vs ongoing PlanTiming.kind with distinct lifecycle; ongoing never invents completion","absent","P1","No timing kind anywhere. /usr/bin/grep -ac 'PlanTiming\|ongoing' site/app.js = 0 for PlanTiming. plan.protocols[] carries only {pid,rcid,moves,supps,functions,startedAt} (site/app.js:130-135). studio_protocols.spec has no timing field (db.js:496-560).","OBSERVED FACT","code","Every protocol behaves as open-ended; nothing can complete, and nothing has a review interval.","Medium: an ongoing supplement plan with no authored review interval is exactly the case the safety layer needs a stop date for.","Content macro","V19-IA-004","high","A fixed Plan completes only on its authored rule; an ongoing Plan shows review milestones and never renders a completion title or final Day."
"V19-BLD-008","§3.8 / §16","Sequential / parallel / choose-one Plan relationships as plain sentences and typed edges","absent","P2","No edge model. plan.protocols is a flat array; mergedPlan() (site/app.js, called at renderPlanTracking:5954) unions moves and supps with no ordering relation.","OBSERVED FACT","code","Multiple started protocols run simultaneously with no expressed relationship, which is exactly the stacking the owner asked for but with no sequencing language.","none","UX macro","V19-BLD-007","high","Each relationship renders one of the four §3.8 sentences and stores a typed edge."
"V19-BLD-009","§3.11 / §16","Graph/list parity - every mutation and validator keyboard/screen-reader operable in list form","blocked","P2","No graph exists, so parity is untestable. The existing linear builder IS keyboard-operable (native checkboxes, site/app.js:5364-5366) - that is the list half with no graph half.","INFERENCE","code","Cannot be assessed until a graph exists.","none","UX macro","V19-BLD-002","high","Every builder mutation is performable from List view with keyboard only and announced by name+type+status+destination count."
"V19-BLD-010","§3.12 / §16","One-issue publish repair, ordered validation, no error dump","partial","P1","studio-safety.js (337 lines) mirrors the 5 build gates and POST /api/protocols/check returns {refusals:[],warn:[]} arrays (verified against the endpoint comment at site/app.js:8799-8809). The verdict is correctly NOT keyed off `ok`. But the client paints the WHOLE warn+refusal list (stPaintVerdict), not one blocking issue at a time, and the §3.12 ordering (urgent/safety first) is not the array order.","OBSERVED FACT","code","A novice hits a validation dump rather than 'fix this one thing'.","Positive: the refusal engine itself is real and server-authoritative.","UX macro","none","medium","Continue setup shows exactly one blocker, chosen by the §3.12 priority order, with one repair button; proven by seeding two blockers of different priority."
"V19-BLD-011","§3.12 / §16","Graph integrity: reachability, no self-edge, declared loops, safety terminals across UI/API/import/duplicate","absent","P2","No graph model exists in the product. The nearest analogue is assertLinkGraph in build/parse.js which enforces dead-link/orphan integrity over the CONTENT link graph, not a protocol graph.","OBSERVED FACT","code","n/a until a graph exists.","Safety terminals are today enforced by content authoring (the 'when this is not a self-care problem' section on 41/41 problem pages),  not by a graph validator.","Content macro","V19-BLD-002","high","Import, duplicate, API and UI all reject an unreachable node, a self-edge and an undeclared cycle; proven by reintroducing each."
"V19-BLD-012","§3.4 / §16","Truthful save state - Saved only after durable server acknowledgement","contradictory","P1","Studio draft is localStorage-only by design: ST_KEY='rnawiki_studio_draft' with the comment 'GET /api/protocols/:code 404s on a draft and there is no list endpoint, so a server-saved draft can never be read back - it is write-only' (site/app.js:8820-8824). So no durable server acknowledgement is even possible for a draft, and there is no Saving/Saved/Offline/Conflict state machine.","OBSERVED FACT","code","A creator's draft exists on one device only. Clearing site data destroys it with no warning.","DATA-LOSS class: the only copy of a creator's work is in localStorage with no export and no conflict handling.","Integrator","server draft endpoint","high","Saved appears only after a 2xx durable ack; offline edits are labelled 'changes on this device'; a conflicting revision opens Resolve save conflict and loses nothing."
"V19-BLD-013","§3.10 / §16","Specialist field round-trip through save, reload, reopen, duplicate, migration, preview, compile; legacy values preserved not dropped","partial","P2","The override/inheritance design preserves unknown keys structurally (db.js:496-560: 'EVERY KEY OTHER THAN k AND id IS AN OVERRIDE'), and remix diffs resolve as drop/set/add/move. But most §3.10 fields do not exist to round-trip (see V19-BLD-005) and there is no 'unsupported legacy value preserved and flagged' path.","OBSERVED FACT","code","Fields a creator cannot enter cannot be lost - but also cannot be expressed.","none","Integrator","V19-BLD-005","medium","Every family field survives save->reload->reopen->duplicate->migrate->preview->compile byte-identical; an unknown key is preserved and surfaced for review."
"V19-BLD-014","§3.11 / §16","Compact-laptop alignment 1024-1728px and 200% zoom, no map/workbench/control overlap","blocked","P3","No map exists to align. Desktop geometry gate exists for the rest of the site (task #15 W5.5c complete).","INFERENCE","n/a","n/a","none","UX macro","V19-BLD-002","high","Screenshots at 1024/1280/1440/1728 and 200% zoom show labels over their columns and zero overlap."
"V19-BLD-015","§3.4 / §16","Optional first-use help: four-stage grammar visible without a tutorial; one dismissible replayable sheet","absent","P3","No help sheet, and no four-stage legend (see V19-BLD-001).","OBSERVED FACT","code","A first-time creator gets no orientation.","none","UX macro","V19-BLD-001","high","Grammar is legible with the sheet never opened; the sheet is dismissible, replayable, and never blocks the first edit."
"V19-COM-001","§4.2 / §16","Community is contextual help: joined state leads with the relevant protocol Discussion","absent","P1","/community -> HTTP 404. renderComments() is a NO-OP: 'Comments were removed in c154f86. The body below this line has been unreachable ever since' (site/app.js:1042-1047). /usr/bin/grep -ac 'api/explain' site/app.js = 0 - the explain_posts endpoints (server.js:1139-1190) and table (db.js:496) have ZERO client callers.","OBSERVED FACT","code + prerendered","There is no community. The owner's decision 'users get access to the Community for the protocols they started' has no surface to grant access to.","Privacy-positive today (nothing is published),  but the dead server endpoints accept anonymous POSTs (server.js:1172 rate-limits user_id IS NULL) with no moderation surface.","Content macro + integrator","V19-IA-001","high","A joined account opens Community and the dominant region is that protocol's Discussion with protocol and Day context."
"V19-COM-002","§4.2 / §16","Honest empty Community: one search, real protocol summaries with creator identity, one curated discussion preview, no fabricated counts","absent","P1","No Community route. Related honest-count discipline IS enforced elsewhere and should be carried across: startedBy() prints 'Nobody has started it yet' rather than '0' (site/app.js ~8885), and the profile note states no rank/percentile/level/badge/score is ever shown.","OBSERVED FACT","code","n/a","Constraint 5 (never fabricate counts) is currently satisfied by absence; building Community is where it becomes at risk.","Content macro","V19-COM-001","high","?state=empty equivalent renders one search, 3 real protocols with named creators, one curated public preview, and zero invented participation numbers."
"V19-COM-003","§4.2 / §16","Joined Community hierarchy: discussion -> communities -> contextual items -> secondary discovery -> one account rail","absent","P2","No Community route (404).","OBSERVED FACT","prerendered","n/a","none","UX macro","V19-COM-001","high","DOM order matches the five-band hierarchy at 1440x900."
"V19-COM-004","§4.2 / §16","Creator discovery without clutter: protocol results name creators; grouped Creators result type; no leaderboard","absent","P2","No Community. /u/<handle> exists (200, X-Robots-Tag noindex,nofollow) and correctly shows only published protocols. Global search does not return a Creators group.","OBSERVED FACT","code","n/a","Positive: the deliberate no-leaderboard stance already matches the spec.","Content macro","V19-COM-001","high","A creator-name query returns a grouped Creators result; no leaderboard module exists on any default screen."
"V19-DIS-001","§4.4 / §16","Participant status on comments: relationship + consented Day/streak or Champion context","absent","P1","No comment surface (V19-COM-001). explain_posts stores only {slug,kind,parent_id,user_id,handle,body,created_at} (db.js:496-506) - no participation, consent or Champion projection.","OBSERVED FACT","code","n/a","PRIVACY-CRITICAL when built: Day/streak on a public comment is a health-adjacent disclosure and §9.1 requires per-enrollment consent before projection.","Content macro","V19-COM-001 + V19-PRI-001","high","A comment renders Day/streak only when a per-enrollment consent record exists; the leak test proves an unconsented account renders no Day."
"V19-DIS-002","§4.5 / §16","Multiple attributed alternatives retaining contributor and affected version","absent","P2","No alternatives model. The nearest existing artefacts are rootcause_changes / rootcause_endorsements / proposals (db.js:173,189,246) which are a different, older mechanism and have no UI on this branch.","OBSERVED FACT","code","n/a","Community members must never alter doses/contraindications (§4.7) - the proposals tables predate that rule and need re-scoping.","Content macro","V19-COM-001","medium","Two compatible alternatives coexist, each showing affected action+version, contributor, review state and acceptor."
"V19-DIS-003","§4.6 / §16","Reaction arithmetic net = max(0, validHelpful - validNotHelpful); idempotent; author/self/abuse exclusions server-enforced","absent","P2","No reactions. votes table exists (db.js:61) from the retired comment system with no current caller.","OBSERVED FACT","code","n/a","Anti-abuse must be server-side from day one.","Integrator","V19-COM-001","high","Repeating a vote does not change the count; the author's own vote is excluded; net floors at zero (7/1 -> 6, 1/7 -> 0)."
"V19-DIS-004","§4.6 / §16","Delayed Credit settlement; pending not spendable","absent","P2","No Credits. rep_events (db.js:102) and /api/rep exist from the retired reputation system; /usr/bin/grep -ac 'Credits' site/app.js = 0.","OBSERVED FACT","code","n/a","LEGAL-CLINICAL DEPENDENCY: §4.6 states v1 Credits are closed-loop,  noncash,  non-transferable - any change needs payments/tax/labour review. Do not implement convertibility.","Integrator","V19-COM-001 + named legal owner","high","Pending Credits cannot be spent; settlement occurs only after independent, safety and fraud checks."
"V19-DIS-005","§4.7 / §16","Sensitive question route: safety corpus never posts publicly; safe next action shown; draft disposition stated","absent","P0","No Discussion, but POST /api/explain (server.js:1163-1190) is LIVE, accepts anonymous bodies, rate-limits only, and has no safety classification, no urgent-route bypass and no draft-disposition message. The client has 0 callers so nothing reaches it today - the endpoint is one client call away from being an unmoderated health-text intake.","OBSERVED FACT","code","None today (no UI). If any Community UI is wired to this endpoint without the safety route, the first sensitive post publishes.","P0 SAFETY: an urgent/self-harm/adverse-event message would publish publicly with no stop/help route and no record of what happened to the draft.","Integrator","none - can be closed now","high","An authored urgent signal never publishes; the participant is told whether the draft was saved privately, discarded or escalated; proven by posting a seeded urgent phrase."
"V19-DIS-006","§4.3 / §16","Exactly three filters All / Questions / Alternatives; All opens on today's thread","absent","P3","No Discussion.","OBSERVED FACT","code","n/a","none","UX macro","V19-COM-001","high","Exactly three filter controls exist; All lands on the thread tied to today's action."
"V19-REW-001","§4.6 / §16","One truthful Money Tree in global help only; matches settled ledger; never implies cash or health change; never punishes missed days","absent","P3","/usr/bin/grep -ac 'Money Tree' site/app.js = 0; grep 'Community Boost' = 0.","OBSERVED FACT","code","n/a","Do not build until Credits has a named legal owner (§14).","Content macro","V19-DIS-004","high","The visualization exists once, in global Credits help, beside an exact numeric ledger, and does not shrink on a missed day."
"V19-PRO-001","§5.3 / §16","Coaching Core Protocol dominant; Active Journey compact, optional, separately consented","absent","P1","/u/<handle> renders only published protocols and explicitly nothing followed: 'It shows nothing the person reads, plans, logs or follows' (site/app.js:8875-8880), enforced by assertProfileDisclosesOnlyPublished() in build/parse.js. There is no Core/Active distinction because there is no Active projection at all.","OBSERVED FACT","code","A creator cannot feature the protocol they coach.","PRIVACY-POSITIVE: the current absence is stricter than v1.9 and satisfies §9.2 by construction. Adding Active Journey REQUIRES per-enrollment consent and must not be retroactive (V19-PRI-002).","Content macro","V19-PRI-001","high","Core card dominates; Active Journey appears only when a per-enrollment consent row exists; a legacy enrollment never appears."
"V19-PRO-002","§5.2 §5.3 / §16","Owner/visitor projection: private owner controls and Credit balance disappear in public preview","partial","P2","Two separate routes already implement the split: /me (owner, noindex,nofollow) and /u/<handle> (public, noindex,nofollow), with the public renderer gated by assertProfileDisclosesOnlyPublished(). There is no in-page 'preview as visitor' toggle and no Credit balance to hide.","OBSERVED FACT","code + headers","Owner cannot preview what a visitor sees, which is where projection mistakes get shipped.","Positive: route-level separation is stronger than a client toggle.","Content macro","none","high","Public preview renders zero owner-only controls; a forbidden-field leak test over /u/<handle> HTML+JSON passes."
"V19-PRO-003","§5.4 / §16","Other protocols are actionable: role-labelled card opens goal/commitment/version and join review","partial","P2","/u/<handle> lists published protocols with a start count sentence and links to /p/<code>. There are no role labels ('Coaches' / 'Helps manage'), no commitment summary, no version and no join-review screen - /p/<code> offers 'Build my own' and 'Remix this' (site/app.js:9536).","OBSERVED FACT","code","A visitor cannot review a protocol before committing; remix is offered instead of join.","Medium: 'Remix this' hands a stranger's compound list straight into an editable draft with no suitability review step.","UX macro","V19-BLD-007","high","Every profile protocol card opens a review screen showing goal, commitment, current version and suitability; only that screen offers Join."
"V19-PRO-004","§5.5 / §16","Accurate accomplishments; visible count and modal derive from the same collection; permission is not an accomplishment","absent","P3","No accomplishments. Deliberate: 'no rank, no percentile, no level, no badge, no score' (site/app.js:8880-8884), and assertOneAccountType bans addBadge() outright (build/parse.js:3417-3424).","OBSERVED FACT","code","n/a","Positive and build-gated. Any accomplishment work must not reintroduce addBadge().","Content macro","V19-COM-001","high","Summary count and View-all modal read the same collection; no permission record appears as an accomplishment."
"V19-AVA-001","§5.6 / §16","Avatar/Marketplace boundary: Avatar Level cosmetic and separately public; purchases cannot imply health/strength/completion","absent","P3","/marketplace 404; grep 'Avatar' site/app.js = 0.","OBSERVED FACT","prerendered + code","n/a","Do not build before §14 gates. Cosmetic muscle presentation must be labelled cosmetic and is a fabrication risk.","Content macro","V19-DIS-004","high","Avatar Level derives only from settled Credits redeemed on cosmetics; no copy links it to health, strength or completion."
"V19-AVA-002","§5.6 / §16","Real-service state machine request->quote->acceptance/reservation->fulfilment->settle/refund; no fake availability","absent","P3","No marketplace. partners table (db.js:129) and PARTNER_TYPE_ICON (site/app.js) are a different, dormant local-partner directory.","OBSERVED FACT","code","n/a","LEGAL-CLINICAL DEPENDENCY: §5.6 forbids claiming a real service is available before a provider contract exists. Constraint 1 (no brand recommendations) also bites here.","Integrator","named human gate (§14)","high","No service is listed without a provider contract record; every transition is an auditable state."
"V19-AVA-003","§5.6 / §16","Purchase before equip: idempotent purchase creates account+item-version entitlement; duplicate retry, refund, revocation safe and audited","absent","P3","No marketplace, no entitlement table.","OBSERVED FACT","code","n/a","Payment activation is explicitly unauthorized by §14.","Integrator","V19-AVA-002","high","A duplicated purchase request creates exactly one entitlement; refund unequips and preserves the ledger."
"V19-EXE-001","§6.2 / §16","Tutorial media and all current prescription dimensions visible at 1440x900","partial","P1","mountExercise (site/app.js:8682-8722) renders: two static JPEGs from cdn.jsdelivr.net/gh/yuhonas/free-exercise-db, one rx line, muscles, numbered instructions. Prescription fields present in data (measured across 873 exercises): source 873, sets 873, reps 750, tempo 750, rest 873, hold 123, cue 123. ABSENT from the page: side mode, load, effort, range, stop line, 'Today in your Plan' rail, 'Need an easier version?' text action (only bare 'Easier variation' chips).","OBSERVED FACT","hydrated + data","A participant cannot see their assigned numbers on the wiki record - the page shows the generic prescription, not their plan's.","MEDIUM: there is no stop boundary on any of the 873 exercise pages.","Content macro","V19-IA-002","high","At 1440x900 the first viewport shows media, all assigned prescription dimensions, one stop line and one dominant return control."
"V19-EXE-002","§6.3 / §16","Operational adaptation links: easier/current/next each with criteria, initiator, scope, safety blockers","partial","P2","Measured over site/exercises.js: 309/873 have regression_id, 698/873 have progression_id. NONE carry criteria, initiator, scope or blockers - the renderer emits a bare chip: '<a class=tag-chip href=#/exercise/{regression_id}>Easier variation</a>' (site/app.js:8705-8707).","OBSERVED FACT","code + data","A participant is offered a harder variation with no rule for when they have earned it.","MEDIUM: §6.3 requires a stop route to override an easier version; today neither exists,  so a person in pain is offered a progression.","Content macro","exercise schema extension","high","Every regression/progression edge carries criteria, initiator, scope and safety blockers; a stop route suppresses the easier-version offer."
"V19-EXE-003","§6.3 / §16","Anatomy boundary: front/back roles have a textual equivalent; no unsourced activation or cause inference","partial","P2","Muscles are rendered as text chips linking to /muscle/<id> (site/app.js:8700-8703) - so a text equivalent exists and there is no activation claim on the exercise page. The required boundary sentence 'This map shows regions involved. It does not measure activation or prove why pain occurs.' is NOT present: /usr/bin/grep -ac 'does not measure activation' site/app.js = 0.","OBSERVED FACT","code","A reader may read muscle chips as an activation measurement.","MEDIUM - unstated boundary on an anatomy claim.","Content macro","none","high","The authored boundary sentence renders on every exercise and body-map surface; grep proves one authored copy, not two."
"V19-EXE-004","§6.2 / §16","Versioned representative video with poster/loading/retry-error/written fallback/captions/transcript/no-surprise-autoplay","absent","P1","Measured over all 873 exercises in site/exercises.js: 0 have a video/media/videoUrl field; 873/873 have only `image`. The page instead emits an outbound link to a YOUTUBE SEARCH RESULTS PAGE: ytUrl = 'https://www.youtube.com/results?search_query=' + name + ' exercise proper form', rendered as 'Watch a form tutorial on YouTube' (site/app.js:8691, 8698). Provenance exists only in data/clinical_exercises.json:2-3 ('license: free-exercise-db (public domain / MIT images)') and is never shown to a reader.","OBSERVED FACT","code + data","The tutorial media contract is unmet on 873/873 pages, and the site's own 'form tutorial' control hands the reader to unreviewed third-party search results.","MEDIUM-HIGH: RNAwiki labels an uncontrolled YouTube query as a form tutorial. Nothing gates what that returns. This is the one place the site delegates instruction to unreviewed content. It also imports 873 images from a third-party CDN with the licence never surfaced.","Content macro","media sourcing decision by owner","high","Either (a) each exercise carries a versioned first-party asset with poster/loading/retry/captions/transcript, or (b) the YouTube-search control is removed and replaced with the written fallback plus a visible source+licence line. A build gate fails on any exercise whose media has no asset id and licence."
"V19-MOB-001","§7.2 / §16","Stretch-specific semantics: hold/cycle, sides, breathing, range, expected/not-expected sensation structured","partial","P2","123 exercises carry kind='stretch' and all 123 have prescription.hold and prescription.cue (measured). ABSENT: rounds, side mode, breathing, expected-sensation region, not-expected list (sharp pain / tingling / numbness / cramping / joint pinching). /stretch -> HTTP 404; stretches render through the same mountExercise as strength work, labelled 'Stretch / mobility'.","OBSERVED FACT","code + data","A participant is not told where they should feel it or what sensation means stop.","HIGH for a mobility page: 'Not expected: sharp pain,  tingling,  numbness' is the stop boundary and it is absent on 123/123 stretch pages.","Content macro","exercise schema extension","high","Every stretch page renders structured rounds/hold/side/breathing plus an Expected and a Not-expected block; a build gate fails a stretch missing either."
"V19-MOB-002","§7.3 / §16","No range gamification - no reward or success state for pain, deeper range, or exceeding assigned hold","existing","P3","There is no range input, no depth metric and no reward tied to range anywhere. The required principle sentence ('Do not push deeper to earn completion') is not authored, but nothing currently rewards depth. Streak rewards are per-day, not per-range (planStreak, site/app.js:5956).","OBSERVED FACT","code","Satisfied by absence.","Positive. Must be preserved when V19-MOB-001 adds range fields.","Content macro","V19-MOB-001","high","No completion, streak or Credit event is a function of range or hold beyond the assigned value; the principle sentence is authored once."
"V19-MOB-003","§7.2 / §16","Real stretch media states - same contract as Exercise","absent","P1","Same measurement as V19-EXE-004: 0 of 123 stretches have video; all use the same static free-exercise-db JPEGs and the same YouTube-search link.","OBSERVED FACT","code + data","Same as V19-EXE-004.","Same as V19-EXE-004.","Content macro","V19-EXE-004","high","Same as V19-EXE-004, applied to the 123 stretch records."
"V19-CMP-001","§8.2 / §16","Outcome-specific evidence: selector updates result, certainty, context, limitations and citations atomically","absent","P1","Measured over site/data.js: 171 compounds; 158 carry a WHOLE-COMPOUND `stars` value (e.g. Creatine Monohydrate stars=5); 0 carry per-outcome positions (`positions` is [] on every compound). There is no outcome selector: /usr/bin/grep -ac 'outcome selector' site/app.js = 0. `goals` is a flat string list ('Build muscle','Strength','Power','Brain energy') with no per-goal effect size, comparator or certainty.","OBSERVED FACT","data + code","A reader gets one star for a compound whose evidence differs enormously by outcome - creatine's strength evidence and its cognitive evidence are averaged into one number, and the page's own `evi.howStrong` text says so.","HIGH honesty risk: one star over heterogeneous outcomes overstates the weaker ones.","Content macro","OWNER DECISION - see CONTRADICTION-001","high","Selecting an outcome atomically updates bottom line, absolute result, certainty, population/comparator/duration/limitations and the selected citation; no value from another outcome persists."
"V19-CMP-002","§8.2 / §16","Exact formulation and jurisdiction: no cross-formulation evidence/action inheritance; jurisdiction source/version visible","partial","P2","regulatory_class exists and is real: data/regulatory_class.json distribution = supplement 76, prescription 35, unapproved 33, controlled 22, otc 3, pharmacy 1; renderable_count 79; needs_review_count 53. Each compound carries sg_hsa_status and a `supply` object {cls,tag,aria,why}. But 13 pages are multi-compound BUNDLES (the '(brief)' set) and the site itself documents cross-member confusion: the PubChem chip needed a 'This structure is X only - one of the compounds named in the title of this page, not the page as a whole' disclaimer (site/app.js:1141-1143). No source version is shown for the regulatory record.","OBSERVED FACT","data + code","On 13 pages one evidence star and one regulatory class cover several distinct formulations.","MEDIUM: a bundle page can inherit a supplement access category onto a member that is not one.","Content macro","V19-CMP-001","high","No bundle page renders one star, one class or one action for multiple formulations; each shows its own record and version."
"V19-CMP-003","§8.3 / §16","Layered mechanism: mental model -> ordered pathway -> technical details -> 'does not prove' boundary","existing","P3","Compound pages render a 7-chapter course (measured hydrated /c/creatine: 20 headings, 7 chapters, 4,478 words) including bigIdea/analogy (mental model), mechSteps (ordered pathway), tech/targets (technical), and the interaction panel carries an explicit boundary: 'Combined pathway/target overlap is an educational signal, not a safety clearance. Interactions require a clinician.' (site/app.js:3518).","OBSERVED FACT","hydrated + code","Already strong. This is the best-served requirement in the matrix.","Positive.","none","none","high","All four layers render in order with the boundary sentence present; already passing."
"V19-CMP-004","§8.4 / §16","Risk-policy-selected CTA: eligible/prescription/investigational/toxic/unknown/expired matrix with no action escape","partial","P1","Withholding is real and build-gated: 95 of 171 compounds are consumer_renderable:false and cannot be added to a plan (stAddableC/stWithheldC, site/app.js:8846-8848), and the builder discloses the withheld matches by name with a link to the full page rather than silently filtering (site/app.js:5390). Restricted-compound refusal is mirrored server-side in studio-safety.js. MISSING: there is no `review expired` state (no review date on any compound record), no `unknown interaction coverage` CTA branch on the compound page itself, and no 'Prepare pharmacist questions' route - the phrase 'pharmacist' appears 10x in site/app.js but never as a risk-policy-selected CTA.","OBSERVED FACT","code + data","For the 76 addable compounds the CTA is the same regardless of interaction coverage.","P1 SAFETY: §8.2 requires the dominant CTA to become 'Prepare pharmacist questions' when interaction coverage is UNKNOWN. Coverage is already computed (studio safety returns coverage:{checked, of}) but does not select the CTA. The known corpus gap is 77/171 compounds with unreachable interaction tags.","Integrator","interaction tag coverage","high","For each of the 6 risk states the rendered CTA matches the matrix; an unknown-coverage compound renders no self-directed add action; proven by forcing coverage to unknown."
"V19-CMP-005","§3.10 §8 / §16","Governed creator fields immutable; Suggest a change is unpublished","existing","P2","Compound field editing is closed to everyone but the maintainer: canEdit = ME && ME.role === 'admin', and a non-admin is told 'Compound pages are edited by the site maintainer. Use the Feedback button to send a correction' (site/app.js ~1080). Studio specs store only overrides, never governed values (db.js:496-560). Formulation identity, class, contraindications and stop rules are corpus-authored and build-gated.","OBSERVED FACT","code","Correct today.","Positive and structurally enforced.","none","none","high","A non-owner cannot mutate formulation, claim scope, risk tier, contraindications, interaction state, monitoring, stop rule, jurisdiction or review metadata through any endpoint; proven by direct API attempt."
"V19-CMP-006","§8.2 / §16","Neutral jurisdiction default 'Global / unspecified' inheriting no country-specific approval/access/dose/claim","contradictory","P1","There is NO jurisdiction concept: /usr/bin/grep -ac 'jurisdiction' site/app.js = 0 and server.js = 0. The default and only view is Singapore-specific - every compound carries sg_hsa_status (e.g. Creatine: 'Sold as a dietary supplement in Singapore (general sale).') and the supply chip renders it as the reason: supply.why = that same sentence. A reader in any jurisdiction is shown a Singapore access category as the unqualified default.","OBSERVED FACT","data + code","A non-Singapore reader is told how a substance is supplied in a country they are not in, with no label saying so.","P1 REGULATORY: constraint 6 (Medicines Act 1975 s.51). A Singapore access category presented globally is both wrong for the reader and the exact axis the regulatory gate exists to control. It also cuts the other way - a Singapore reader gets the correct answer today,  so any change must not lose that.","Content macro","OWNER DECISION on jurisdiction scope","high","Default view is labelled Global / unspecified and inherits no country approval, access category, dose, claim or interaction conclusion; choosing Singapore surfaces sg_hsa_status with its source and version."
"V19-NUT-001","§3.10 §16","Canonical nutrition tracking: calories/protein/carbohydrate/fat defaults plus optional reviewed nutrients, preserving unit, period, source version, privacy and contribution state","partial","P2","A real food layer exists: site/foods.js (656 foods), 52 /fuel pages, mountFuelTracker counts grams against protocol nutrient targets (site/app.js:6046), user_foods table with an approval queue (db.js:145, mountFoodQueue). MISSING: no unit/period model on the target, no database/source version on a food record, no privacy or contribution state per field.","OBSERVED FACT","code + data","Nutrition tracking works but a target cannot state its unit or period, so it cannot be migrated or versioned.","Low; contributed foods do carry an approval step,  which is the right shape.","Content macro","V19-IA-004","medium","A nutrient target round-trips unit, period, source version, privacy and contribution state with no silent loss."
"V19-TOOL-001","§3.10 §16","Governed tool action: trigger, completion rule, collected data/retention, substitution and commercial eligibility persist; tool use cannot bypass action or Marketplace policy","partial","P2","PLAN_FUNCTIONS is a real tool layer (kind 'fn' in the Studio spec, db.js:496 comment; renderPlanFunctions site/app.js:5447; mountPlanFunctions). Each tool has a target (e.g. {k:'fn',id:'walk',target:15}). MISSING: no declared trigger/moment, no completion rule, no data-collected/retention declaration, no substitution rules, no commercial-eligibility field.","OBSERVED FACT","code","Tools work but their data-retention story is undeclared, which is a PDPA-relevant omission.","MEDIUM PRIVACY: a tool that collects data with no declared retention is the gap §3.10 is written to close.","Content macro","none","medium","Each tool declares trigger, completion rule, data collected, retention and substitution; a tool completion never grants a Marketplace or action entitlement."
"V19-PRI-001","§9 / §16","Public allowlist: forbidden-field leak tests pass across HTML, JSON, URLs, metadata, analytics and caches","partial","P1","Strong existing controls: /me and /u/<handle> both send X-Robots-Tag: noindex, nofollow (server.js:3048) AND a matching meta robots (verified by curl); the public profile renderer is build-gated by assertProfileDisclosesOnlyPublished(); /u/<handle> <title> is the handle ALONE with a written rationale against naming protocols in a share card (site/app.js:9668); /solve?q= is never logged and carries X-Robots-Tag noindex,follow (server.js:52-72). GAP: /plan - the personal daily plan - is served with meta robots 'index,follow,max-image-preview:large' and IS listed in site/sitemap.xml (<loc>https://rnawiki.com/plan</loc>), contradicting §13 'Today ... never indexable'. Mitigating fact, measured: the plan is localStorage-only, so the crawlable document contains no personal data today.","OBSERVED FACT","prerendered + headers + code","No leak today. The indexable /plan is a latent one: the moment any server-rendered plan content appears, it is index-eligible and sitemap-listed.","P1 PRIVACY (latent,  not active). Downgrade to P2 only after the sitemap entry and index directive are corrected.","Integrator","none","high","/plan and /progress carry noindex and are absent from sitemap.xml; a forbidden-field leak test over every public route's HTML, JSON, canonical, OG, JSON-LD and server log finds zero §9.2 fields."
"V19-PRI-002","§9 / §16","No retroactive exposure: legacy profiles/enrollments stay private until explicit migration confirmation","existing","P2","Nothing about an account is public except protocols that account deliberately published; there is no enrollment projection to expose (site/app.js:8875-8884). db.js:562-588 records the deliberate absence of an is_demo column so no fabricated row can exist.","OBSERVED FACT","code","Correct today by construction.","Positive. Any Active Journey work (V19-PRO-001) must add an explicit migration confirmation before this can regress.","Content macro","V19-PRO-001","high","An account created before the change renders zero public enrollment fields until it confirms migration."
"V19-PRI-003","§9 (earlier PRD)","Account deletion immediately removes the public projection and queues index/cache removal","absent","P0","There is NO account deletion. The only deletion path is DELETE /api/mydata whose own comment reads 'erase research data, keep the account + their tracker' (server.js:1402) and which deletes only outcome_checkins, blood_markers, wearable_daily, user_profile and withdraws consent (server.js:1403-1409). The UI button is labelled 'Delete my research data' with confirm text 'Your account and tracker stay.' (site/app.js:5616, 5641). users has ON DELETE CASCADE children but no route deletes a users row. A published protocol can be withdrawn (server.js:1868) but the account and its /u/<handle> projection cannot be removed.","OBSERVED FACT","code","A user cannot leave. Their handle, published protocols and account persist with no self-service removal.","P0 PRIVACY: PDPA gives a right to withdraw consent to the collection/use of personal data; the product offers partial erasure only and its own copy tells the user the account stays. This is the single clearest legal exposure in the matrix.","Integrator","named human gate","high","DELETE /api/account removes or irreversibly anonymises the users row and every child row, immediately 404s /u/<handle>, and queues index/cache removal; proven by deleting a seeded account and re-fetching every surface that referenced it."
"V19-A11Y-001","§10 / §16","WCAG 2.2 AA: keyboard, screen reader, focus, contrast, 200/400% zoom, reduced motion, 44px targets","partial","P1","Substantial prior work is real and should be credited: skip link present on every probed route (hasSkipLink true), lang=en, reduced-motion honoured (initGpScroll site/app.js checks prefers-reduced-motion), pill contrast and .pos-stars accessible names remediated (tasks #13,#14), a live region #route-status announces Studio reorders. MEASURED FAILURE: at 1440x900 on / there are 24 interactive elements below 44x44 CSS px, including the entire primary nav - 'Solve' 39x24, 'Where it hurts' 95x24, 'My Plan' 53x24, 'Learn' 38x24 - plus four 19x29 heading-anchor '#' links.","OBSERVED FACT","hydrated","Primary navigation fails the target-size requirement at desktop width.","MEDIUM ACCESSIBILITY: motor-impaired users and the cognitive-accessibility cohort §10 names are the ones this hits.","UX macro","none","high","Zero interactive elements below 44x44 at 1024/1280/1440/1728 and at 200% zoom; automated sweep over all 52 smoke page types reports 0."
"V19-A11Y-002","§15 §16","Semantic prototype index: valid heading/paragraph structure, decorative arrows aria-hidden, meaningful link names, no block content inside span wrappers","partial","P3","This is a requirement on the v1.9 PROTOTYPE files, not the repo. In-repo equivalent measured: every probed route has exactly one h1 and ordered headings (/c/creatine 20 headings h1>h2>h3; /problem/knee-pain h1>h2>h3). Not verified: aria-hidden on decorative arrows across the site.","OBSERVED FACT","hydrated","Low.","none","UX macro","none","medium","Automated structure review over the prototype index and every public page: one meaningful h1, ordered headings, named landmarks, labelled controls, link purpose out of context."
"V19-AUTH-001","§2.4 §16","Role separation: participant read, owner mutation, scoped-manager mutation independently enforced server-side; no inert production nav","partial","P2","One universal account type is real and BUILD-GATED - assertOneAccountType (build/parse.js:3417-3448) fails the build on 11 banned patterns including domain_verified, verified-expert, addBadge(, /api/steward and any account-level `domain`. Owner mutation is enforced server-side (studio withdraw: 'WHERE code=$1 AND user_id=$2', server.js:1868). ABSENT: there is no scoped-manager role at all, so §5.4 'Helps manage' has no permission record.","OBSERVED FACT","code","An owner cannot delegate management, which the v1.9 Profile assumes.","Positive: the gate makes accidental reintroduction of a second tier a build failure.","Integrator","V19-PRO-003","high","A scoped manager can perform exactly the granted mutations and no others, checked server-side; a participant token is refused on every mutation route."
"V19-SEO-001","§2.5 §16","Canonical semantic index: typed ID/version index carrying form/outcome/risk/review/jurisdiction/source; cannot override authored safety or exact-form rules","partial","P2","A real typed index exists for search: SOLVE_INDEX with server-side searchSolve() (server.js:2634-2660) and a client catalogSearch over compounds/exercises/foods/functions. It carries id, name and category. It does NOT carry version, outcome scope, risk state, review state, jurisdiction, source version or public-index eligibility. Correctly, search CANNOT override safety: the restricted set is filtered by consumer_renderable and the withheld names are still disclosed (site/app.js:5390).","OBSERVED FACT","code","Search cannot rank by risk or review state.","Positive on the override rule; the missing axes are what a risk-aware Add flow needs.","Content macro","V19-IA-004","high","Every indexed record carries all §2.5 axes; a semantic ranking experiment cannot surface a restricted or review-expired block into the Add flow."
"V19-SEO-002","§13.1 §16","Exact metadata templates for Profile, Protocol, Exercise, Stretch, Supplement; ongoing duration and missing data never produce invented copy","partial","P1","Compound and protocol metadata are real and generated (site/head.js keys: 1281 /compare, 171 /c, 103 /target, 52 /protocol, 52 /fuel, 41 /problem, 17 /muscle, 16 /pathway, 16 /goal, 5 /learn, 4 /physiology, 3 /energy, 1 /body). MEASURED DEFECT: site/head.js contains ZERO '/exercise/' keys and site/app.js's head branch (lines 9605-9668) has no `exercise` case, so all 873 exercise and stretch pages hydrate with the SITE DEFAULT title. Probe of /exercise/Barbell_Squat, hydrated: title = 'RNAwiki - translate the code of human performance into real results', metaDesc = the generic site description, while h1 = 'Barbell Squat' and canonical = https://rnawiki.com/exercise/Barbell_Squat. The templates themselves do not match §13.1 wording on any page type.","OBSERVED FACT","hydrated + code","873 pages are indistinguishable in a browser tab, a bookmark, a share card and a search result. The site's own smoke gate is documented as failing any route that ends hydration on the shell title (site/app.js:9663) - these 873 routes are not in that gate's route set.","none","Content macro","none","high","Every exercise/stretch route hydrates to the §13.1 title and description built from reviewed fields; the shell-title smoke gate covers all 873 routes and is proven by reintroducing the missing head branch."
"V19-SEO-003","§13.2 §16","Index/canonical quality gate: thin/untrusted/expired/duplicate noindex; material pages self-canonicalize; private pages out of sitemap","partial","P2","Correct: real HTTP 404 with recovery links and X-Robots-Tag noindex (server.js:3070-3080), soft-404 explicitly closed with the measurement that motivated it (server.js:3054-3066); /me, /u/*, /studio all noindex,nofollow; canonicals are absolute and self-consistent (probe: /studio canonical https://rnawiki.com/studio, /c/creatine canonical https://rnawiki.com/c/creatine-monohydrate). GAPS: /plan is index,follow AND in the sitemap (see V19-PRI-001); site/sitemap.xml has 568 <loc> entries and ZERO /exercise/ URLs, so 873 real pages are excluded while a private one is included. There is no thin/duplicate/review-expired noindex rule.","OBSERVED FACT","prerendered + headers","The sitemap is inverted in two places at once.","See V19-PRI-001.","Integrator","V19-SEO-002","high","Sitemap membership equals index-eligibility: /plan and /progress out, the 873 exercise pages in (once V19-SEO-002 lands); a thin or review-expired page emits noindex,follow."
"V19-SEO-004","§13.3 §16","Structured data: ProfilePage/Person-or-Organization, WebPage/BreadcrumbList, conditional discussion schema, rel=ugc nofollow/sponsored; no private fields","partial","P2","Measured in built HTML: site/c/creatine-monohydrate.html carries MedicalWebPage, BreadcrumbList, Drug, FAQPage (4 Question/4 Answer); site/protocol/*/*.html carries MedicalWebPage + BreadcrumbList; site/home.html carries WebSite, Organization, SearchAction, EntryPoint, BreadcrumbList. ABSENT: no ProfilePage or Person on /u/<handle> (consistent with it being noindex), no QAPage anywhere (correct - there is no public discussion), and rel='ugc nofollow' is untested because there is no user-supplied external link surface.","OBSERVED FACT","prerendered","Adequate for what is public today.","Positive: no discussion schema over a non-existent discussion is exactly right.","Content macro","V19-COM-001","high","Representative pages validate in schema tooling; identifiers resolve to the same canonical record/version; no §9.2 field appears in any JSON-LD."
"V19-SEO-005","§13.4 §16","Sitemap lastmod changes only on material update, XML MIME, real 404, forbidden-field leak tests across metadata/OG/schema/URLs/cache","partial","P2","Material-lastmod discipline is real: build/lastmod.json exists as the source of truth and a prior defect ('JSON-LD dateModified re-stamps to the build date on 41 pages', task #21) was already fixed. Real 404 confirmed (server.js:3070). NOT verified in this pass: the sitemap MIME type as served, and a full forbidden-field sweep over cached public HTML.","OBSERVED FACT","code + prerendered","Low.","Leak sweep is the remaining unknown.","Integrator","V19-PRI-001","medium","lastmod moves only on a content/review/regulatory change; sitemap serves application/xml; leak sweep over metadata, OG, JSON-LD, URLs, logs and cached HTML returns zero §9.2 fields."
"V19-PERF-001","§16","p75 LCP <=2.5s, INP <=200ms, CLS <=0.1; editor/wiki code route-loaded","partial","P1","MEASURED at localhost with curl: site/data.js is 11,874,630 B identity-encoded and 2,412,320 B brotli-encoded; brotli IS negotiated (Content-Encoding: br) and an ETag is present, correcting the W0 baseline erratum that said neither. site/app.js is 899,877 B identity / 232,948 B brotli. Nothing is route-split: one 11.6 MB corpus and one 900 KB single-IIFE app.js load on every route including the landing page. No CWV measurement was run in this pass.","OBSERVED FACT","prerendered/headers","Every visitor downloads the entire 171-compound + 873-exercise + 656-food corpus to read one page.","none","Integrator","none","high","Field or lab p75 LCP <=2.5s / INP <=200ms / CLS <=0.1 on the landing, a compound page and the builder; the corpus is split so a first view transfers well under 1 MB."
"V19-GOV-001","§14 §16","No agent-only risky release: youth, payment, services, indexing, public migration and deployment require named human gates","partial","P1","Strong build-time gates exist and are the right pattern: 54 assert* functions across build/parse.js and build/prerender.js, including assertOneAccountType, assertLinkGraph, assertDoseCalculators, assertRegulatoryAxes, assertProfileDisclosesOnlyPublished, assertStudioSafetyMirrorsBuildGates. These are MACHINE gates. There is no NAMED HUMAN gate artefact - no owners file, no approval record - for the six §14 categories, and no youth-signup flag to hold disabled (there is no age gate at all).","OBSERVED FACT","code","Nothing today can activate payment or youth signup because neither exists - the risk is that they arrive without a gate.","P1 GOVERNANCE: §14 names Product,  Clinical,  Pharmacy,  Privacy/Legal,  payments,  CX and anti-abuse owners as required approvers. None are recorded.","OWNER","Felix must name the humans","high","A committed OWNERS/gates file names a human per §14 category; the build refuses to enable any of the six without a matching approval record."
"V19-GOV-002","§14 §16","Paid-access boundary: 10-completion threshold grants no entitlement; evidence/suitability/stopping/urgent/safety stay free; Discussion/Boost paid status unresolved","existing","P2","Constraint 1 holds today: no paywall, no payment code, no affiliate link. /usr/bin/grep -ac 'stripe\|checkout\|paywall' site/app.js = 0. Everything safety-relevant is free and anonymous-first (constraint 3): /plan, /solve, /studio and every compound page work with no account.","OBSERVED FACT","code","Correct today.","Positive. §14 explicitly says an implementation agent cannot decide whether Discussion or Boost may ever be paid - flag as OWNER-only.","OWNER","V19-GOV-001","high","No route gates evidence, suitability, stop rules, urgent help or safety information behind an account or payment."
"V19-VOCAB-001","§1.1 §3.3 + LOCKED MENTAL MODEL","The creator-facing card says 'Possible reason · not a diagnosis' and is NEVER a diagnosis, proven root cause, or confirmed explanation","contradictory","P0","The live site asserts causation in its own headings. build/prerender.js:1327 emits '<h2>What's actually causing this - the {n} common causes in full</h2>' and build/prerender.js:1325 emits '<h3>Cause {rank}: {name}</h3>'. Measured: 41 of 41 files under site/problem/ contain the string 'actually causing this'; confirmed hydrated on /problem/knee-pain (H2 'What's actually causing this - the 6 common causes in full', H3s 'Cause 1: Hip & quad weakness with patellofemoral pain' ... 'Cause 6: Meniscal / structural injury'). The phrase 'Possible reason' appears 0 times in site/app.js; 'not a diagnosis' appears only twice, both as assessment disclaimers (site/app.js:1385, 1464).","OBSERVED FACT","hydrated + prerendered","A reader with knee pain is told what is ACTUALLY causing it, by name, ranked, with no per-card 'not a diagnosis' qualifier. That is the single most load-bearing sentence on the highest-traffic page type.","P0 SAFETY/CLINICAL: this is the exact claim the locked mental model forbids. It is also the strongest regulatory-adjacent statement on the site - naming a confirmed cause is the boundary between education and diagnosis. The safety-route section ('First - when this is not a self-care problem') is present on all 41 pages and partially mitigates,  but does not qualify the causal claim.","Content macro","none - fixable now","high","No public page asserts a confirmed cause. Every possible-reason card carries 'Possible reason · not a diagnosis'. A build gate fails on the strings 'actually causing', 'Cause N:', 'root cause of your' in any rendered heading, proven by reintroducing the current heading."
"V19-OWN-001","OWNER DECISION 2026-08-11","Remove the collection-of-interest feature entirely","partial","P2","REMOVAL SCOPE, verified: the form is off the landing page (/usr/bin/grep -c 'api/interest' site/home.html = 0; 'istate-' = 0) and /interest 301s to / (curl: 301 -> /). STILL PRESENT: POST /api/interest is live (curl POST returns 403 origin-check, not 404) and writes 'INSERT INTO interest_signups(email, topic, topic_other, creator, remove_token)' at server.js:1079; POST /api/interest/remove at server.js:1102; table interest_signups + idx_interest_created at db.js:342-351; INTEREST_TOPICS loaded at boot from data/site_config.json (server.js:947, 2835, 2857) and the ?state= answer handler at server.js:2704-2751; the site_config.json interest block still carries the nine chips and their write schema.","OBSERVED FACT","code + prerendered + headers","No user-facing exposure remains. What remains is a live email-collecting endpoint and a table of already-collected emails.","P1 PRIVACY: an email-collection endpoint that no UI reaches,  with rows nobody will act on,  is retained personal data with no purpose - PDPA purpose-limitation. Deleting the table also destroys any emails already collected; the owner must decide export-then-drop vs drop.","Integrator","OWNER DECISION on existing rows","high","POST /api/interest and /api/interest/remove return 404; interest_signups is dropped after an explicit owner-approved export; INTEREST_TOPICS, the ?state= handler and the site_config interest block are removed; the boot log line disappears; server boots and /, /solve, /plan still render."
"V19-OWN-002","OWNER DECISION 2026-08-11","Everyone with an account can build protocols. One universal account type.","existing","P3","Build-gated by assertOneAccountType (build/parse.js:3417-3448), 11 banned patterns, fails the build. The Studio needs no account at all: 'No account needed to build, keep or run it' (site/app.js:9654) and the draft lives in localStorage (site/app.js:8820).","OBSERVED FACT","code","Already correct, and stronger than the decision requires (anonymous build works).","Positive; also satisfies constraint 3.","none","none","high","Any account, and no account, can reach the builder and save a draft; no route checks a tier."
"V19-OWN-003","OWNER DECISION 2026-08-11","A user has ONE main protocol and may start a MAXIMUM OF TWO more","absent","P2","No cap and no main/secondary distinction. plan.protocols is an unbounded array (site/app.js:130-135, coercePlan filters shape only, no length check); /usr/bin/grep -an 'protocols.length >' site/app.js finds no cap; the Plan tab offers an unconditional '<a class=tpm-add href=#/solve>+ Add another goal</a>' (site/app.js ~6030). db.js:399 comment says 'one active plan per account' but that plan holds N protocols.","OBSERVED FACT","code","A user can stack unlimited protocols, which is exactly the diffusion the cap exists to prevent - and the more protocols stacked, the more compounds merge into one daily list.","MEDIUM SAFETY: an uncapped stack multiplies the merged supplement list that the interaction panel then has to cover.","Integrator","none","high","A 4th start is refused with copy naming the main protocol and the two others; the main protocol is distinguishable in the data and in the UI; the cap is enforced server-side as well as client-side."
"V19-OWN-004","OWNER DECISION 2026-08-11","Started protocols STACK onto one 'my protocol' page - supplements, workouts, stretches in one simple seamless view","existing","P2","Already built and is the plan's v2 shape: '{v:2, protocols:[...]} - ONE plan holds every protocol the user runs, merged into one daily experience' (site/app.js:130-133). renderPlanTracking (site/app.js:5953) calls mergedPlan(plan) and renders merged layers: LAYERS = [['Move','move',todayMoves,moveRow], ['Stack','stack',M.supps,suppRow]] with a Fuel tab and a Tools tab; subtitle names all protocols when multi. Measured deliberate choices: layer order Move then Stack is justified against /about, and Fuel is not duplicated because it has its own tracker.","OBSERVED FACT","code","The owner's decision is already shipped. What is missing is only the cap (V19-OWN-003) and per-protocol relationships (V19-BLD-008).","Positive.","none","none","high","Two started protocols render one merged Move list, one merged Stack list and one Fuel tracker with no duplicate rows; already passing."
"V19-OWN-005","OWNER DECISION 2026-08-11","If drugs overlap, warn, and let the user remove/edit their plan","partial","P1","The cross-protocol check EXISTS: renderPlanTracking computes `const danger = M.supps.length > 1 ? interactionPanel(M.supps) : ''` over the MERGED supplement list (site/app.js ~6018), so an interaction created by stacking two protocols is detected. interactionPanel also computes pathway overlap in-place with an explicit 'the same effect delivered twice, which is how side-effects add up without the dose on the label going up' explanation (site/app.js:3444-3473). Edit and Remove controls exist per protocol (data-edit-proto / data-remove-proto, site/app.js ~6027). GAPS: (a) the warning is rendered INSIDE a collapsed <details> labelled 'Interaction & safety check ... tap to view' (site/app.js ~6032), so it is hidden by default; (b) there is no warning AT THE MOMENT of starting the second protocol - it only appears afterwards on the plan page; (c) DUPLICATE compounds across two protocols are not called out as duplicates - the merged list simply contains the item once or twice depending on mergedPlan's dedup.","OBSERVED FACT","code","The user is warned, but only if they open a collapsed panel on a later visit, and never at the decision point.","P1 SAFETY: this is the owner's own named risk. A hidden warning over a real drug overlap is the 'painted lock' defect class this repo has already fixed twice elsewhere.","Integrator","V19-OWN-003","high","Starting a protocol whose stack overlaps an existing one shows the overlap BEFORE the start is committed, expanded not collapsed, naming the exact duplicated compounds, with Remove and Edit inline; proven with a seeded overlapping pair."
"V19-OWN-006","OWNER DECISION 2026-08-11","Users get access to the Community for the protocols they started","blocked","P1","There is no Community to grant access to (V19-COM-001): /community 404, renderComments() is a no-op (site/app.js:1042), 0 client callers of /api/explain.","OBSERVED FACT","code + prerendered","The decision cannot be implemented until a Community surface exists.","Entitlement must be derived from a started protocol server-side,  and comment identity must not project health state without consent (V19-DIS-001).","Content macro","V19-COM-001","high","An account that started protocol X can post in X's Discussion and cannot post in Y's; enforcement is server-side."
"V19-OWN-007","OWNER DECISION 2026-08-11","New landing: 'the current healthcare is accessible for all but effective for none', full revamp with diagrams and illustrations, keeping the protocol search bar","absent","P2","Current hydrated h1 on / is 'Turned away, priced out, or told it was nothing.' (site/home.html). /usr/bin/grep -c 'effective for none' over site/home.html, build/prerender.js and build/landing.js = 0,0,0. The search bar the decision preserves already exists as a real no-JS <form action='/solve' method='get'> with a server-rendered result path (server.js:2634-2660) - that is the piece not to break.","OBSERVED FACT","hydrated + code","The landing does not carry the owner's headline.","Low,  but the headline is a claim about healthcare generally and should be framed as the site's position rather than a fact.","UX macro","OWNER copy approval","high","The hydrated / renders the approved headline; the no-JS /solve?q= path still returns filtered results with the query echoed; the geometry gate passes at 390 and 1440."
"V19-SAFE-001","earlier PRD SAFETY contract","Animal-only evidence capped at 2 stars and labelled 'animal'; unbound evidence claims refuse the build; dose calculators capped","existing","P2","Build-gated: parse.js/prerender.js refuse to build on unbound evidence claims, uncapped dose calculators, animal-only stars >2, missing goal taxonomy, a prescription substance with no status, and JSON-LD without @context (AGENT_RULES 'Build & verification'). 54 assert* functions counted across the two build files.","OBSERVED FACT","code","Correct.","Positive - this is the strongest safety machinery in the repo and the pattern every gap above should adopt.","none","none","high","Reintroduce an animal-only 3-star record and the build must fail."
"V19-SAFE-002","earlier PRD SAFETY contract","Restricted / high-risk compounds are withheld from the builder with an honest disclosure, and the refusal is mirrored server-side","existing","P1","Measured: 95 of 171 compounds are consumer_renderable:false; the Add sheet counts only the 76 addable and discloses the rest in words (site/app.js:8843-8848); the search path renders the withheld names with links even when there are zero addable hits, with the authored rationale 'a plan builder is just not the place to hand out a dose for it' (site/app.js:5390). studio-safety.js (337 lines) mirrors all five build gates server-side and assertStudioSafetyMirrorsBuildGates() fails the build if they drift. POST /api/protocols/check returns refusals for restricted-substance and danger-interaction at publish, and correctly returns ok:true with warns for a private draft - the client reads warn/refusals and never ok (site/app.js:8799-8809).","OBSERVED FACT","code + data","Correct, and the silent-filter defect is explicitly avoided.","Positive. This is the model for V19-CMP-004's missing unknown-coverage branch.","none","none","high","A restricted compound cannot be added; the withheld disclosure names it; the server refuses the same publish independently of the client."
"V19-SAFE-003","earlier PRD SAFETY contract","Every protocol carries a stop rule and a named metric","existing","P2","W0 BASELINE corrected the brief here: 52/52 protocols state a stop rule and 50/52 name a metric (the brief's '0 of 52' measured collapsed <details>). The real, smaller finding recorded there is that neither is STRUCTURED - they are prose, so nothing can gate or surface them.","OBSERVED FACT","hydrated (W0 baseline)","A stop rule exists but cannot be lifted into the Today surface or the wiki record because it is not a field.","MEDIUM: an unstructured stop rule cannot be rendered in the §6.2 first viewport or enforced by V19-EXE-002's stop-route override.","Content macro","none","high","Every protocol exposes stop_rule and metric as structured fields; a build gate fails on a protocol missing either; the first viewport of a linked wiki record can render the stop line from the field."
"V19-STATE-001","§11","Every surface defines loading, empty, no-match, offline, invalid-route/real-404, permission-denied, review-expired, unsafe-blocked, unknown-coverage, stale-version, save-conflict, delete/withdrawal, success, context-expired, moderation-hold, payment states","partial","P2","PRESENT and real: loading (studioLoading/planLoading/profileLoading/meLoading), empty (emptyPlan, 'Nobody has started it yet'), no-match ('Nothing is named this - these mention X', server.js:2648; 'No matches - try another name'), real 404 (server.js:3070), unsafe-blocked (refusals), withdrawal (server.js:1868), success (toast), engine-down ('a 503 studioDown() body carries the sentence a reader has to be shown', site/app.js:779), and an explicit unknown-coverage concept in the safety payload (coverage:{checked,of} with the note that 'an empty warn over 0 checked compounds is not a clearance'). ABSENT: offline, permission-denied, review-expired, stale-version, save-conflict, context-expired, moderation-hold.","OBSERVED FACT","code","Seven of sixteen required states have no implementation anywhere.","MEDIUM: save-conflict and stale-version are the two whose absence can silently lose or stale user data (see V19-BLD-012).","Integrator","V19-BLD-012","high","Each of the sixteen states is reachable and renders what happened, what was preserved and one safe next action; enumerated per surface in a states matrix."
"V19-MEAS-001","§12","Privacy-preserving instrumentation for the 13 named event families; no raw symptoms, medicine names, assessment answers, prescription values or free-text health content to general analytics","partial","P2","Discipline is real: the /solve query 'is never logged and never reaches analytics - it is a symptom description typed by a stranger' (server.js:2632); Cloudflare Web Analytics is cookieless and is the only analytics origin allowed by CSP (server.js:3095-3099). But most §12 event families do not exist because the surfaces do not (builder next-task, publish repair, wiki-to-context return, discussion, Credits, avatar). W1 instrumentation was completed for the surfaces that do exist.","OBSERVED FACT","code","Cannot measure the north star ('weekly returning informed participants in public Core Protocols') because there are no public Core Protocols.","Positive on the exclusion rule; it must survive the new surfaces.","Integrator","V19-COM-001","medium","Each of the 13 families emits an event; a payload sweep proves zero symptom, medicine, assessment-answer or prescription values reach analytics."
"V19-DOC-001","§15 + supplied audits","v1.9 prototypes are prototypes only; no production deployment, migration, indexing change, payment activation or safety-policy change is authorized","existing","P3","Nothing from the v1.9 prototype pack is present in the repo (verified: 0 occurrences of Champion, Credits, Avatar, Marketplace, Money Tree, Community Boost, Tidy map, Fit view, List view, Possible reason, Add to Considering, Active Journey, Coaching Core in site/app.js or server.js). Branch refine/site-wide-2026-08 is clean except this audit/ directory.","OBSERVED FACT","code + git","No unauthorized v1.9 code has shipped.","Positive.","none","none","high","git status shows no product-code change from any v1.9 assessment agent."
